episode,global_step,reward,yield_ton_ha,biomass_g_m2
1,107,-6.57548178029573,0.10425503540039062,17.375839233398438
2,211,-5.479656349937335,0.1572813720703125,26.21356201171875
3,316,-4.698900409582405,0.20483663177490236,34.13943862915039
4,420,-6.555797806078793,0.10820387649536133,18.033979415893555
5,523,-6.561145393779879,0.11174715042114258,18.62452507019043
6,629,-6.587016663700258,0.11317042922973633,18.861738204956055
7,734,-6.351495592875726,0.12500659561157226,20.83443260192871
8,842,-5.211137158695525,0.18684164428710937,31.140274047851562
9,949,-5.150294337433598,0.18789941024780274,31.31656837463379
10,1055,-5.858108231605579,0.15281037139892578,25.468395233154297
11,1156,-5.567444024607542,0.1400075798034668,23.334596633911133
12,1259,-5.84222666752949,0.13749369049072266,22.91561508178711
13,1360,-3.8698912701079733,0.21759283447265626,36.265472412109375
14,1461,-4.392699252568283,0.19675211334228515,32.79201889038086
15,1567,-4.244660049232301,0.22376026153564454,37.29337692260742
16,1669,-6.381110333519287,0.1077927474975586,17.965457916259766
17,1775,-3.6040242355090264,0.24300208282470703,40.50034713745117
18,1884,-6.177705482077728,0.1448763198852539,24.146053314208984
19,1992,-6.340910540456453,0.1432305908203125,23.87176513671875
20,2098,-4.547971038017418,0.20848725128173828,34.74787521362305
21,2206,-4.023023746479057,0.23632239532470703,39.38706588745117
22,2314,-4.0980112143157985,0.2299563217163086,38.326053619384766
23,2419,-3.2948263348609057,0.25747428131103517,42.91238021850586
24,2531,-3.065599950791616,0.2802286605834961,46.704776763916016
25,2638,-4.547045023069713,0.20624388885498046,34.37398147583008
26,2745,2.4496780915157026,0.5358236846923828,89.30394744873047
27,2849,-4.625417057472976,0.19073762512207032,31.78960418701172
28,2953,-3.140488517185146,0.25759732818603515,42.93288803100586
29,3062,-3.168243766999778,0.26503868865966795,44.17311477661133
30,3164,-4.796506547380215,0.17933393096923828,29.888988494873047
31,3269,-0.7910879489884293,0.36929679107666014,61.54946517944336
32,3379,0.8919290188235398,0.47511456298828125,79.18576049804688
33,3482,-4.137861254445052,0.20968343353271485,34.94723892211914
34,3588,-4.838266113457236,0.19097377395629883,31.828962326049805
35,3701,0.6942185988236365,0.46552166748046875,77.58694458007812
36,3806,-4.276581981994863,0.20536317443847657,34.227195739746094
37,3907,-5.386511119104753,0.15761585998535158,26.269309997558594
38,4013,-4.5349615911396555,0.2043600082397461,34.060001373291016
39,4121,-2.3115981045633607,0.3009768905639648,50.16281509399414
40,4234,2.466521464328027,0.5460758972167968,91.01264953613281
41,4343,0.7071712838384141,0.4579570770263672,76.32617950439453
42,4450,-3.9617519811001998,0.23307078552246094,38.845130920410156
43,4547,-6.981146208879843,0.07683049964904785,12.805083274841309
44,4655,-3.1756471129612285,0.2742677536010742,45.7112922668457
45,4769,0.2536810864270649,0.4538599090576172,75.64331817626953
46,4875,-1.5807023005253955,0.33884490966796876,56.474151611328125
47,4983,-1.5229820055142056,0.3371959533691406,56.19932556152344
48,5091,-4.25845493133734,0.22678843688964845,37.798072814941406
49,5199,-1.9059703036000302,0.34423704528808596,57.372840881347656
50,5306,-4.0260627287710795,0.23998995208740234,39.99832534790039
51,5411,-5.822762919341547,0.1495500068664551,24.92500114440918
52,5519,0.9816702868234071,0.46752452087402346,77.9207534790039
53,5628,-2.776131087719948,0.2938707275390625,48.97845458984375
54,5743,1.5072103195331699,0.515108413696289,85.85140228271484
55,5851,-2.995367898821541,0.28420209503173827,47.36701583862305
56,5959,-1.679253163304211,0.34740921020507814,57.90153503417969
57,6067,-2.5794783636674654,0.29451802825927736,49.08633804321289
58,6169,-6.865925201376911,0.09237351608276367,15.395586013793945
59,6276,3.373693021198206,0.5727399444580078,95.45665740966797
60,6388,1.3466344528686556,0.5123439788818359,85.39066314697266
61,6495,-1.137992166658959,0.3648863525390625,60.81439208984375
62,6608,3.379155639887159,0.5875294647216797,97.92157745361328
63,6719,-0.694725580767594,0.39452664184570313,65.75444030761719
64,6828,0.047515404105659576,0.417242431640625,69.5404052734375
65,6942,2.893631706354801,0.5744775695800781,95.74626159667969
66,7054,2.9089680374690383,0.5658620452880859,94.31034088134766
67,7167,7.038709828076038,0.7751956787109375,129.19927978515625
68,7285,12.768510590343341,1.0299791564941407,171.66319274902344
69,7401,12.650346684863662,1.0318036193847657,171.96726989746094
70,7511,-1.0417003142449353,0.3782702407836914,63.045040130615234
71,7616,-2.591666825115654,0.29340582275390625,48.900970458984375
72,7725,-2.2595266194872914,0.3196006622314453,53.26677703857422
73,7833,-1.1083975805974557,0.3763070983886719,62.71784973144531
74,7943,-2.055996172202453,0.3306442337036133,55.10737228393555
75,8058,4.36278505329631,0.6548161010742187,109.13601684570312
76,8170,4.74201194018395,0.6576297912597656,109.60496520996094
77,8281,5.022211180799457,0.6582318420410156,109.70530700683594
78,8394,10.399194245159961,0.9325449829101562,155.42416381835938
79,8506,5.192250508034282,0.6674801788330078,111.24669647216797
80,8615,11.306458796797678,0.9495287475585937,158.25479125976562
81,8725,0.3799408615963842,0.44381982421875,73.969970703125
82,8837,4.051242109203393,0.6208213806152344,103.47023010253906
83,8944,5.555473224796484,0.6783707427978516,113.0617904663086
84,9061,15.465340430400541,1.1680203552246093,194.67005920410156
85,9171,2.38057759422559,0.5339407653808593,88.99012756347656
86,9282,5.9678658847091235,0.7191780853271484,119.8630142211914
87,9392,4.2814837469458595,0.6253473358154297,104.22455596923828
88,9507,16.432002872762776,1.204931396484375,200.8218994140625
89,9621,6.428009802104808,0.7507569580078125,125.12615966796875
90,9729,1.9562172264869675,0.5196492462158203,86.60820770263672
91,9839,6.538772528833547,0.7372059173583985,122.8676528930664
92,9952,1.4158475891642661,0.5104930114746093,85.08216857910156
93,10064,1.3683088943719093,0.4954812927246094,82.58021545410156
94,10176,9.976983429034457,0.9025431518554687,150.42385864257812
95,10289,7.474937284929847,0.7784193420410156,129.73655700683594
96,10404,8.603509027572604,0.8535658264160156,142.26097106933594
97,10520,18.616672448159726,1.3130313720703124,218.83856201171875
98,10633,10.865928942607379,0.9438251037597656,157.30418395996094
99,10746,8.73467367133692,0.857792724609375,142.9654541015625
100,10858,9.365751686542744,0.8719996032714844,145.33326721191406
101,10968,9.190872080870086,0.8614800109863281,143.5800018310547
102,11081,10.736212191964313,0.9462550048828124,157.70916748046875
103,11201,24.712722501455904,1.5826887817382813,263.7814636230469
104,11312,5.971531998598259,0.6993703308105469,116.56172180175781
105,11422,6.5652270578440834,0.7448264007568359,124.13773345947266
106,11536,5.268600166350968,0.6943731536865234,115.7288589477539
107,11654,16.625661421931696,1.2170841064453124,202.84735107421875
108,11768,7.347621951867973,0.7831227722167968,130.5204620361328
109,11886,16.648809447977097,1.2256441040039063,204.27401733398438
110,11991,3.9754976456725437,0.610908920288086,101.81815338134766
111,12105,10.938883577095595,0.9520280456542969,158.6713409423828
112,12218,2.1564630050323266,0.5365581207275391,89.42635345458984
113,12336,4.823369163746935,0.6856394348144531,114.27323913574219
114,12453,12.977457926720955,1.0379382019042969,172.9897003173828
115,12569,5.523051854806376,0.7076768188476562,117.94613647460938
116,12687,11.724368278248988,0.99285791015625,165.476318359375
117,12801,16.49870844099859,1.19537109375,199.228515625
118,12915,14.468830104308527,1.1118706970214844,185.31178283691406
119,13035,22.577224522803697,1.4876067810058593,247.93446350097656
120,13155,15.668211658894087,1.1698877563476562,194.98129272460938
121,13265,4.2474403125232865,0.6378506469726563,106.30844116210938
122,13385,25.507485824293816,1.6228978271484376,270.48297119140625
123,13500,16.672600918510135,1.217515869140625,202.9193115234375
124,13620,18.97679797768845,1.3251702575683593,220.86170959472656
125,13737,13.393583219388901,1.0799364624023438,179.98941040039062
126,13856,10.17858011948655,0.9310159606933593,155.16932678222656
127,13973,14.682508370061608,1.129275146484375,188.2125244140625
128,14089,10.943016894939216,0.9610487365722656,160.17478942871094
129,14206,18.246523884587436,1.2961045532226563,216.01742553710938
130,14321,9.026670869710731,0.8671459350585937,144.52432250976562
131,14438,20.598981677734415,1.391161376953125,231.8602294921875
132,14558,25.475643511987695,1.610103515625,268.3505859375
133,14672,8.152919872762588,0.8266803588867188,137.78005981445312
134,14792,31.12698086735733,1.8721007080078125,312.01678466796875
135,14912,24.63705010036039,1.5829004516601564,263.8167419433594
136,15028,20.556063734645328,1.3810177001953126,230.16961669921875
137,15148,22.420866870559816,1.4692786560058593,244.87977600097656
138,15267,19.722242962946673,1.3539425354003907,225.65708923339844
139,15386,26.1556549471755,1.6480416870117187,274.6736145019531
140,15506,30.288330148669452,1.84239111328125,307.065185546875
141,15626,25.828181685631915,1.6409426879882814,273.4904479980469
142,15740,13.116502944757748,1.053571563720703,175.5952606201172
143,15859,23.665102754575212,1.5458560180664063,257.6426696777344
144,15978,28.622346724529145,1.7593765869140625,293.22943115234375
145,16096,22.578438689504864,1.4895414733886718,248.2569122314453
146,16213,20.720663853454614,1.4034841918945313,233.91403198242188
147,16333,19.100581815309337,1.3341213684082032,222.3535614013672
148,16453,29.699396484765842,1.8232626342773437,303.8771057128906
149,16573,33.60456444495736,1.9745791625976563,329.0965270996094
150,16690,23.13957564111769,1.5028385009765626,250.47308349609375
151,16810,28.223149097451717,1.7340686645507812,289.0114440917969
152,16930,27.495495284773558,1.7149092407226563,285.8182067871094
153,17047,21.305129912066665,1.4249063415527343,237.48439025878906
154,17165,22.774305229083623,1.5012122497558593,250.20204162597656
155,17285,40.20161705747795,2.284266540527344,380.7110900878906
156,17405,37.801767288788476,2.1624548950195313,360.4091491699219
157,17525,28.495790080957804,1.7588805541992187,293.1467590332031
158,17645,24.8622452651524,1.5803637084960938,263.3939514160156
159,17765,27.064454539671676,1.6919877319335936,281.9979553222656
160,17879,18.774995082707974,1.3076858825683593,217.94764709472656
161,17999,37.20121274511244,2.137998046875,356.3330078125
162,18115,27.119664859915734,1.6886698608398438,281.4449768066406
163,18235,35.460853012274654,2.0624295043945313,343.7382507324219
164,18350,16.7811706400795,1.2238504943847657,203.97508239746094
165,18470,25.211371784015032,1.6055394287109375,267.58990478515625
166,18590,45.7173598339335,2.501638366699219,416.9397277832031
167,18710,38.59904662535115,2.198759033203125,366.4598388671875
168,18830,26.666616299228156,1.67765771484375,279.609619140625
169,18950,46.80045673478441,2.567090881347656,427.8484802246094
170,19070,34.09625360916502,1.9867371826171876,331.12286376953125
171,19190,29.896108418865424,1.8068413696289063,301.1402282714844
172,19310,23.8279214084584,1.5396388549804687,256.6064758300781
173,19430,41.05865797787614,2.3189657592773436,386.4942932128906
174,19550,45.488895148074654,2.509988525390625,418.3314208984375
175,19670,47.45004460418111,2.5896824340820315,431.6137390136719
176,19790,35.68402600039691,2.0739926147460936,345.6654357910156
177,19910,39.091114587854285,2.226576232910156,371.0960388183594
178,20030,41.11777879060267,2.3000958251953123,383.34930419921875
179,20150,21.876257571468425,1.4678577575683593,244.64295959472656
180,20269,27.028872007921773,1.6870726318359375,281.17877197265625
181,20389,27.60144830430315,1.7038623046875,283.97705078125
182,20509,35.987261813928356,2.0756493530273437,345.9415588378906
183,20629,31.863390338737606,1.904232421875,317.3720703125
184,20749,38.785902453282,2.2118457641601563,368.6409606933594
185,20869,38.13750898776932,2.1836057739257813,363.9342956542969
186,20989,37.14784737478817,2.1247335205078124,354.12225341796875
187,21109,36.26245886907179,2.0839178466796877,347.31964111328125
188,21229,42.047997850816,2.343856201171875,390.6427001953125
189,21349,33.302713237332824,1.9640667114257813,327.3444519042969
190,21469,51.45210390071694,2.7776889038085937,462.9481506347656
191,21589,35.778897695258635,2.0739065551757814,345.6510925292969
192,21709,32.6898446930272,1.9301566772460939,321.6927795410156
193,21829,40.674433501087734,2.3091209106445314,384.8534851074219
194,21949,39.928621399334816,2.2540292358398437,375.6715393066406
195,22069,42.088996179447676,2.351744384765625,391.9573974609375
196,22189,47.149863892493414,2.5776591796875,429.60986328125
197,22309,47.48887305369312,2.600370666503906,433.3951110839844
198,22429,45.23555020568821,2.487941711425781,414.6569519042969
199,22549,31.675056312119754,1.9012626342773438,316.8771057128906
200,22669,47.15304651654274,2.591193603515625,431.8656005859375
201,22789,45.37167418844785,2.513938293457031,418.9897155761719
202,22909,39.48410486974725,2.237880432128906,372.9800720214844
203,23029,46.475622533760635,2.566638610839844,427.7731018066406
204,23149,45.5532230188165,2.511957092285156,418.6595153808594
205,23269,43.025690037203034,2.4027176513671873,400.45294189453125
206,23389,41.79799529243791,2.349262390136719,391.5437316894531
207,23509,42.57598552942244,2.3749707641601563,395.8284606933594
208,23629,52.796316453414015,2.837861755371094,472.9769592285156
209,23749,53.39539479380498,2.869991271972656,478.3318786621094
210,23869,52.882966645500126,2.8433265380859374,473.88775634765625
211,23987,34.42342080079471,2.0199475708007815,336.6579284667969
212,24107,48.800103053391474,2.650760925292969,441.7934875488281
213,24227,35.984637834746756,2.0846581420898436,347.4430236816406
214,24347,39.44213601317798,2.2385093994140624,373.08489990234375
215,24467,36.88985336757929,2.1154200439453126,352.57000732421875
216,24587,51.08297884610961,2.76954931640625,461.591552734375
217,24707,44.85617942202575,2.4800833740234376,413.34722900390625
218,24827,63.672526212699125,3.324079833984375,554.0133056640625
219,24947,51.84581142731121,2.7863886108398437,464.3981018066406
220,25067,35.17539256639451,2.0417127685546874,340.28546142578125
221,25187,55.72132177072055,2.9674130859375,494.56884765625
222,25307,49.386149599795104,2.6829230346679687,447.1538391113281
223,25427,55.815298144815316,2.961904541015625,493.6507568359375
224,25547,49.23094310366943,2.6623934326171876,443.73223876953125
225,25667,45.33450018582033,2.4868201904296874,414.47003173828125
226,25787,60.09154899464977,3.172184326171875,528.6973876953125
227,25907,44.64257106854388,2.47503076171875,412.505126953125
228,26027,48.27454913566551,2.6214171752929687,436.9028625488281
229,26147,40.87711814679039,2.3126400146484376,385.44000244140625
230,26267,46.2689957897495,2.533072998046875,422.1788330078125
231,26387,53.85254448526185,2.887257019042969,481.2095031738281
232,26507,41.04196343941064,2.305902099609375,384.3170166015625
233,26627,42.476933363465534,2.377762756347656,396.2937927246094
234,26747,53.56999358609479,2.876351257324219,479.3918762207031
235,26867,47.97347597048461,2.620080871582031,436.6801452636719
236,26987,57.06429060244329,3.0265521240234374,504.42535400390625
237,27107,54.305914559331434,2.9041080322265627,484.01800537109375
238,27227,46.389298774496915,2.5600426025390624,426.67376708984375
239,27347,55.91184932579018,2.96679052734375,494.465087890625
240,27467,51.05580920839674,2.7538976440429686,458.9829406738281
241,27587,53.00007135218726,2.8409221801757814,473.4870300292969
242,27707,45.48908967275272,2.5171697387695313,419.5282897949219
243,27827,47.394635328593814,2.5979789428710935,432.9964904785156
244,27947,52.09376954811303,2.82188671875,470.314453125
245,28067,57.28446698335874,3.0387068481445314,506.4511413574219
246,28187,54.308728709677496,2.891906982421875,481.9844970703125
247,28307,47.28203632736655,2.5913794555664063,431.8965759277344
248,28427,59.59633921986526,3.15896923828125,526.494873046875
249,28547,56.72249250248678,3.0125425415039064,502.0904235839844
250,28667,49.69882381849791,2.6851571044921876,447.52618408203125
251,28787,56.41134978080637,3.0109044799804687,501.8174133300781
252,28907,52.294162268568485,2.8250174560546877,470.83624267578125
253,29027,61.94303118739998,3.23925146484375,539.875244140625
254,29147,51.39999246549644,2.7719210815429687,461.9868469238281
255,29267,53.339703733907484,2.860821716308594,476.8036193847656
256,29387,41.391908136426494,2.3372666015625,389.54443359375
257,29507,59.100802973621796,3.110947998046875,518.4913330078125
258,29627,51.64858856788979,2.7870635375976565,464.5105895996094
259,29747,48.197297658831175,2.6306737060546874,438.44561767578125
260,29867,52.64399881020614,2.828088684082031,471.3481140136719
261,29987,44.60249267016323,2.4631382446289063,410.5230407714844
262,30107,46.78845360773328,2.569288146972656,428.2146911621094
263,30227,56.29335024869926,2.997807861328125,499.6346435546875
264,30347,56.674636034098,3.0128505249023436,502.1417541503906
265,30467,54.90226887650274,2.9281752319335936,488.0292053222656
266,30587,35.81213009788581,2.0827921142578125,347.13201904296875
267,30707,42.92395928332986,2.4078936767578125,401.31561279296875
268,30827,59.301519258403076,3.1235760498046874,520.5960083007812
269,30947,56.82199614467058,3.0056341552734374,500.93902587890625
270,31067,62.303844851255676,3.2631405029296876,543.8567504882812
271,31187,51.844007232314944,2.7769575805664064,462.8262634277344
272,31307,61.168292607838595,3.2161435546875,536.02392578125
273,31427,63.994000530262745,3.342579345703125,557.0965576171875
274,31547,57.294726840011975,3.0299425048828126,504.99041748046875
275,31667,52.48189317277738,2.82383935546875,470.639892578125
276,31787,52.02060187081279,2.795002990722656,465.8338317871094
277,31907,54.51551188295096,2.8945491943359376,482.42486572265625
278,32027,53.31332784957154,2.866228820800781,477.7048034667969
279,32147,57.30028825861986,3.0434696044921874,507.24493408203125
280,32267,58.391630166693965,3.086864501953125,514.4774169921875
281,32387,53.457830011517466,2.865542724609375,477.5904541015625
282,32507,53.89738687577061,2.8724549560546877,478.74249267578125
283,32627,51.654447245899796,2.7619630737304686,460.3271789550781
284,32747,54.023107447861264,2.8876673583984376,481.27789306640625
285,32867,57.613205033429224,3.0494461669921873,508.24102783203125
286,32987,52.63895387963755,2.8240003051757814,470.6667175292969
287,33107,64.8849356297256,3.37662890625,562.771484375
288,33227,65.4158869258421,3.402856201171875,567.1427001953125
289,33347,56.808145704894,3.0106975708007813,501.7829284667969
290,33467,61.389746884126914,3.213400634765625,535.5667724609375
291,33587,53.13743648568778,2.8594722290039063,476.5787048339844
292,33707,66.31047534126927,3.4500216064453126,575.0036010742188
293,33827,61.15809139558574,3.2080938720703127,534.6823120117188
294,33947,59.01759687837061,3.105144287109375,517.5240478515625
295,34067,68.86174513916355,3.56123876953125,593.539794921875
296,34187,60.50787270306775,3.1799556884765625,529.9926147460938
297,34307,62.513829468569895,3.2616708984375,543.61181640625
298,34427,63.32436195227931,3.303369140625,550.5615234375
299,34547,58.11360174220275,3.071939208984375,511.9898681640625
300,34667,67.08131269239911,3.474916259765625,579.1527099609375
301,34787,59.41413207070737,3.1409798583984374,523.4966430664062
302,34907,62.45374784644736,3.26124462890625,543.540771484375
303,35027,63.57239205398655,3.3063922119140625,551.0653686523438
304,35147,70.9795641622884,3.6556776123046877,609.2796020507812
305,35267,62.681028321406956,3.27377490234375,545.629150390625
306,35387,55.47622723476166,2.9608775024414062,493.4795837402344
307,35507,62.9785627763638,3.2872342529296876,547.8723754882812
308,35627,64.22831340026812,3.362756103515625,560.4593505859375
309,35747,68.14986199090555,3.5213016357421876,586.8836059570312
310,35867,62.671220517027294,3.272996337890625,545.4993896484375
311,35987,57.901706191301386,3.0613201904296874,510.22003173828125
312,36107,59.2614242219536,3.129519287109375,521.5865478515625
313,36227,71.49144275851245,3.665958251953125,610.9930419921875
314,36347,70.78126948208993,3.628228271484375,604.7047119140625
315,36467,65.38953572990518,3.400798828125,566.7998046875
316,36587,60.850119979722976,3.2024033203125,533.73388671875
317,36707,57.01997866705118,3.024221374511719,504.0368957519531
318,36827,68.80663891806599,3.5604810791015624,593.4135131835938
319,36947,70.55091039766984,3.6252359619140626,604.2059936523438
320,37067,69.83189610792047,3.6069517822265627,601.1586303710938
321,37187,66.58798921237987,3.447185302734375,574.5308837890625
322,37307,71.07151525779521,3.6469559326171876,607.8259887695312
323,37427,69.59507818266815,3.5924578857421876,598.7429809570312
324,37547,68.72199207882962,3.5499246826171875,591.6541137695312
325,37667,70.44352746616516,3.6408636474609377,606.8106079101562
326,37787,52.25728155986427,2.812376037597656,468.7293395996094
327,37907,67.78770885361281,3.5067484130859374,584.4580688476562
328,38027,61.36547824612487,3.2079232177734376,534.6538696289062
329,38147,68.87195025526484,3.56217919921875,593.696533203125
330,38267,66.60266584772633,3.454716796875,575.7861328125
331,38387,62.40397767339614,3.2748662109375,545.81103515625
332,38507,72.82916925259937,3.7371075439453123,622.8512573242188
333,38627,55.778638708374814,2.9819571533203124,496.99285888671875
334,38747,67.9915250595326,3.526433349609375,587.7388916015625
335,38867,59.98420584514953,3.1517889404296877,525.2981567382812
336,38987,62.93992554909637,3.2927237548828123,548.7872924804688
337,39107,71.54886904742301,3.67959228515625,613.265380859375
338,39227,77.61010232045506,3.94903564453125,658.172607421875
339,39347,71.12424855023268,3.6477015380859377,607.9502563476562
340,39467,77.68400064724825,3.9487646484375,658.12744140625
341,39587,67.56084634537687,3.4928433837890625,582.1405639648438
342,39707,80.79568479498843,4.0916158447265625,681.9359741210938
343,39827,75.337615564743,3.846287109375,641.0478515625
344,39947,77.02633570381593,3.9252919921875,654.21533203125
345,40067,71.80306973581683,3.6989798583984377,616.4966430664062
346,40187,71.36921384744053,3.66615966796875,611.026611328125
347,40307,61.13784779238273,3.218805908203125,536.4676513671875
348,40427,72.98802875169747,3.73056591796875,621.760986328125
349,40547,70.39930307401343,3.617580322265625,602.9300537109375
350,40667,73.16139346912072,3.744825439453125,624.1375732421875
351,40787,75.17062814971541,3.835166748046875,639.1944580078125
352,40907,70.08863072570769,3.6160059814453125,602.6676635742188
353,41027,70.20811166305126,3.6230390625,603.83984375
354,41147,75.21440463603061,3.8323846435546876,638.7307739257812
355,41267,74.453037234577,3.7951351318359374,632.5225219726562
356,41387,72.70523355227017,3.7236533203125,620.60888671875
357,41507,71.47332477596493,3.67000341796875,611.667236328125
358,41627,70.92782554749328,3.6575277099609376,609.5879516601562
359,41747,78.33781439930908,3.9847115478515627,664.1185913085938
360,41867,72.58065247952133,3.7237005615234375,620.6167602539062
361,41987,78.15471613170516,3.9733040771484376,662.2173461914062
362,42107,68.76832991767951,3.5556881103515625,592.6146850585938
363,42227,61.244487360218,3.2112286376953123,535.2047729492188
364,42347,76.72890781593624,3.911403076171875,651.9005126953125
365,42467,75.88458577941925,3.8636473388671875,643.9412231445312
366,42587,73.71246415548552,3.7754395751953127,629.2399291992188
367,42707,67.85400127750486,3.5209281005859374,586.8213500976562
368,42827,82.64408537273934,4.176700927734375,696.1168212890625
369,42947,62.53752669164053,3.271587890625,545.2646484375
370,43067,72.60860314102193,3.7193353271484373,619.8892211914062
371,43187,69.37118612904446,3.5717845458984376,595.2974243164062
372,43307,75.75545816937012,3.8515557861328125,641.9259643554688
373,43427,73.62272880062699,3.7567291259765625,626.1215209960938
374,43547,65.76158926724335,3.403787109375,567.2978515625
375,43667,75.46215132664966,3.85312353515625,642.187255859375
376,43787,71.50832400021177,3.6650511474609373,610.8418579101562
377,43907,66.45914922775232,3.43627001953125,572.711669921875
378,44027,77.26485343942629,3.9263389892578124,654.3898315429688
379,44147,80.32368816576917,4.070412231445313,678.4020385742188
380,44267,76.53277545776675,3.9023038330078124,650.3839721679688
381,44387,72.95166369004022,3.7413116455078126,623.5519409179688
382,44507,76.5288905379413,3.89776171875,649.626953125
383,44627,79.92387579711261,4.055048583984375,675.8414306640625
384,44747,71.87751911414037,3.676059814453125,612.6766357421875
385,44867,80.08556340435445,4.054880126953125,675.8133544921875
386,44987,80.05172272790658,4.052376708984375,675.3961181640625
387,45107,78.97759102598816,4.003589721679687,667.2649536132812
388,45227,79.76805882202294,4.044717041015625,674.1195068359375
389,45347,81.09273174159198,4.101569458007813,683.5949096679688
390,45467,79.40067201949762,4.029287841796875,671.5479736328125
391,45587,73.58524064385878,3.7680714111328126,628.0119018554688
392,45707,80.65455178609858,4.085628662109375,680.9381103515625
393,45827,73.36092515022766,3.754248046875,625.7080078125
394,45947,71.40205357709692,3.6607218017578127,610.1203002929688
395,46067,76.6153246370636,3.896867431640625,649.4779052734375
396,46187,73.03787325278651,3.7391898193359374,623.1983032226562
397,46307,84.90038095876926,4.28599951171875,714.333251953125
398,46427,72.03473646487399,3.7052471923828123,617.5411987304688
399,46547,81.38136905286903,4.108081420898437,684.6802368164062
400,46667,72.65202604695018,3.7280723876953124,621.3453979492188
401,46787,74.21087651257731,3.807685546875,634.6142578125
402,46907,73.71000787683452,3.7586385498046875,626.4397583007812
403,47027,77.81882574421404,3.9582652587890625,659.7108764648438
404,47147,81.23066671502986,4.111476928710937,685.2461547851562
405,47267,79.2339797915669,4.012882690429688,668.8137817382812
406,47387,78.383322585653,3.970812744140625,661.8021240234375
407,47507,78.29256001263398,3.9844024658203123,664.0670776367188
408,47627,78.32909670245398,3.973775390625,662.2958984375
409,47747,83.39477538389481,4.203791748046875,700.6319580078125
410,47867,73.75281267142111,3.7898056640625,631.63427734375
411,47987,80.26563257447415,4.070446655273438,678.4077758789062
412,48107,82.69586643908308,4.178973266601562,696.4955444335938
413,48227,78.18097118437144,3.9757939453125,662.63232421875
414,48347,80.03344030991953,4.055073852539063,675.8456420898438
415,48467,79.2750841151038,4.019980224609375,669.9967041015625
416,48587,81.89202777215664,4.134040283203125,689.0067138671875
417,48707,63.061162151526716,3.2897486572265624,548.2914428710938
418,48827,74.57408792383006,3.803332763671875,633.8887939453125
419,48947,82.0499810753679,4.1453056640625,690.88427734375
420,49067,72.51893134692678,3.7112442626953124,618.5407104492188
421,49187,82.40091962474057,4.170233642578125,695.0389404296875
422,49307,76.9266636741812,3.91591259765625,652.652099609375
423,49427,69.9202743333667,3.6000556640625,600.00927734375
424,49547,83.96579046149233,4.221214965820312,703.5358276367188
425,49667,84.52665799157685,4.257511962890625,709.5853271484375
426,49787,87.19071805501738,4.379327270507813,729.8878784179688
427,49907,81.8532233969791,4.137156372070312,689.5260620117188
428,50027,77.0891016736871,3.92450390625,654.083984375
429,50147,85.23542910608008,4.283011962890625,713.8353271484375
430,50267,71.69931920265105,3.6792337646484374,613.2056274414062
431,50387,87.34575732912359,4.380274658203125,730.0457763671875
432,50507,82.2258071048607,4.158791015625,693.1318359375
433,50627,81.3176867588014,4.110861694335937,685.1436157226562
434,50747,83.88736273020545,4.225035278320313,704.1725463867188
435,50867,87.76940915971127,4.392043579101562,732.0072631835938
436,50987,74.00610969425021,3.7720689697265626,628.6781616210938
437,51107,83.27108315695997,4.20088330078125,700.147216796875
438,51227,82.36096146469825,4.17705908203125,696.176513671875
439,51347,83.13774606117641,4.175611083984375,695.9351806640625
440,51467,91.33146805110181,4.568016723632812,761.3361206054688
441,51587,89.2227417726088,4.45427783203125,742.379638671875
442,51707,85.25488701708466,4.29351708984375,715.586181640625
443,51827,86.62789292195893,4.3362271728515625,722.7045288085938
444,51947,81.18252898861957,4.10299951171875,683.833251953125
445,52067,82.02953025458363,4.1348642578125,689.14404296875
446,52187,85.11089521229232,4.282469970703125,713.7449951171875
447,52307,92.0232225674875,4.590926147460937,765.1543579101562
448,52427,92.76578531808937,4.620328857421875,770.0548095703125
449,52547,87.75927893299182,4.404855834960937,734.1426391601562
450,52667,81.34460785947462,4.1113330078125,685.22216796875
451,52787,90.68093078040275,4.534542846679687,755.7571411132812
452,52907,86.78821439628061,4.36482421875,727.470703125
453,53027,78.38730077221989,3.975859130859375,662.6431884765625
454,53147,85.76862839709992,4.310309326171875,718.3848876953125
455,53267,87.12449310131997,4.366907592773438,727.8179321289062
456,53387,90.01162903949441,4.494261108398438,749.0435180664062
457,53507,85.97918584330148,4.3096029052734375,718.2671508789062
458,53627,81.15698171262272,4.105853759765625,684.3089599609375
459,53747,90.44037768382576,4.52149951171875,753.583251953125
460,53867,84.3539971427846,4.241232421875,706.8720703125
461,53987,92.05983067581124,4.590720703125,765.1201171875
462,54107,78.68161237661391,3.9843109130859373,664.0518188476562
463,54227,79.24123957486074,4.02533935546875,670.889892578125
464,54347,87.04529175436659,4.36993798828125,728.322998046875
465,54467,89.23693770385624,4.46316796875,743.861328125
466,54587,85.2036550330767,4.273628173828125,712.2713623046875
467,54707,90.71152067901019,4.519801391601563,753.3002319335938
468,54827,91.32424680158223,4.559666748046875,759.9444580078125
469,54947,89.98775705831444,4.49491845703125,749.153076171875
470,55067,94.16426669599217,4.682480346679688,780.4133911132812
471,55187,80.46146739657611,4.0807430419921875,680.1238403320312
472,55307,87.5999746115547,4.405550903320313,734.2584838867188
473,55427,85.21465433257426,4.278207641601562,713.0346069335938
474,55547,82.25109681854212,4.152973022460937,692.1621704101562
475,55667,93.88143878514117,4.67311669921875,778.852783203125
476,55787,91.77541456793675,4.5756474609375,762.60791015625
477,55907,84.14465943284209,4.22396630859375,703.994384765625
478,56027,89.62328911347221,4.474433715820313,745.7389526367188
479,56147,89.91365450723313,4.488709716796875,748.1182861328125
480,56267,88.6611128515455,4.4403193359375,740.05322265625
481,56387,81.72166904445587,4.104875244140625,684.1458740234375
482,56507,88.23000551776406,4.411312866210937,735.2188110351562
483,56627,89.5928568776033,4.468668823242187,744.7781372070312
484,56747,92.27333105417719,4.601461669921875,766.9102783203125
485,56867,90.61356053329506,4.51978564453125,753.297607421875
486,56987,82.18347894500128,4.151820922851562,691.9701538085938
487,57107,96.10138449802885,4.7747691650390625,795.7948608398438
488,57227,98.65411239226948,4.886923095703125,814.4871826171875
489,57347,92.60685804966762,4.6032388916015625,767.2064819335938
490,57467,89.70497087814856,4.47740478515625,746.234130859375
491,57587,84.02117720501872,4.2254619140625,704.24365234375
492,57707,89.40590758139838,4.4732164306640625,745.5360717773438
493,57827,95.86537020512806,4.771698486328125,795.2830810546875
494,57947,89.72262893451995,4.474038208007813,745.6730346679688
495,58067,91.41147734575758,4.556817993164063,759.4696655273438
496,58187,97.47889393957959,4.8426826171875,807.11376953125
497,58307,91.34555761861978,4.549927734375,758.3212890625
498,58427,96.4532418292906,4.784931884765625,797.4886474609375
499,58547,89.96715787517661,4.487954956054687,747.9924926757812
500,58667,97.43427623413098,4.84001953125,806.669921875
501,58787,96.08385362029937,4.7737188720703125,795.6198120117188
502,58907,96.06078907252792,4.760230590820313,793.3717651367188
503,59027,96.18874628262638,4.769698608398437,794.9497680664062
504,59147,92.63792725707232,4.61544580078125,769.240966796875
505,59267,94.7971793347085,4.704124145507812,784.0206909179688
506,59387,93.45749440688793,4.652132080078125,775.3553466796875
507,59507,87.83041037856123,4.408911987304688,734.8186645507812
508,59627,93.4247730893396,4.6437275390625,773.95458984375
509,59747,92.59053206383902,4.612117309570312,768.6862182617188
510,59867,99.05366349035369,4.8979559326171875,816.3259887695312
511,59987,96.20216273480827,4.771597412109375,795.2662353515625
512,60107,102.64171430711953,5.074684936523438,845.7808227539062
513,60227,88.00244229059396,4.40520849609375,734.201416015625
514,60347,95.86781972859487,4.76935986328125,794.893310546875
515,60467,91.77301787512492,4.573106323242188,762.1843872070312
516,60587,91.40277276807026,4.567287231445312,761.2145385742188
517,60707,92.52758196460638,4.59899267578125,766.498779296875
518,60827,96.83801650664726,4.807625244140625,801.2708740234375
519,60947,94.4104476797742,4.7025322265625,783.75537109375
520,61067,98.0870513604101,4.864500366210938,810.7500610351562
521,61187,93.748661039218,4.670284423828125,778.3807373046875
522,61307,99.46336169554776,4.924068969726562,820.6781616210938
523,61427,87.67885613930622,4.38795263671875,731.325439453125
524,61547,84.94625558813199,4.268004272460938,711.3340454101562
525,61667,97.53713328250377,4.83796435546875,806.327392578125
526,61787,98.98992951109275,4.9122509765625,818.70849609375
527,61907,99.82684788228447,4.944502807617187,824.0838012695312
528,62027,87.31261828333822,4.378457885742187,729.7429809570312
529,62147,92.16144677861931,4.588532592773437,764.7554321289062
530,62267,88.96425239275173,4.442945434570312,740.4909057617188
531,62387,97.23463988411049,4.815968627929688,802.6614379882812
532,62507,95.83040351074912,4.758589965820312,793.0983276367188
533,62627,89.45257799204126,4.465232299804687,744.2053833007812
534,62747,98.71969876251347,4.8831240234375,813.85400390625
535,62867,100.4801038920279,4.964239013671875,827.3731689453125
536,62987,94.38493856498775,4.6983662109375,783.06103515625
537,63107,95.66937976959176,4.754868530273438,792.4780883789062
538,63227,95.138019799382,4.736254028320312,789.3756713867188
539,63347,95.46660238051255,4.745015258789063,790.8358764648438
540,63467,93.45976955334966,4.646625,774.4375
541,63587,94.14921865065774,4.6813377685546875,780.2229614257812
542,63707,92.83156867111589,4.625640014648438,770.9400024414062
543,63827,92.63995199161013,4.613700439453125,768.9500732421875
544,63947,87.97667110345492,4.40497265625,734.162109375
545,64067,102.76129867169054,5.072041625976563,845.3402709960938
546,64187,80.79981921429209,4.0873480224609375,681.2246704101562
547,64307,89.97053965666287,4.499703369140625,749.9505615234375
548,64427,98.53012289396403,4.880390991210938,813.3984985351562
549,64547,97.15352763525802,4.822984497070313,803.8307495117188
550,64667,96.25265969841382,4.782202880859375,797.0338134765625
551,64787,101.72885891163946,5.030373413085938,838.3955688476562
552,64907,99.18259338755914,4.907063232421875,817.8438720703125
553,65027,98.66273119337114,4.888423095703125,814.7371826171875
554,65147,97.96587376887163,4.85769580078125,809.615966796875
555,65267,97.07550011948564,4.811223999023437,801.8706665039062
556,65387,87.76403368324887,4.389632080078125,731.6053466796875
557,65507,95.97364219198269,4.764116088867188,794.0193481445312
558,65627,90.12564680653907,4.499785400390625,749.9642333984375
559,65747,102.3241391295725,5.0426689453125,840.44482421875
560,65867,97.24917540990742,4.817031005859375,802.8385009765625
561,65987,95.27351507509174,4.752033325195312,792.0055541992188
562,66107,97.16956872888936,4.82106298828125,803.510498046875
563,66227,103.64070287558415,5.120103149414063,853.3505249023438
564,66347,95.45679197696975,4.738455322265625,789.7425537109375
565,66467,97.95173391941596,4.855386474609375,809.2310791015625
566,66587,98.42342383028141,4.87820947265625,813.034912109375
567,66707,97.69807378060663,4.84902978515625,808.171630859375
568,66827,98.4062946315442,4.874844360351562,812.4740600585938
569,66947,100.4646621358678,4.966348754882812,827.7247924804688
570,67067,95.85439336536102,4.759338500976562,793.2230834960938
571,67187,101.33693986412464,5.019738647460938,836.6231079101562
572,67307,92.79323467551805,4.614112426757813,769.0187377929688
573,67427,93.79641431064087,4.66657763671875,777.762939453125
574,67547,101.36679457626136,5.007050537109375,834.5084228515625
575,67667,96.86662030142627,4.807953002929687,801.3255004882812
576,67787,96.13108859411564,4.763080444335937,793.8467407226562
577,67907,102.51883219068957,5.057894897460938,842.9824829101562
578,68027,95.38609572362864,4.7330782470703125,788.8463745117188
579,68147,95.95605086329644,4.763716186523437,793.9526977539062
580,68267,100.8395750349318,4.993060180664062,832.1766967773438
581,68387,98.9133013642525,4.905267333984375,817.5445556640625
582,68507,99.9727327905407,4.949432006835938,824.9053344726562
583,68627,95.9649689688679,4.770846313476563,795.1410522460938
584,68747,99.78692584863407,4.945112915039062,824.1854858398438
585,68867,97.9780631217998,4.8557193603515625,809.2865600585938
586,68987,100.70455409864655,4.978118408203125,829.6864013671875
587,69107,99.8956708700006,4.942513916015625,823.7523193359375
588,69227,104.79291973158145,5.164052490234375,860.6754150390625
589,69347,94.72754612634832,4.70672607421875,784.454345703125
590,69467,104.10730861517433,5.132433471679687,855.4055786132812
591,69587,99.50456803216909,4.923854370117187,820.6423950195312
592,69707,96.70275323356142,4.808802612304688,801.4671020507812
593,69827,100.73513069697556,4.9792939453125,829.88232421875
594,69947,99.47716533369923,4.927172241210937,821.1953735351562
595,70067,90.95704642919058,4.547678833007812,757.9464721679688
596,70187,103.62983880338358,5.119015869140625,853.1693115234375
597,70307,95.31786584520398,4.742208251953125,790.3680419921875
598,70427,97.07950457324388,4.812873779296875,802.1456298828125
599,70547,103.7994985233283,5.119852294921875,853.3087158203125
600,70667,97.56775007855097,4.843036743164062,807.1727905273438
601,70787,102.03112154947749,5.046340209960937,841.0567016601562
602,70907,85.35839511054242,4.297846801757813,716.3078002929688
603,71027,94.3812421970559,4.695869750976563,782.6449584960938
604,71147,101.47685528379517,5.024123291015625,837.3538818359375
605,71267,99.31999570094834,4.911884033203125,818.6473388671875
606,71387,98.54068881151721,4.886724609375,814.4541015625
607,71507,99.11484079824032,4.922109008789063,820.3515014648438
608,71627,100.23584735808103,4.957963989257813,826.3273315429688
609,71747,97.45274481261623,4.832697875976563,805.4496459960938
610,71867,97.56495106900874,4.8338338623046875,805.6389770507812
611,71987,96.83504164885525,4.8075714111328125,801.2619018554688
612,72107,96.96406175188683,4.8152314453125,802.53857421875
613,72227,108.33779552876751,5.32552880859375,887.588134765625
614,72347,106.24236468867664,5.236181396484375,872.6968994140625
615,72467,100.47680999872685,4.975509155273437,829.2515258789062
616,72587,98.3579353555032,4.874087768554688,812.3479614257812
617,72707,102.64884545352399,5.066590942382812,844.4318237304688
618,72827,103.03821149785995,5.084681762695313,847.4469604492188
619,72947,97.73216082325116,4.84540869140625,807.568115234375
620,73067,96.85765818755786,4.81820361328125,803.033935546875
621,73187,95.24421976028039,4.7313035888671875,788.5505981445312
622,73307,106.25896124402377,5.232309448242187,872.0515747070312
623,73427,100.44079754748174,4.97457568359375,829.095947265625
624,73547,99.01288617524662,4.909654541015625,818.2757568359375
625,73667,88.87637418728706,4.463186645507813,743.8644409179688
626,73787,104.60573066243023,5.158100830078125,859.6834716796875
627,73907,103.42564784594626,5.112379028320312,852.0631713867188
628,74027,107.9356901804043,5.300889770507813,883.4816284179688
629,74147,102.44019868526928,5.064541259765625,844.0902099609375
630,74267,102.04063746794708,5.051565673828125,841.9276123046875
631,74387,104.10368581089408,5.137677978515625,856.2796630859375
632,74507,100.03984357217792,4.96842041015625,828.070068359375
633,74627,102.42952548493916,5.072874389648438,845.4790649414062
634,74747,104.29768706746343,5.149041870117188,858.1736450195312
635,74867,101.43999909978818,5.021061767578125,836.8436279296875
636,74987,85.71506515510296,4.316787231445312,719.4645385742188
637,75107,99.2019398303054,4.90883203125,818.138671875
638,75227,101.36441909347167,5.006223999023438,834.3706665039062
639,75347,100.45904183775252,4.96761328125,827.935546875
640,75467,98.7482127976052,4.88855419921875,814.759033203125
641,75587,102.54470110716562,5.069602661132812,844.9337768554688
642,75707,100.58154018229007,4.977923950195312,829.6539916992188
643,75827,98.1562953584118,4.853529052734375,808.9215087890625
644,75947,100.14789084882482,4.944658447265625,824.1097412109375
645,76067,104.68981216554178,5.157078002929688,859.5130004882812
646,76187,106.01168237931813,5.214186767578125,869.0311279296875
647,76307,111.70217701885312,5.476988525390625,912.8314208984375
648,76427,104.3961828090811,5.142564697265625,857.0941162109375
649,76547,99.98032951780164,4.943848754882812,823.9747924804688
650,76667,105.45641465682706,5.189801879882813,864.9669799804688
651,76787,108.9995386231378,5.354545166015625,892.4241943359375
652,76907,99.2140099126019,4.901725708007812,816.9542846679688
653,77027,106.16294768128648,5.219196533203125,869.8660888671875
654,77147,102.20716163667814,5.0506640625,841.77734375
655,77267,109.78425232737455,5.391951416015625,898.6585693359375
656,77387,102.3442772229257,5.05810400390625,843.017333984375
657,77507,103.23761606603675,5.088270629882812,848.0451049804688
658,77627,100.04634256884042,4.943483642578125,823.9139404296875
659,77747,102.12965369186894,5.05496923828125,842.494873046875
660,77867,97.79512894340982,4.860012084960937,810.0020141601562
661,77987,103.02646983988664,5.085123413085937,847.5205688476562
662,78107,104.33896230658038,5.138296875,856.3828125
663,78227,108.84791617398787,5.337036254882812,889.5060424804688
664,78347,103.76684570532734,5.108471923828125,851.4119873046875
665,78467,104.93067457369747,5.165865966796875,860.9776611328125
666,78587,90.92205693778665,4.542421875,757.0703125
667,78707,101.8989354650687,5.029568115234375,838.2613525390625
668,78827,107.30063961534151,5.268723999023438,878.1206665039062
669,78947,103.12472294766599,5.099108276367187,849.8513793945312
670,79067,106.68703141262498,5.24665869140625,874.443115234375
671,79187,93.96300863090629,4.679799682617188,779.9666137695312
672,79307,101.52845603613551,5.008225341796875,834.7042236328125
673,79427,105.20556887930985,5.180432006835938,863.4053344726562
674,79547,110.88796456885972,5.433175048828125,905.5291748046875
675,79667,101.83789566218216,5.033765625,838.9609375
676,79787,106.22427140530017,5.229826904296875,871.6378173828125
677,79907,100.43892572688353,4.97309765625,828.849609375
678,80027,108.85518505726318,5.343436157226562,890.5726928710938
679,80147,107.97493212282026,5.312809204101563,885.4682006835938
680,80267,106.6543774559485,5.248032348632813,874.6720581054688
681,80387,114.26971079816265,5.586666137695312,931.1110229492188
682,80507,104.40412746559021,5.149352416992188,858.2254028320312
683,80627,108.8731597833396,5.342472290039063,890.4120483398438
684,80747,110.85992552380793,5.43370751953125,905.617919921875
685,80867,109.28383807837386,5.3587646484375,893.12744140625
686,80987,104.13910280882044,5.1335299072265625,855.5883178710938
687,81107,111.63181341289904,5.478554809570313,913.0924682617188
688,81227,109.69823910621788,5.380727416992188,896.7879028320312
689,81347,98.49841193087052,4.870226440429687,811.7044067382812
690,81467,105.04630192116306,5.166491088867187,861.0818481445312
691,81587,103.44282529474779,5.100418579101563,850.0697631835938
692,81707,103.05748038625349,5.07445751953125,845.742919921875
693,81827,106.0527290828091,5.20670654296875,867.784423828125
694,81947,105.98524264854382,5.208579345703125,868.0965576171875
695,82067,105.99508038414292,5.216620971679688,869.4368286132812
696,82187,107.63049139342594,5.286105102539063,881.0175170898438
697,82307,111.4058078589856,5.451837890625,908.6396484375
698,82427,106.43613446613037,5.237674438476563,872.9457397460938
699,82547,107.02420953419107,5.258786865234375,876.4644775390625
700,82667,104.47263809757091,5.1451669921875,857.52783203125
701,82787,100.40359447353987,4.972051391601562,828.6752319335938
702,82907,107.99173067286907,5.307882568359375,884.6470947265625
703,83027,104.36222661207537,5.1441005859375,857.35009765625
704,83147,106.57315132020898,5.241690307617188,873.6150512695312
705,83267,106.39337090965914,5.23410205078125,872.350341796875
706,83387,100.27865113705735,4.96225927734375,827.043212890625
707,83507,107.23363266681561,5.272492309570312,878.7487182617188
708,83627,111.74171154886332,5.47088818359375,911.814697265625
709,83747,106.14194179880947,5.2232373046875,870.53955078125
710,83867,113.61536201239215,5.555040161132813,925.8400268554688
711,83987,106.04934834191128,5.228248901367188,871.3748168945312
712,84107,111.17299952203231,5.449865112304687,908.3108520507812
713,84227,107.74908814372637,5.288073852539062,881.3456420898438
714,84347,100.01578010300692,4.942833984375,823.8056640625
715,84467,108.6364700640855,5.340815185546875,890.1358642578125
716,84587,110.1585275415375,5.397322265625,899.5537109375
717,84707,111.41645959677778,5.466431762695312,911.0719604492188
718,84827,111.63946481297288,5.471155151367188,911.8591918945312
719,84947,107.17216768310419,5.262388549804688,877.0647583007812
720,85067,100.6059779454266,4.978911254882813,829.8185424804688
721,85187,104.93565977097431,5.182275512695313,863.7125854492188
722,85307,104.14144479970095,5.126435668945312,854.4059448242188
723,85427,107.76325265068132,5.295440551757813,882.5734252929688
724,85547,106.6884619907077,5.243884643554687,873.9807739257812
725,85667,106.41004165281026,5.233717163085937,872.2861938476562
726,85787,105.18735958814155,5.177120361328125,862.8533935546875
727,85907,107.64025879784992,5.284127563476562,880.6879272460938
728,86027,98.9098592736634,4.88801806640625,814.669677734375
729,86147,106.98594521013153,5.264984252929687,877.4973754882812
730,86267,111.44466998182969,5.447517333984375,907.9195556640625
731,86387,111.18828766017359,5.453375244140625,908.8958740234375
732,86507,103.3555388143218,5.093774780273438,848.9624633789062
733,86627,110.29196245748119,5.406094848632812,901.0158081054688
734,86747,100.23637543082937,4.942682006835938,823.7803344726562
735,86867,107.67851970198559,5.289636474609375,881.6060791015625
736,86987,103.44321319962347,5.0974951171875,849.58251953125
737,87107,111.15085232615738,5.441782104492187,906.9636840820312
738,87227,106.10234106319359,5.218382080078125,869.7303466796875
739,87347,107.95405722643427,5.29670361328125,882.783935546875
740,87467,112.42465306390076,5.491636596679688,915.2727661132812
741,87587,107.81604104649166,5.3095242919921875,884.9207153320312
742,87707,103.02241894266841,5.075509643554687,845.9182739257812
743,87827,107.1006878917103,5.2607618408203125,876.7936401367188
744,87947,110.25473488386605,5.40238916015625,900.398193359375
745,88067,107.37216748464301,5.274186767578125,879.0311279296875
746,88187,106.56808125151802,5.2384775390625,873.07958984375
747,88307,103.17430467603786,5.082930908203125,847.1551513671875
748,88427,103.02171614363084,5.073630249023437,845.6050415039062
749,88547,109.54279840089939,5.376714111328125,896.1190185546875
750,88667,104.39117619050793,5.136453002929687,856.0755004882812
751,88787,106.5833446993528,5.23864892578125,873.108154296875
752,88907,103.26913417499709,5.083534790039063,847.2557983398438
753,89027,103.84581512229893,5.1130133056640625,852.1688842773438
754,89147,107.9844490099683,5.287676879882812,881.2794799804688
755,89267,104.38501572142293,5.13701953125,856.169921875
756,89387,104.62329507458952,5.1495498046875,858.25830078125
757,89507,111.93360282420977,5.472359619140625,912.0599365234375
758,89627,109.73285177566561,5.374794067382813,895.7990112304688
759,89747,106.31362942947386,5.219259155273438,869.8765258789062
760,89867,109.30748802458433,5.35143896484375,891.906494140625
761,89987,108.51406486735578,5.32999658203125,888.332763671875
762,90107,107.24951465169949,5.2699302978515625,878.3217163085938
763,90227,112.33066423667464,5.489923828125,914.9873046875
764,90347,106.46755950617413,5.226580444335937,871.0967407226562
765,90467,108.86716363847451,5.342365356445312,890.3942260742188
766,90587,105.84605603732913,5.2059869384765625,867.6644897460938
767,90707,108.30212667996489,5.312577026367188,885.4295043945312
768,90827,111.14420820752157,5.44525341796875,907.542236328125
769,90947,107.54193914036203,5.285693115234375,880.9488525390625
770,91067,111.60077554736085,5.468221801757813,911.3703002929688
771,91187,108.8093924126557,5.336570068359375,889.4283447265625
772,91307,108.05506965309387,5.303716918945312,883.9528198242188
773,91427,109.16336528816679,5.353010009765625,892.1683349609375
774,91547,113.65326873005885,5.5578427734375,926.30712890625
775,91667,108.68803403301004,5.332080688476562,888.6801147460938
776,91787,106.19115063491061,5.2243330078125,870.72216796875
777,91907,108.3457210685497,5.323186889648437,887.1978149414062
778,92027,107.68122452857074,5.285816162109375,880.9693603515625
779,92147,102.25644569928326,5.043626586914063,840.6044311523438
780,92267,106.84578425003322,5.239937622070313,873.3229370117188
781,92387,109.28160658654187,5.352427368164062,892.0712280273438
782,92507,105.0444620921397,5.168747314453125,861.4578857421875
783,92627,109.07270463343653,5.344923706054687,890.8206176757812
784,92747,109.4999738788893,5.367140625,894.5234375
785,92867,112.61175937761007,5.515437377929688,919.2395629882812
786,92987,107.44300751168522,5.280234741210937,880.0391235351562
787,93107,108.86711112588658,5.337463256835938,889.5772094726562
788,93227,99.51942436479307,4.911444946289063,818.5741577148438
789,93347,109.50317653149173,5.373484130859375,895.5806884765625
790,93467,114.35802180856838,5.594173828125,932.3623046875
791,93587,98.31039824127103,4.854656616210938,809.1094360351562
792,93707,108.05701896955111,5.302908325195313,883.8180541992188
793,93827,115.97740201808246,5.664347534179687,944.0579223632812
794,93947,101.6034815960944,5.018340454101563,836.3900756835938
795,94067,108.97495318924682,5.330225830078125,888.3709716796875
796,94187,110.4802062737509,5.411352172851562,901.8920288085938
797,94307,108.87230792200049,5.335246948242188,889.2078247070312
798,94427,110.08742767348528,5.388797973632813,898.1329956054688
799,94547,104.33256706984771,5.137839477539062,856.3065795898438
800,94667,110.65133586368628,5.41684423828125,902.807373046875
801,94787,104.63533863140341,5.149991088867187,858.3318481445312
802,94907,108.72438105611566,5.32307958984375,887.179931640625
803,95027,107.10933202418691,5.2555301513671875,875.9216918945312
804,95147,111.91419768141971,5.466443115234375,911.0738525390625
805,95267,110.56817556226736,5.413706176757812,902.2843627929688
806,95387,96.7805041584406,4.788465454101562,798.0775756835938
807,95507,113.62569803102352,5.554941650390625,925.8236083984375
808,95627,115.56759085391789,5.640888061523437,940.1480102539062
809,95747,113.81162783510302,5.567243408203125,927.8739013671875
810,95867,106.4872030048366,5.236114379882813,872.6857299804688
811,95987,112.76865246708482,5.51457275390625,919.095458984375
812,96107,111.97187124673354,5.476257934570312,912.7096557617188
813,96227,108.0375936041321,5.295417114257813,882.5695190429688
814,96347,118.3920418243384,5.771344848632813,961.8908081054688
815,96467,110.1551934138475,5.3927545166015625,898.7924194335938
816,96587,117.71515108213781,5.737709106445313,956.2848510742188
817,96707,107.70238843498907,5.282840698242188,880.4734497070312
818,96827,107.05318174939586,5.258587280273438,876.4312133789062
819,96947,107.41556554723385,5.268394409179687,878.0657348632812
820,97067,107.47822749766198,5.2747998046875,879.13330078125
821,97187,107.18741566562767,5.2695732421875,878.26220703125
822,97307,113.9561258790574,5.566108520507813,927.6847534179688
823,97427,107.0471036633449,5.262216796875,877.0361328125
824,97547,111.35585379664172,5.45316796875,908.861328125
825,97667,111.92658162101593,5.473307373046875,912.2178955078125
826,97787,114.53860660352434,5.59181396484375,931.968994140625
827,97907,111.63996396730514,5.457919555664063,909.6532592773438
828,98027,108.62428702618642,5.329639892578125,888.2733154296875
829,98147,109.99402204493892,5.3890107421875,898.16845703125
830,98267,106.12518580131854,5.217198120117187,869.5330200195312
831,98387,114.90003469770305,5.6200458984375,936.67431640625
832,98507,107.97163333634174,5.295689208984375,882.6148681640625
833,98627,104.54955420794283,5.144774780273438,857.4624633789062
834,98747,111.55664889890637,5.456412231445312,909.4020385742188
835,98867,111.47270762272561,5.459480712890625,909.9134521484375
836,98987,111.80743718571706,5.470148803710938,911.6914672851562
837,99107,111.9772436857898,5.474220703125,912.3701171875
838,99227,108.57667709419523,5.320111450195313,886.6852416992188
839,99347,111.60637302695598,5.463365478515625,910.5609130859375
840,99467,115.64506543963131,5.651694213867187,941.9490356445312
841,99587,114.4946186962773,5.596861083984375,932.8101806640625
842,99707,112.9470763732113,5.524276611328125,920.7127685546875
843,99827,113.05700037532011,5.52462158203125,920.770263671875
844,99947,110.33189337768385,5.404779052734375,900.7965087890625
845,100067,112.5249813563469,5.498969604492188,916.4949340820312
846,100187,104.976888984538,5.1617149658203125,860.2858276367188
847,100307,112.82795991927837,5.521821166992187,920.3035278320312
848,100427,108.22958458169227,5.31406787109375,885.677978515625
849,100547,106.14166295593233,5.2089166259765625,868.1527709960938
850,100667,110.31225571912583,5.397938232421875,899.6563720703125
851,100787,110.17525895906228,5.3921865234375,898.69775390625
852,100907,106.28512563104175,5.222067993164062,870.3446655273438
853,101027,119.41785268109875,5.816249267578125,969.3748779296875
854,101147,121.56539233445602,5.914401489257813,985.7335815429688
855,101267,109.01977245688525,5.338520141601562,889.7533569335938
856,101387,111.5188209164245,5.4483753662109375,908.0625610351562
857,101507,109.97851656362361,5.385410888671875,897.5684814453125
858,101627,105.1567504089154,5.170679809570313,861.7799682617188
859,101747,108.92337112323094,5.341481323242188,890.2468872070312
860,101867,111.5233405601511,5.458887451171875,909.8145751953125
861,101987,107.13735816310769,5.2655302734375,877.58837890625
862,102107,109.15077798667616,5.347481689453125,891.2469482421875
863,102227,108.43252846433798,5.322793579101562,887.1322631835938
864,102347,111.17232457819168,5.4388623046875,906.47705078125
865,102467,107.59550869689147,5.27876806640625,879.794677734375
866,102587,111.09159758045125,5.435687255859375,905.9478759765625
867,102707,112.8672327665389,5.508005493164062,918.0009155273438
868,102827,114.88890846091644,5.614025390625,935.6708984375
869,102947,103.27309787001988,5.07472998046875,845.788330078125
870,103067,103.50681369251096,5.097511596679688,849.5852661132812
871,103187,108.85621530878782,5.334034790039063,889.0057983398438
872,103307,109.61409561133455,5.3662393798828125,894.3732299804688
873,103427,114.69187507937076,5.612536743164062,935.4227905273438
874,103547,105.3171129600027,5.179928100585937,863.3213500976562
875,103667,112.86646272656563,5.525841796875,920.9736328125
876,103787,112.61827263160959,5.50623046875,917.705078125
877,103907,116.84843368645218,5.700268432617188,950.0447387695312
878,104027,108.10914952955736,5.303466430664063,883.9110717773438
879,104147,106.93718599437823,5.248081787109375,874.6802978515625
880,104267,104.01154904921928,5.118554443359375,853.0924072265625
881,104387,111.96684174522115,5.479998046875,913.3330078125
882,104507,110.96086795941892,5.4250902099609375,904.1817016601562
883,104627,106.41061881172217,5.232417846679687,872.0696411132812
884,104747,113.5387519244722,5.5506829833984375,925.1138305664062
885,104867,114.43557492449588,5.586512329101563,931.0853881835938
886,104987,113.6949730330648,5.561099853515625,926.8499755859375
887,105107,118.36986778380532,5.770631469726562,961.7719116210938
888,105227,104.67083618937424,5.147028442382813,857.8380737304688
889,105347,107.94160488981834,5.29748876953125,882.914794921875
890,105467,112.54381437167939,5.503753051757813,917.2921752929688
891,105587,111.7810139294897,5.4634727783203125,910.5787963867188
892,105707,114.88566664220879,5.6100908203125,935.01513671875
893,105827,101.93027181370412,5.026944580078125,837.8240966796875
894,105947,107.35198802811793,5.269024658203125,878.1707763671875
895,106067,116.12052509430305,5.658781860351563,943.1303100585938
896,106187,110.33693371388024,5.398052124023438,899.6753540039062
897,106307,114.66829897464527,5.593506958007812,932.2511596679688
898,106427,113.74528085123733,5.5580987548828125,926.3497924804688
899,106547,112.41886924610026,5.5043096923828125,917.3849487304688
900,106667,115.00694459975846,5.609783935546875,934.9639892578125
901,106787,104.99894962061292,5.166916625976563,861.1527709960938
902,106907,111.19534972565057,5.4480963134765625,908.0160522460938
903,107027,112.48066731824296,5.50698486328125,917.830810546875
904,107147,107.45597658854756,5.2698475341796875,878.3079223632812
905,107267,107.88874959585573,5.28976904296875,881.628173828125
906,107387,113.547984602508,5.544606811523438,924.1011352539062
907,107507,118.50036554082311,5.776508422851562,962.7514038085938
908,107627,112.43823464200804,5.503966186523438,917.3276977539062
909,107747,113.53931137587688,5.545321655273438,924.2202758789062
910,107867,102.57042089452975,5.0566904296875,842.78173828125
911,107987,112.12749746389854,5.488012939453125,914.6688232421875
912,108107,114.16073443342015,5.57702490234375,929.504150390625
913,108227,111.11767305333143,5.446358642578125,907.7264404296875
914,108347,106.82980868571977,5.2473662109375,874.56103515625
915,108467,113.73850263375267,5.560646850585938,926.7744750976562
916,108587,110.37260982641871,5.400642700195313,900.1071166992188
917,108707,106.01763817256655,5.204994140625,867.4990234375
918,108827,112.9107269928932,5.51874462890625,919.790771484375
919,108947,116.36590061135554,5.666076049804688,944.3460083007812
920,109067,108.21632451900749,5.3088603515625,884.81005859375
921,109187,110.75110161524212,5.420021850585938,903.3369750976562
922,109307,108.49259985262071,5.3232626953125,887.21044921875
923,109427,119.70690277756921,5.83117236328125,971.862060546875
924,109547,114.19747752171514,5.577587036132813,929.5978393554688
925,109667,112.74032497675745,5.509364868164062,918.2274780273438
926,109787,115.0916005032124,5.615857543945313,935.9762573242188
927,109907,112.29072304116907,5.48337158203125,913.895263671875
928,110027,116.34733030189935,5.668224609375,944.7041015625
929,110147,119.07701484331886,5.8012152099609375,966.8692016601562
930,110267,114.20390380530006,5.581894409179688,930.3157348632812
931,110387,116.65072797548983,5.691814819335938,948.6358032226562
932,110507,114.92200960840964,5.621763427734375,936.9605712890625
933,110627,108.57295492710563,5.3215308837890625,886.9218139648438
934,110747,106.77638526649325,5.23709033203125,872.848388671875
935,110867,117.91001584518142,5.74612646484375,957.687744140625
936,110987,109.07766281189471,5.343523315429687,890.5872192382812
937,111107,112.14968285395295,5.485530029296875,914.2550048828125
938,111227,114.25418529987837,5.582306396484375,930.3843994140625
939,111347,114.77985046616315,5.605851196289063,934.3085327148438
940,111467,110.17444516069797,5.392928100585937,898.8213500976562
941,111587,106.33783097153403,5.221443969726563,870.2406616210938
942,111707,107.66627975445749,5.279222900390625,879.8704833984375
943,111827,115.35844552745164,5.632088012695313,938.6813354492188
944,111947,114.07103649306252,5.573691650390625,928.9486083984375
945,112067,119.71070380023275,5.82716162109375,971.193603515625
946,112187,111.27519477141712,5.445322631835937,907.5537719726562
947,112307,117.65251584637386,5.726322143554688,954.3870239257812
948,112427,111.91005100185778,5.464439208984375,910.7398681640625
949,112547,113.58708115912452,5.547060791015625,924.5101318359375
950,112667,111.38813074907478,5.452972778320312,908.8287963867188
951,112787,108.55262880591195,5.318947265625,886.4912109375
952,112907,107.01754658952481,5.242436279296875,873.7393798828125
953,113027,111.74236527168817,5.477363525390625,912.8939208984375
954,113147,113.64122077141657,5.548962158203125,924.8270263671875
955,113267,118.97090805953695,5.786361328125,964.3935546875
956,113387,112.74379937370658,5.520711181640625,920.1185302734375
957,113507,114.53093825923884,5.592923217773437,932.1538696289062
958,113627,116.32204958962691,5.675867431640625,945.9779052734375
959,113747,108.39726058726177,5.316733520507812,886.1222534179688
960,113867,112.60405057610447,5.513322509765625,918.8870849609375
961,113987,112.5784791121151,5.504775146484375,917.4625244140625
962,114107,112.84929656070236,5.518165283203125,919.6942138671875
963,114227,117.80669265345387,5.746092041015625,957.6820068359375
964,114347,120.83671732363754,5.886194458007813,981.0324096679688
965,114467,111.86991733674947,5.478462158203125,913.0770263671875
966,114587,113.89636439970175,5.565982177734375,927.6636962890625
967,114707,115.70578719123773,5.650037841796875,941.6729736328125
968,114827,110.95345020215028,5.44190185546875,906.983642578125
969,114947,115.39486456796679,5.634141357421875,939.0235595703125
970,115067,112.65442986280772,5.510117797851563,918.3529663085938
971,115187,113.93755354999189,5.569599243164062,928.2665405273438
972,115307,113.99229256193634,5.568863891601563,928.1439819335938
973,115427,105.36523242773633,5.186622802734375,864.4371337890625
974,115547,105.49163092327473,5.1838330078125,863.97216796875
975,115667,110.2713752399976,5.397343139648438,899.5571899414062
976,115787,111.49133915180822,5.452245849609375,908.7076416015625
977,115907,105.33142938003049,5.18333935546875,863.889892578125
978,116027,112.86047648026621,5.531582153320312,921.9303588867188
979,116147,116.21169824110395,5.673809692382813,945.6349487304688
980,116267,118.37454698284157,5.76770068359375,961.283447265625
981,116387,113.59720514521635,5.549371215820313,924.8952026367188
982,116507,116.4734910812888,5.684464965820313,947.4108276367188
983,116627,113.41173731369693,5.541235473632812,923.5392456054688
984,116747,117.5635433914596,5.73349951171875,955.583251953125
985,116867,110.31380831230679,5.41307958984375,902.179931640625
986,116987,110.65614756506876,5.419819702148438,903.3032836914062
987,117107,115.44803670649449,5.63677294921875,939.462158203125
988,117227,114.52090827785071,5.5940888671875,932.34814453125
989,117347,105.66672253043497,5.196433959960937,866.0723266601562
990,117467,117.75532739197027,5.739140625,956.5234375
991,117587,111.3383580231592,5.45026611328125,908.377685546875
992,117707,119.04685203359506,5.797683837890625,966.2806396484375
993,117827,112.57427485318897,5.511211669921875,918.5352783203125
994,117947,111.85469788319485,5.469722900390625,911.6204833984375
995,118067,110.95614835434844,5.435210815429688,905.8684692382812
996,118187,110.59726235351724,5.410792602539063,901.7987670898438
997,118307,124.05301139910566,6.032818359375,1005.4697265625
998,118427,111.15556071780956,5.443094970703125,907.1824951171875
999,118547,116.74679001340438,5.701318725585938,950.2197875976562
1000,118667,107.52785106729226,5.273469360351562,878.9115600585938
1001,118787,112.25771871554812,5.488761840820312,914.7936401367188
1002,118907,114.92423102077962,5.60810595703125,934.684326171875
1003,119027,117.49203289000356,5.733405029296875,955.5675048828125
1004,119147,109.13969363120893,5.344306640625,890.7177734375
1005,119267,115.66577548592065,5.651589477539063,941.9315795898438
1006,119387,107.25222487308102,5.266970581054688,877.8284301757812
1007,119507,119.5347421789149,5.821335571289063,970.2225952148438
1008,119627,120.06960686238448,5.853526245117187,975.5877075195312
1009,119747,102.59191569916226,5.057893432617187,842.9822387695312
1010,119867,111.73239848667052,5.4705087890625,911.75146484375
1011,119987,105.16548119816683,5.16054638671875,860.091064453125
1012,120107,113.96506223438203,5.568257446289063,928.0429077148438
1013,120227,116.07744105519009,5.672674072265625,945.4456787109375
1014,120347,110.54541837375125,5.419186889648437,903.1978149414062
1015,120467,116.96295015306727,5.70653466796875,951.089111328125
1016,120587,113.0471254532287,5.518642456054687,919.7737426757812
1017,120707,110.42664078195764,5.41273095703125,902.121826171875
1018,120827,113.03229485356351,5.529053100585937,921.5088500976562
1019,120947,114.14179820440428,5.580949584960938,930.1582641601562
1020,121067,115.5285815030978,5.636350341796875,939.3917236328125
1021,121187,116.7913631392581,5.701505126953125,950.2508544921875
1022,121307,117.6833391198585,5.73718359375,956.197265625
1023,121427,111.87885726370129,5.464066772460938,910.6777954101562
1024,121547,107.2847853395737,5.2618857421875,876.98095703125
1025,121667,118.11615573368455,5.758594116210937,959.7656860351562
1026,121787,114.99643344232398,5.599806518554687,933.3010864257812
1027,121907,114.16339419130651,5.573832641601562,928.9721069335938
1028,122027,105.47787170928015,5.179780517578125,863.2967529296875
1029,122147,108.67182265358683,5.315570068359375,885.9283447265625
1030,122267,113.5344116723021,5.552024047851562,925.3373413085938
1031,122387,112.51847379587016,5.498123657226563,916.3539428710938
1032,122507,110.96197830810786,5.42944921875,904.908203125
1033,122627,109.7188852476734,5.37646142578125,896.076904296875
1034,122747,115.36938224057727,5.6323656005859375,938.7276000976562
1035,122867,109.95977705677869,5.386665893554688,897.7776489257812
1036,122987,116.83299542165689,5.693717651367187,948.9529418945312
1037,123107,112.48724898789777,5.503030883789062,917.1718139648438
1038,123227,113.71692553307705,5.55463037109375,925.771728515625
1039,123347,113.9805768470864,5.570322509765625,928.3870849609375
1040,123467,112.54527679836548,5.496340576171875,916.0567626953125
1041,123587,120.66050649254913,5.8657265625,977.62109375
1042,123707,116.93966917646908,5.705320678710938,950.8867797851562
1043,123827,112.69250607215909,5.513835205078125,918.9725341796875
1044,123947,110.90032359313862,5.431827758789063,905.3046264648438
1045,124067,115.32345654093723,5.628510131835937,938.0850219726562
1046,124187,117.06470606576589,5.706069580078125,951.0115966796875
1047,124307,113.63532543759531,5.545681640625,924.2802734375
1048,124427,109.19474410870728,5.35026123046875,891.710205078125
1049,124547,117.92917751614988,5.74494287109375,957.490478515625
1050,124667,111.01735820693276,5.444401611328125,907.4002685546875
1051,124787,111.71985978264894,5.464146240234375,910.6910400390625
1052,124907,112.1861348126343,5.483209350585938,913.8682250976562
1053,125027,112.28215147469749,5.482083618164062,913.6806030273438
1054,125147,115.32033953454994,5.6268251953125,937.80419921875
1055,125267,108.90128828000516,5.335610961914062,889.2684936523438
1056,125387,108.57456884068259,5.309783569335938,884.9639282226562
1057,125507,110.67113662586061,5.40539794921875,900.899658203125
1058,125627,113.51432237835056,5.548214721679687,924.7024536132812
1059,125747,123.42729780375481,5.994245361328125,999.0408935546875
1060,125867,111.56235378709817,5.451397338867188,908.5662231445312
1061,125987,115.97777042163538,5.650635864257812,941.7726440429688
1062,126107,114.97991350892889,5.608432983398438,934.7388305664062
1063,126227,116.47625117100087,5.675822021484375,945.9703369140625
1064,126347,105.61702338804199,5.177144897460938,862.8574829101562
1065,126467,115.32392604531897,5.620109252929687,936.6848754882812
1066,126587,114.2507737769801,5.578512084960938,929.7520141601562
1067,126707,115.68632834445009,5.636020751953125,939.3367919921875
1068,126827,103.76017487093543,5.101401489257812,850.2335815429688
1069,126947,105.87838747873592,5.194669189453125,865.7781982421875
1070,127067,117.00942258696766,5.700212768554687,950.0354614257812
1071,127187,117.02521648269405,5.702407470703125,950.4012451171875
1072,127307,116.52738413653961,5.676526611328125,946.0877685546875
1073,127427,113.64447389402693,5.5444365234375,924.07275390625
1074,127547,114.35086797898563,5.58313623046875,930.522705078125
1075,127667,112.49797148529863,5.4945703125,915.76171875
1076,127787,117.00000681464809,5.703716674804688,950.6194458007812
1077,127907,112.46543720233298,5.494334106445312,915.7223510742188
1078,128027,112.7810852766508,5.500936157226563,916.8226928710938
1079,128147,109.37069088313797,5.360321044921875,893.3868408203125
1080,128267,116.02939849836645,5.664375,944.0625
1081,128387,109.22677851486516,5.3453291015625,890.88818359375
1082,128507,113.18213168893354,5.531772583007813,921.9620971679688
1083,128627,113.69887205206258,5.554699951171875,925.7833251953125
1084,128747,112.66673430331996,5.501306396484375,916.8843994140625
1085,128867,112.64272699977064,5.49689501953125,916.149169921875
1086,128987,113.30592748474265,5.5338076171875,922.30126953125
1087,129107,108.92568208723335,5.331961669921875,888.6602783203125
1088,129227,115.82803147055007,5.645267944335938,940.8779907226562
1089,129347,120.68445711066853,5.86362451171875,977.270751953125
1090,129467,115.39777180957759,5.631635009765625,938.6058349609375
1091,129587,117.5672893178114,5.725598876953125,954.2664794921875
1092,129707,107.98301368011415,5.2978330078125,882.97216796875
1093,129827,120.80046121351768,5.870797485351562,978.4662475585938
1094,129947,108.09536034717937,5.299115478515625,883.1859130859375
1095,130067,110.95264389623546,5.432640014648437,905.4400024414062
1096,130187,113.20444331506005,5.532001098632812,922.0001831054688
1097,130307,121.80681081448763,5.917712768554687,986.2854614257812
1098,130427,110.91028346346332,5.42165478515625,903.609130859375
1099,130547,120.44048875504036,5.8603681640625,976.72802734375
1100,130667,112.78839176963007,5.51994140625,919.990234375
1101,130787,115.28874345948438,5.619645263671875,936.6075439453125
1102,130907,115.89975583762006,5.653290893554687,942.2151489257812
1103,131027,115.52791756256079,5.631123046875,938.5205078125
1104,131147,114.44008283666565,5.590243286132813,931.7072143554688
1105,131267,122.51149320292419,5.955714111328125,992.6190185546875
1106,131387,119.2030732838939,5.804813232421875,967.4688720703125
1107,131507,111.62874736369726,5.460743408203125,910.1239013671875
1108,131627,116.93598462407073,5.705746948242187,950.9578247070312
1109,131747,110.76040177533656,5.422869140625,903.8115234375
1110,131867,114.13520766116753,5.576296875,929.3828125
1111,131987,112.66051592711793,5.5019073486328125,916.9845581054688
1112,132107,117.52711868881026,5.7297689208984375,954.9614868164062
1113,132227,106.81713928352042,5.241462158203125,873.5770263671875
1114,132347,120.70671062140408,5.876578857421875,979.4298095703125
1115,132467,116.12668357486532,5.654058837890625,942.3431396484375
1116,132587,118.77271045706532,5.784862426757813,964.1437377929688
1117,132707,109.4209212368497,5.359109252929687,893.1848754882812
1118,132827,114.76809309122368,5.6006751708984375,933.4458618164062
1119,132947,114.72939391243612,5.6019920654296875,933.6653442382812
1120,133067,114.26508813797037,5.58286669921875,930.477783203125
1121,133187,118.50518380185832,5.775411254882813,962.5685424804688
1122,133307,121.05816795064214,5.887266723632813,981.2111206054688
1123,133427,114.66512307085253,5.6013599853515625,933.5599975585938
1124,133547,110.06647667096976,5.383005249023437,897.1675415039062
1125,133667,113.36772367004055,5.5308837890625,921.81396484375
1126,133787,113.89558146422979,5.556613037109375,926.1021728515625
1127,133907,111.11429620895682,5.433523315429688,905.5872192382812
1128,134027,120.28623591364024,5.8381904296875,973.03173828125
1129,134147,109.82341276942324,5.372459106445312,895.4098510742188
1130,134267,113.59021624329398,5.543548461914063,923.9247436523438
1131,134387,118.00906503568342,5.748531005859375,958.0885009765625
1132,134507,115.85403348557273,5.64536572265625,940.894287109375
1133,134627,111.2206484576005,5.4451622314453125,907.5270385742188
1134,134747,108.86414937379053,5.3360830078125,889.34716796875
1135,134867,117.38038060579025,5.718624389648437,953.1040649414062
1136,134987,115.13164624263068,5.613019409179688,935.5032348632812
1137,135107,116.97129766205244,5.704538818359375,950.7564697265625
1138,135227,113.64197109941549,5.548783813476563,924.7973022460938
1139,135347,115.18693018228215,5.620181396484375,936.6968994140625
1140,135467,118.24450973657157,5.754824340820313,959.1373901367188
1141,135587,117.46882121209909,5.720953125,953.4921875
1142,135707,116.08893132810111,5.64926220703125,941.543701171875
1143,135827,119.05332127927382,5.788928100585937,964.8213500976562
1144,135947,108.06295843083865,5.3022960205078125,883.7160034179688
1145,136067,115.17373817249384,5.617024291992188,936.1707153320312
1146,136187,119.04619590545046,5.789973999023437,964.9956665039062
1147,136307,112.63356162824205,5.494699584960937,915.7832641601562
1148,136427,109.81161080998541,5.374740234375,895.7900390625
1149,136547,120.7692758367748,5.864360961914063,977.3934936523438
1150,136667,111.26203739466084,5.436124877929688,906.0208129882812
1151,136787,110.1662269012324,5.398224243164062,899.7040405273438
1152,136907,116.61551266448268,5.675175659179687,945.8626098632812
1153,137027,112.82467461767922,5.509294189453125,918.2156982421875
1154,137147,113.4874029419224,5.537550659179687,922.9251098632812
1155,137267,117.39682429916078,5.720009399414063,953.3348999023438
1156,137387,110.96942500320236,5.426979125976563,904.4965209960938
1157,137507,113.13814074106897,5.525064697265625,920.8441162109375
1158,137627,115.60518292267916,5.634007690429687,939.0012817382812
1159,137747,116.99854369113011,5.701191650390625,950.1986083984375
1160,137867,121.26508578925696,5.893978637695312,982.3297729492188
1161,137987,115.36217821548907,5.635536254882813,939.2560424804688
1162,138107,121.88775629696049,5.9205673828125,986.76123046875
1163,138227,117.15341281280473,5.710237426757812,951.7062377929688
1164,138347,112.91561315439021,5.51441455078125,919.069091796875
1165,138467,118.71061043806966,5.777564208984375,962.9273681640625
1166,138587,117.59905376189317,5.726032104492187,954.3386840820312
1167,138707,115.2054934240129,5.614221313476563,935.7035522460938
1168,138827,117.69246852370674,5.727179809570313,954.5299682617188
1169,138947,121.78618476872762,5.911474365234375,985.2457275390625
1170,139067,108.48194903833468,5.319087158203125,886.5145263671875
1171,139187,116.14461681456827,5.661409423828125,943.5682373046875
1172,139307,119.57468221626712,5.810926025390625,968.4876708984375
1173,139427,117.90592623747989,5.74517578125,957.529296875
1174,139547,119.43149025904661,5.8067548828125,967.79248046875
1175,139667,122.0916115941353,5.933407104492187,988.9011840820312
1176,139787,112.2433010847515,5.47904150390625,913.173583984375
1177,139907,120.32061839252403,5.849015625,974.8359375
1178,140027,114.31905401675722,5.57469287109375,929.115478515625
1179,140147,109.0387053671251,5.337951049804688,889.6585083007812
1180,140267,120.52596599527575,5.858008666992188,976.3347778320312
1181,140387,114.6423509282329,5.593591552734375,932.2652587890625
1182,140507,117.13315026289749,5.7063193359375,951.05322265625
1183,140627,120.9702561750731,5.881740600585937,980.2901000976562
1184,140747,121.0770828011407,5.8844326171875,980.73876953125
1185,140867,109.66563940796729,5.361910400390625,893.6517333984375
1186,140987,115.82004175525591,5.642072387695313,940.3453979492188
1187,141107,124.93910423935178,6.0574757080078125,1009.5792846679688
1188,141227,115.72436151343983,5.644521606445313,940.7536010742188
1189,141347,117.28647518077646,5.702734497070312,950.4557495117188
1190,141467,114.6918501097097,5.590447265625,931.7412109375
1191,141587,117.44004184347278,5.7148458251953125,952.4743041992188
1192,141707,121.24118421319821,5.8922841796875,982.04736328125
1193,141827,124.32367417647293,6.022364501953125,1003.7274169921875
1194,141947,114.91828205828168,5.593192016601562,932.1986694335938
1195,142067,113.42410419026275,5.53930224609375,923.217041015625
1196,142187,115.1578485344311,5.612905883789063,935.4843139648438
1197,142307,113.32260682680122,5.532831298828125,922.1385498046875
1198,142427,122.94097394462372,5.961772705078125,993.6287841796875
1199,142547,120.86171039032133,5.873105346679687,978.8508911132812
1200,142667,115.56256775657816,5.6283310546875,938.05517578125
1201,142787,115.81541297754681,5.639142700195313,939.8571166992188
1202,142907,110.81951783732109,5.4121640625,902.02734375
1203,143027,113.42529996237228,5.534669311523437,922.4448852539062
1204,143147,119.14864468600278,5.784502075195313,964.0836791992188
1205,143267,113.61078025717927,5.539396362304688,923.2327270507812
1206,143387,120.79359954018642,5.865276489257813,977.5460815429688
1207,143507,120.8238695311767,5.870943603515625,978.4906005859375
1208,143627,114.8453248645056,5.593155029296875,932.1925048828125
1209,143747,120.33116692615309,5.846505249023438,974.4175415039062
1210,143867,123.96043299036106,6.006904174804688,1001.1506958007812
1211,143987,121.7101758818705,5.917269287109375,986.2115478515625
1212,144107,113.78706839710951,5.552209350585938,925.3682250976562
1213,144227,119.38506496848919,5.806402587890625,967.7337646484375
1214,144347,112.07574861902664,5.469754028320312,911.6256713867188
1215,144467,122.86960335373558,5.953559692382813,992.2599487304688
1216,144587,119.31545718964398,5.794924438476563,965.8207397460938
1217,144707,119.63193088609131,5.823179443359375,970.5299072265625
1218,144827,113.9656463073992,5.562985107421875,927.1641845703125
1219,144947,118.15854360930864,5.74233251953125,957.055419921875
1220,145067,112.24516631387391,5.482714599609375,913.7857666015625
1221,145187,123.7811376649484,6.0038232421875,1000.63720703125
1222,145307,119.67791467064141,5.814090454101563,969.0150756835938
1223,145427,116.4108002901784,5.660466796875,943.4111328125
1224,145547,121.13563584952003,5.882572998046875,980.4288330078125
1225,145667,124.53110678442317,6.0417451171875,1006.95751953125
1226,145787,118.79267667641102,5.773106689453125,962.1844482421875
1227,145907,121.54521644791136,5.900427978515625,983.4046630859375
1228,146027,120.46049367921876,5.862362915039062,977.0604858398438
1229,146147,122.74718122028358,5.95602099609375,992.670166015625
1230,146267,118.24524155013476,5.746830322265625,957.8050537109375
1231,146387,115.14354816221459,5.608860717773437,934.8101196289062
1232,146507,117.31050077395028,5.708203857421875,951.3673095703125
1233,146627,117.40345141504778,5.706729125976563,951.1215209960938
1234,146747,122.69746263598483,5.946349365234375,991.0582275390625
1235,146867,115.57903995387427,5.627879150390625,937.9798583984375
1236,146987,127.3142317182686,6.161757568359375,1026.9595947265625
1237,147107,113.91250755415233,5.559299560546875,926.5499267578125
1238,147227,121.87397322248864,5.92636376953125,987.727294921875
1239,147347,120.64977853371744,5.853754760742188,975.6257934570312
1240,147467,118.30989173768378,5.747561645507813,957.9269409179688
1241,147587,118.15620724287177,5.744470092773438,957.4116821289062
1242,147707,115.64765603245645,5.62997021484375,938.328369140625
1243,147827,120.58624715239256,5.852299438476562,975.3832397460938
1244,147947,119.79490340269251,5.811307983398438,968.5513305664062
1245,148067,118.66539470741613,5.77033740234375,961.722900390625
1246,148187,119.73932488551438,5.8177510986328125,969.6251831054688
1247,148307,116.23542047851025,5.660191040039063,943.3651733398438
1248,148427,116.97244103849377,5.6917587890625,948.62646484375
1249,148547,114.35287868709824,5.576025146484375,929.3375244140625
1250,148667,109.51793147293122,5.35503076171875,892.505126953125
1251,148787,118.52548969346537,5.768197265625,961.3662109375
1252,148907,119.70260442105686,5.81845751953125,969.742919921875
1253,149027,118.98343816966174,5.778013916015625,963.0023193359375
1254,149147,122.67591131511381,5.948891967773437,991.4819946289062
1255,149267,127.5317348092793,6.165053466796875,1027.5089111328125
1256,149387,115.44259839840014,5.6223984375,937.06640625
1257,149507,112.336310174768,5.4761572265625,912.69287109375
1258,149627,118.88928086813263,5.783849853515625,963.9749755859375
1259,149747,115.88012627557562,5.64240673828125,940.401123046875
1260,149867,118.67793192892114,5.768533081054687,961.4221801757812
1261,149987,118.0700654663184,5.734678344726563,955.7797241210938
1262,150107,120.37550589959977,5.846060302734375,974.3433837890625
1263,150227,111.65289949427518,5.4576566162109375,909.6094360351562
1264,150347,116.87034199629022,5.696146362304687,949.3577270507812
1265,150467,118.61436448431223,5.761264892578125,960.2108154296875
1266,150587,112.95642674014783,5.513949829101563,918.9916381835938
1267,150707,108.98384322239319,5.327452880859375,887.9088134765625
1268,150827,117.99188194701468,5.734961059570312,955.8268432617188
1269,150947,119.96357604000654,5.826989501953125,971.1649169921875
1270,151067,126.62089513774009,6.134330932617187,1022.3884887695312
1271,151187,106.48079101724221,5.211036987304688,868.5061645507812
1272,151307,124.0245596813414,6.014017822265625,1002.3363037109375
1273,151427,114.36382030029422,5.572904296875,928.8173828125
1274,151547,124.52124946423233,6.0325426025390625,1005.4237670898438
1275,151667,116.13466681419303,5.650684204101562,941.7807006835938
1276,151787,114.32533246693123,5.565401733398438,927.5669555664062
1277,151907,121.86497112285551,5.916650756835938,986.1084594726562
1278,152027,117.04192047192447,5.687786499023438,947.9644165039062
1279,152147,114.9830846707049,5.594516235351563,932.4193725585938
1280,152267,117.91070517234238,5.7349786376953125,955.8297729492188
1281,152387,114.3140559895512,5.566298217773437,927.7163696289062
1282,152507,113.4480079583694,5.5280738525390625,921.3456420898438
1283,152627,119.41050960677266,5.806902465820312,967.8170776367188
1284,152747,114.4885195208555,5.572318359375,928.7197265625
1285,152867,119.64776899293773,5.81174560546875,968.624267578125
1286,152987,122.62541432476159,5.949468383789062,991.5780639648438
1287,153107,110.82233811836812,5.4103282470703125,901.7213745117188
1288,153227,116.898982723047,5.67995361328125,946.658935546875
1289,153347,123.75219419823026,5.995144775390625,999.1907958984375
1290,153467,116.45477080903694,5.671903930664063,945.3173217773438
1291,153587,123.7584263026421,5.992896606445313,998.8161010742188
1292,153707,120.83459876188894,5.86490185546875,977.483642578125
1293,153827,118.9304032610161,5.780823120117187,963.4705200195312
1294,153947,115.39752764193086,5.618501953125,936.4169921875
1295,154067,119.40946963806495,5.798456176757813,966.4093627929688
1296,154187,118.18373314273383,5.747093994140625,957.8489990234375
1297,154307,121.92786534754269,5.91044970703125,985.074951171875
1298,154427,121.02460681014578,5.8749891357421875,979.1648559570312
1299,154547,122.1759324421205,5.924655395507813,987.4425659179688
1300,154667,119.88461035516438,5.826085327148437,971.0142211914062
1301,154787,118.76148497557388,5.777287719726562,962.8812866210938
1302,154907,121.65635796986784,5.897771484375,982.9619140625
1303,155027,114.56705540663106,5.575224609375,929.2041015625
1304,155147,124.11640515112197,6.011556884765625,1001.9261474609375
1305,155267,119.41780972064191,5.8026591796875,967.10986328125
1306,155387,119.50981305434287,5.8088994140625,968.14990234375
1307,155507,121.99536815763636,5.9180145263671875,986.3357543945312
1308,155627,117.03039212263492,5.682482299804687,947.0803833007812
1309,155747,117.92361628538038,5.725206665039062,954.2011108398438
1310,155867,116.58407217726932,5.671500366210937,945.2500610351562
1311,155987,114.88029690482176,5.596269287109375,932.7115478515625
1312,156107,119.0327863090489,5.779616088867187,963.2693481445312
1313,156227,121.7769227325042,5.91134619140625,985.224365234375
1314,156347,117.1667688933248,5.697732788085937,949.6221313476562
1315,156467,124.63174402001331,6.039176147460937,1006.5293579101562
1316,156587,112.95460151115391,5.514062622070313,919.0104370117188
1317,156707,118.39653701074265,5.75566552734375,959.277587890625
1318,156827,122.02456381069325,5.9135152587890625,985.5858764648438
1319,156947,115.56473988846648,5.628161499023437,938.0269165039062
1320,157067,112.02686231484294,5.464903198242188,910.8171997070312
1321,157187,112.99514003172413,5.510085571289062,918.3475952148438
1322,157307,127.57558563748162,6.176240478515625,1029.3734130859375
1323,157427,126.76527320090615,6.134119995117188,1022.3533325195312
1324,157547,119.86219555168981,5.816618774414063,969.4364624023438
1325,157667,114.02592585802716,5.5577548828125,926.29248046875
1326,157787,128.84762735885298,6.228422607421875,1038.0704345703125
1327,157907,117.11528674449937,5.6978818359375,949.64697265625
1328,158027,112.8869212397375,5.5124501953125,918.74169921875
1329,158147,121.63602331943197,5.89734228515625,982.890380859375
1330,158267,125.69769565780534,6.089196533203125,1014.8660888671875
1331,158387,112.49082636227052,5.491901000976562,915.3168334960938
1332,158507,125.86146163483059,6.101943237304687,1016.9905395507812
1333,158627,115.9372446552427,5.646409423828125,941.0682373046875
1334,158747,111.34652549860601,5.431238525390625,905.2064208984375
1335,158867,124.87054561440394,6.0425068359375,1007.08447265625
1336,158987,121.95867880872464,5.9196416015625,986.60693359375
1337,159107,115.69236999253236,5.62968603515625,938.281005859375
1338,159227,116.30388628053161,5.6510009765625,941.83349609375
1339,159347,122.19292954884773,5.934840087890625,989.1400146484375
1340,159467,123.48251069862903,5.994345336914063,999.0575561523438
1341,159587,118.24833822689155,5.748309448242187,958.0515747070312
1342,159707,115.60218488425045,5.622136596679687,937.0227661132812
1343,159827,108.8642587991262,5.312843994140625,885.4739990234375
1344,159947,119.4083444850008,5.8033121337890625,967.2186889648438
1345,160067,120.36504258060347,5.843040893554687,973.8401489257812
1346,160187,115.03157787076489,5.60365576171875,933.942626953125
1347,160307,124.88656746875284,6.052731811523437,1008.7886352539062
1348,160427,119.41436275407096,5.799215698242188,966.5359497070312
1349,160547,117.00708447899163,5.692880126953125,948.8133544921875
1350,160667,121.82414995585317,5.911008911132813,985.1681518554688
1351,160787,118.96712331319559,5.780917236328125,963.4862060546875
1352,160907,119.37094386541051,5.8033505859375,967.22509765625
1353,161027,118.58275032420973,5.76010546875,960.017578125
1354,161147,112.94226100032824,5.511912231445312,918.6520385742188
1355,161267,120.47792281302826,5.8452744140625,974.21240234375
1356,161387,121.40139123044807,5.895858032226562,982.6430053710938
1357,161507,120.75612197847008,5.8532666015625,975.54443359375
1358,161627,117.51406149549176,5.714062866210938,952.3438110351562
1359,161747,117.37550829493865,5.711677734375,951.9462890625
1360,161867,117.2745663242413,5.711638549804688,951.9397583007812
1361,161987,119.78682274345414,5.825460571289063,970.9100952148438
1362,162107,120.59008878194459,5.851809448242188,975.3015747070312
1363,162227,121.17077474145174,5.879590576171875,979.9317626953125
1364,162347,115.7389729164375,5.621486572265625,936.9144287109375
1365,162467,128.24013502563955,6.1999541015625,1033.32568359375
1366,162587,115.97826689897248,5.656231567382813,942.7052612304688
1367,162707,116.95929223613368,5.686376220703125,947.7293701171875
1368,162827,116.87753478584034,5.690547729492187,948.4246215820312
1369,162947,116.3313184942013,5.655151245117188,942.5252075195312
1370,163067,116.26878086436948,5.659515014648438,943.2525024414062
1371,163187,119.17404001283043,5.789032470703125,964.8387451171875
1372,163307,130.34725473230762,6.3036328125,1050.60546875
1373,163427,115.36683850827013,5.619418579101563,936.5697631835938
1374,163547,128.06610988960986,6.18810498046875,1031.350830078125
1375,163667,120.35952587598115,5.84004345703125,973.340576171875
1376,163787,120.90660133868735,5.868875610351562,978.1459350585938
1377,163907,115.56528042575921,5.616661376953125,936.1102294921875
1378,164027,123.81254118066427,6.004523803710938,1000.7539672851562
1379,164147,129.62841537038287,6.27068994140625,1045.114990234375
1380,164267,116.08860247508218,5.652415283203125,942.0692138671875
1381,164387,116.61088293650963,5.679232177734375,946.5386962890625
1382,164507,124.67786527831119,6.040019165039062,1006.6698608398438
1383,164627,111.5462513409701,5.436478271484375,906.0797119140625
1384,164747,125.7982055052563,6.0883037109375,1014.71728515625
1385,164867,116.76014292480424,5.6758271484375,945.97119140625
1386,164987,114.00158447705562,5.559399169921875,926.5665283203125
1387,165107,115.44953631762907,5.624686889648437,937.4478149414062
1388,165227,119.15463788236342,5.7998155517578125,966.6359252929688
1389,165347,121.19903135268561,5.877923583984375,979.6539306640625
1390,165467,119.06095691342323,5.789373413085937,964.8955688476562
1391,165587,118.997226933028,5.7866103515625,964.43505859375
1392,165707,125.4358719167159,6.0751435546875,1012.52392578125
1393,165827,125.0291396755679,6.062146362304688,1010.3577270507812
1394,165947,123.96629391524652,6.007405883789063,1001.2343139648438
1395,166067,120.96641975140398,5.87112890625,978.521484375
1396,166187,122.96715148472092,5.964286376953125,994.0477294921875
1397,166307,122.50217858783917,5.9482093505859375,991.3682250976562
1398,166427,117.50110549784988,5.721896118164063,953.6493530273438
1399,166547,114.10894909909054,5.567626831054688,927.9378051757812
1400,166667,116.66645641635773,5.675662353515625,945.9437255859375
1401,166787,117.76878985259027,5.728105590820313,954.6842651367188
1402,166907,121.48559299248846,5.896920776367187,982.8201293945312
1403,167027,126.94160190394545,6.142874633789062,1023.8124389648438
1404,167147,122.90595571511317,5.956561157226562,992.7601928710938
1405,167267,122.41097226309321,5.946489990234375,991.0816650390625
1406,167387,116.28157328005751,5.655294799804688,942.5491333007812
1407,167507,110.97210201248099,5.420573364257812,903.4288940429688
1408,167627,123.84873908451584,6.00173876953125,1000.289794921875
1409,167747,126.28568768247759,6.124323852539063,1020.7206420898438
1410,167867,121.3927895893683,5.894919799804687,982.4866333007812
1411,167987,121.07994552860372,5.870804809570313,978.4674682617188
1412,168107,119.7834589709333,5.8186929931640625,969.7821655273438
1413,168227,123.62883851043135,5.995517944335938,999.2529907226562
1414,168347,118.67007979680614,5.766269165039063,961.0448608398438
1415,168467,117.76843560221087,5.730990966796875,955.1651611328125
1416,168587,119.23580418925371,5.79041162109375,965.068603515625
1417,168707,123.80773199705764,6.011464965820313,1001.9108276367188
1418,168827,121.99288577902172,5.92397900390625,987.329833984375
1419,168947,120.94506518928901,5.87323974609375,978.873291015625
1420,169067,121.67974312862802,5.909675537109375,984.9459228515625
1421,169187,118.88864644964337,5.77169384765625,961.948974609375
1422,169307,125.50628318487678,6.08052099609375,1013.420166015625
1423,169427,119.88151405344576,5.833375854492187,972.2293090820312
1424,169547,118.17016626553009,5.7527574462890625,958.7929077148438
1425,169667,122.24572614167273,5.939785766601562,989.9642944335938
1426,169787,123.28679950282661,5.983098999023437,997.1831665039062
1427,169907,117.95868778368674,5.731903198242187,955.3171997070312
1428,170027,117.696212596033,5.726863403320312,954.4772338867188
1429,170147,121.81665000745043,5.9149365234375,985.82275390625
1430,170267,123.24039113593386,5.973455932617187,995.5759887695312
1431,170387,120.1919135901507,5.833889282226562,972.3148803710938
1432,170507,118.40501845584832,5.752003784179688,958.6672973632812
1433,170627,119.04371772316219,5.7827724609375,963.79541015625
1434,170747,116.45623864100727,5.663067626953125,943.8446044921875
1435,170867,119.89256441990955,5.821219482421875,970.2032470703125
1436,170987,120.05620866298759,5.832352294921875,972.0587158203125
1437,171107,125.08016250696558,6.0576826171875,1009.61376953125
1438,171227,121.03305194656846,5.879572631835938,979.9287719726562
1439,171347,112.98785672398787,5.507205322265625,917.8675537109375
1440,171467,115.02388627410485,5.6081572265625,934.69287109375
1441,171587,119.63723544990393,5.81958544921875,969.930908203125
1442,171707,124.85690726304921,6.0464853515625,1007.74755859375
1443,171827,121.63663505392827,5.9034873046875,983.91455078125
1444,171947,117.18897068292287,5.699802978515625,949.9671630859375
1445,172067,115.2088342457894,5.612589477539062,935.4315795898438
1446,172187,114.24157878306998,5.557807983398438,926.3013305664062
1447,172307,120.75366766537401,5.866005615234375,977.6676025390625
1448,172427,119.80847711035412,5.814685546875,969.1142578125
1449,172547,125.31299887748393,6.068449584960938,1011.4082641601562
1450,172667,124.89480437072037,6.046959594726562,1007.8265991210938
1451,172787,118.99876919598438,5.789196899414063,964.8661499023438
1452,172907,119.21399865150416,5.7926572265625,965.44287109375
1453,173027,119.74935688192727,5.816515869140625,969.4193115234375
1454,173147,121.22629643460344,5.88367822265625,980.613037109375
1455,173267,117.30601926581812,5.71010595703125,951.684326171875
1456,173387,121.8488502759193,5.911339599609375,985.2232666015625
1457,173507,117.77854273434853,5.7356502685546875,955.9417114257812
1458,173627,126.74603291960818,6.132200317382813,1022.0333862304688
1459,173747,118.61122557471165,5.7593712158203125,959.8952026367188
1460,173867,125.5579947515991,6.083681030273437,1013.9468383789062
1461,173987,115.57117544992492,5.622167724609375,937.0279541015625
1462,174107,126.40377614575642,6.12551806640625,1020.919677734375
1463,174227,117.32821891340458,5.712111328125,952.0185546875
1464,174347,119.85885296602123,5.820201416015625,970.0335693359375
1465,174467,123.000077631892,5.967268798828125,994.5447998046875
1466,174587,120.11798159357176,5.836502197265625,972.7503662109375
1467,174707,117.16692232821768,5.70480322265625,950.800537109375
1468,174827,117.30424172672704,5.704539184570312,950.7565307617188
1469,174947,121.65226433340737,5.91015087890625,985.025146484375
1470,175067,118.06431290937635,5.74062158203125,956.770263671875
1471,175187,115.95746731959134,5.629630737304687,938.2717895507812
1472,175307,130.23704188318706,6.291755126953125,1048.6258544921875
1473,175427,119.12928919432224,5.785850830078125,964.3084716796875
1474,175547,121.64406113008695,5.905734008789063,984.2890014648438
1475,175667,126.580479631996,6.131836669921875,1021.9727783203125
1476,175787,117.9172746106722,5.730650024414063,955.1083374023438
1477,175907,122.26770540961415,5.926074462890625,987.6790771484375
1478,176027,121.56586619544868,5.904750366210937,984.1250610351562
1479,176147,112.13502739127406,5.471275268554687,911.8792114257812
1480,176267,130.37650766583693,6.29686962890625,1049.478271484375
1481,176387,118.63061626544057,5.77743017578125,962.905029296875
1482,176507,120.7095134816715,5.867317749023438,977.8862915039062
1483,176627,125.6411721409302,6.086397216796875,1014.3995361328125
1484,176747,120.69697902783108,5.857321655273437,976.2202758789062
1485,176867,120.52568064735443,5.846473388671875,974.4122314453125
1486,176987,115.08428448870332,5.6057933349609375,934.2988891601562
1487,177107,113.81250984042359,5.549188842773438,924.8648071289062
1488,177227,118.120353673334,5.7581279296875,959.68798828125
1489,177347,121.1526181760799,5.877954345703125,979.6590576171875
1490,177467,108.28657578039719,5.29801318359375,883.002197265625
1491,177587,119.48278563573939,5.807355834960937,967.8926391601562
1492,177707,117.85046108074334,5.739200317382813,956.5333862304688
1493,177827,130.7897608410749,6.320933349609375,1053.4888916015625
1494,177947,129.57512440145777,6.26009912109375,1043.349853515625
1495,178067,117.26917686689848,5.710586059570312,951.7643432617188
1496,178187,127.23398159158745,6.16338720703125,1027.231201171875
1497,178307,118.16357441110176,5.739853637695313,956.6422729492188
1498,178427,124.91877630090877,6.051917358398438,1008.6528930664062
1499,178547,115.97155224153171,5.639583984375,939.9306640625
1500,178667,124.28783264226374,6.02275927734375,1003.793212890625
1501,178787,119.57805318917138,5.811837524414062,968.6395874023438
1502,178907,124.16141478207183,6.00462890625,1000.771484375
1503,179027,121.75763033042466,5.903403076171875,983.9005126953125
1504,179147,115.78589660979941,5.632998413085938,938.8330688476562
1505,179267,123.77086788933099,6.004730712890625,1000.7884521484375
1506,179387,120.79382078805281,5.8675645751953125,977.9274291992188
1507,179507,119.32630200213407,5.804536376953125,967.4227294921875
1508,179627,117.70092702740766,5.723805541992188,953.9675903320312
1509,179747,116.1576659092599,5.65735546875,942.892578125
1510,179867,120.29246878108638,5.84886181640625,974.810302734375
1511,179987,119.76741239210739,5.818777587890625,969.7962646484375
1512,180107,124.45980607952303,6.029608154296875,1004.9346923828125
1513,180227,119.75994010968547,5.817134399414062,969.5223999023438
1514,180347,109.96062705761636,5.377972778320313,896.3287963867188
1515,180467,123.87698380367658,6.0118359375,1001.97265625
1516,180587,112.59621633824223,5.491942749023438,915.3237915039062
1517,180707,122.0343218038319,5.915816528320312,985.9694213867188
1518,180827,131.8891615383125,6.371533447265625,1061.9222412109375
1519,180947,125.13436817015227,6.0686451416015625,1011.4408569335938
1520,181067,114.07320554099579,5.561350708007812,926.8917846679688
1521,181187,116.84916924358993,5.692393798828125,948.7322998046875
1522,181307,121.85791003764822,5.91679248046875,986.132080078125
1523,181427,121.73099917308133,5.906742553710938,984.4570922851562
1524,181547,124.69855689232807,6.048885864257812,1008.1476440429688
1525,181667,116.01590107330452,5.6472509765625,941.20849609375
1526,181787,115.73313809563373,5.635597778320313,939.2662963867188
1527,181907,125.20984844933808,6.059379638671875,1009.8966064453125
1528,182027,126.69186350491549,6.129737182617188,1021.6228637695312
1529,182147,114.42540091058297,5.576175659179688,929.3626098632812
1530,182267,130.3505672234614,6.297992431640625,1049.6654052734375
1531,182387,119.72922243980778,5.80926123046875,968.210205078125
1532,182507,118.00539502230137,5.74154443359375,956.924072265625
1533,182627,112.77688746974869,5.503361572265625,917.2269287109375
1534,182747,128.50796311199082,6.214462646484375,1035.7437744140625
1535,182867,119.11180457219267,5.796824340820312,966.1373901367188
1536,182987,115.9536744842368,5.648215209960937,941.3692016601562
1537,183107,121.02609835349408,5.883257080078125,980.5428466796875
1538,183227,119.1882119934743,5.803799926757812,967.2999877929688
1539,183347,117.4181156302262,5.720213012695313,953.3688354492188
1540,183467,122.40923344837992,5.9472685546875,991.21142578125
1541,183587,126.77859590660415,6.138437255859375,1023.0728759765625
1542,183707,119.99170508081569,5.8310126953125,971.83544921875
1543,183827,119.34777802919469,5.796732055664062,966.1220092773438
1544,183947,119.01728016708095,5.776399291992187,962.7332153320312
1545,184067,117.39251360342597,5.704474365234375,950.7457275390625
1546,184187,119.63814335145366,5.813354370117188,968.8923950195312
1547,184307,120.81921685912877,5.875134887695313,979.1891479492188
1548,184427,116.25766056185907,5.663376342773438,943.8960571289062
1549,184547,120.93674062582906,5.874891723632812,979.1486206054688
1550,184667,117.10866015070326,5.696725341796875,949.4542236328125
1551,184787,123.21670829631152,5.973717407226562,995.6195678710938
1552,184907,120.81040481231052,5.8572333984375,976.20556640625
1553,185027,117.46415017988313,5.707569213867187,951.2615356445312
1554,185147,122.08642297692771,5.924165771484375,987.3609619140625
1555,185267,120.93930305427708,5.877811157226563,979.6351928710938
1556,185387,122.76720414018516,5.945234619140625,990.8724365234375
1557,185507,117.33154140858858,5.7092742919921875,951.5457153320312
1558,185627,131.88933601531141,6.37091748046875,1061.819580078125
1559,185747,123.09528235616108,5.969661987304687,994.9436645507812
1560,185867,121.62900500564206,5.905312866210937,984.2188110351562
1561,185987,119.70691005889628,5.821260131835937,970.2100219726562
1562,186107,119.39595188054292,5.795759399414062,965.9598999023438
1563,186227,119.79177667865383,5.816698608398437,969.4497680664062
1564,186347,121.50732363970663,5.897292114257812,982.8820190429688
1565,186467,123.89034336151566,6.0160806884765625,1002.6801147460938
1566,186587,119.36450449569824,5.8061370849609375,967.6895141601562
1567,186707,118.15874651001351,5.7395947265625,956.59912109375
1568,186827,127.79854644685288,6.182140869140625,1030.3568115234375
1569,186947,119.46140311315793,5.808132934570312,968.0221557617188
1570,187067,119.81029404230394,5.8160203857421875,969.3367309570312
1571,187187,120.81087382307896,5.856397338867188,976.0662231445312
1572,187307,123.45958223485663,5.984762329101563,997.4603881835938
1573,187427,123.97066914696023,6.005422119140625,1000.9036865234375
1574,187547,123.53424544153629,5.998453125,999.7421875
1575,187667,112.2326084339058,5.490071411132813,915.0119018554688
1576,187787,122.06615351047688,5.919743408203125,986.6239013671875
1577,187907,120.24292524723495,5.839036010742188,973.1726684570312
1578,188027,116.24993633038558,5.650102294921875,941.6837158203125
1579,188147,119.27211409132612,5.791776123046875,965.2960205078125
1580,188267,117.83221809884294,5.72828759765625,954.714599609375
1581,188387,122.61577102588372,5.940263671875,990.0439453125
1582,188507,123.31668541712236,5.981776611328125,996.9627685546875
1583,188627,124.32892559947379,6.03567919921875,1005.946533203125
1584,188747,128.5689126162366,6.217015869140625,1036.1693115234375
1585,188867,123.35085235334564,5.992702514648437,998.7837524414062
1586,188987,115.35929100439323,5.626014770507813,937.6691284179688
1587,189107,115.54532298773492,5.616950317382813,936.1583862304688
1588,189227,122.23038651201118,5.937817749023438,989.6362915039062
1589,189347,118.39300889954295,5.770963989257813,961.8273315429688
1590,189467,119.73161183648155,5.819677368164062,969.9462280273438
1591,189587,115.85724384201252,5.644409545898437,940.7349243164062
1592,189707,114.69593212975015,5.58901171875,931.501953125
1593,189827,123.7739166213762,6.002012329101563,1000.3353881835938
1594,189947,121.85100686186007,5.908156494140625,984.6927490234375
1595,190067,125.48713506380423,6.0821685791015625,1013.6947631835938
1596,190187,118.4425753055972,5.76156884765625,960.261474609375
1597,190307,117.41972916097706,5.710395629882813,951.7326049804688
1598,190427,120.2571739122013,5.837596801757813,972.9328002929688
1599,190547,121.944591959777,5.91331787109375,985.552978515625
1600,190667,121.73443755800409,5.907403564453125,984.5672607421875
1601,190787,121.67843233436757,5.90371875,983.953125
1602,190907,121.9022724378402,5.925425537109375,987.5709228515625
1603,191027,126.56384498466623,6.128174560546875,1021.3624267578125
1604,191147,120.61911965134432,5.854868041992187,975.8113403320312
1605,191267,115.87261926935825,5.637984375,939.6640625
1606,191387,119.76230511114464,5.815989624023437,969.3316040039062
1607,191507,128.77882924475057,6.226562255859375,1037.7603759765625
1608,191627,125.9000085640672,6.102710083007812,1017.1183471679688
1609,191747,118.92283316787493,5.778036254882813,963.0060424804688
1610,191867,118.14425005303974,5.739742309570312,956.6237182617188
1611,191987,128.32322680625984,6.214497802734375,1035.7496337890625
1612,192107,123.88248081676916,5.999941772460938,999.9902954101562
1613,192227,124.11287702284503,6.015733154296875,1002.6221923828125
1614,192347,126.39775690459115,6.1096875,1018.28125
1615,192467,118.07596158233704,5.738824951171875,956.4708251953125
1616,192587,123.36918403453151,5.983970947265625,997.3284912109375
1617,192707,121.52017726447473,5.899959594726562,983.3265991210938
1618,192827,131.3190463317626,6.343676513671875,1057.2794189453125
1619,192947,125.20371694279416,6.0610517578125,1010.17529296875
1620,193067,124.1599865593286,6.0210673828125,1003.51123046875
1621,193187,120.71120577835859,5.8535570068359375,975.5928344726562
1622,193307,121.85334524884799,5.90714208984375,984.523681640625
1623,193427,120.12814169924458,5.846099487304688,974.3499145507812
1624,193547,116.82740475759046,5.685328491210938,947.5547485351562
1625,193667,119.74262751558626,5.819723510742188,969.9539184570312
1626,193787,113.12173851397164,5.513022583007812,918.8370971679688
1627,193907,127.7970235921533,6.187861083984375,1031.3101806640625
1628,194027,122.05423056798922,5.9188992919921875,986.4832153320312
1629,194147,114.16451494872872,5.5620029296875,927.00048828125
1630,194267,122.61135605294436,5.9450244140625,990.83740234375
1631,194387,122.09650069741201,5.92866064453125,988.110107421875
1632,194507,124.13640899574455,6.031270751953125,1005.2117919921875
1633,194627,118.8910034654568,5.77646044921875,962.743408203125
1634,194747,116.70596349505396,5.6735302734375,945.58837890625
1635,194867,118.43074596461658,5.7577320556640625,959.6220092773438
1636,194987,115.98226705621884,5.642032104492188,940.3386840820312
1637,195107,114.3932203766937,5.5786981201171875,929.7830200195312
1638,195227,118.55963526594337,5.7565458984375,959.42431640625
1639,195347,119.86782919214755,5.8230732421875,970.51220703125
1640,195467,126.06565654806728,6.1030294189453125,1017.1715698242188
1641,195587,127.13703238407633,6.15584912109375,1025.974853515625
1642,195707,122.3709530157063,5.930728271484375,988.4547119140625
1643,195827,122.98694832937582,5.960793823242187,993.4656372070312
1644,195947,119.29378824201092,5.7946875,965.78125
1645,196067,124.15365069604194,6.020208984375,1003.3681640625
1646,196187,117.41580925607958,5.702941040039063,950.4901733398438
1647,196307,117.29492537827072,5.71705517578125,952.842529296875
1648,196427,123.89038258563393,6.00625634765625,1001.042724609375
1649,196547,113.6521441505236,5.546759765625,924.4599609375
1650,196667,125.69592360424637,6.083722778320313,1013.9537963867188
1651,196787,115.83371650398075,5.635501098632813,939.2501831054688
1652,196907,124.05812143051513,6.010959594726563,1001.8265991210938
1653,197027,128.7054146347009,6.231028564453125,1038.5047607421875
1654,197147,115.50842606776555,5.621188842773438,936.8648071289062
1655,197267,124.75480492515663,6.043770263671875,1007.2950439453125
1656,197387,123.76156491145379,6.001174438476562,1000.1957397460938
1657,197507,115.65718538100776,5.62740087890625,937.900146484375
1658,197627,125.0021386065637,6.045444213867188,1007.5740356445312
1659,197747,129.27860281558827,6.25013232421875,1041.688720703125
1660,197867,115.50290975586466,5.614093505859375,935.6822509765625
1661,197987,129.4387298336451,6.256921875,1042.8203125
1662,198107,108.53501234210134,5.3047943115234375,884.1323852539062
1663,198227,126.05718633780029,6.096884765625,1016.1474609375
1664,198347,122.32739562486597,5.94422314453125,990.703857421875
1665,198467,127.33924934938685,6.152348876953125,1025.3914794921875
1666,198587,122.21417612005901,5.928884399414063,988.1473999023438
1667,198707,121.31125447964894,5.887028686523437,981.1714477539062
1668,198827,127.33913734666025,6.16026708984375,1026.711181640625
1669,198947,118.22531748254589,5.745863159179687,957.6438598632812
1670,199067,121.41500739241083,5.889484497070312,981.5807495117188
1671,199187,122.37526318552912,5.93099267578125,988.498779296875
1672,199307,127.31944046834951,6.152738525390625,1025.4564208984375
1673,199427,120.46906393100062,5.850778930664062,975.1298217773438
1674,199547,126.03251391930151,6.095438232421875,1015.9063720703125
1675,199667,122.53571115491604,5.93456982421875,989.094970703125
1676,199787,124.76273626159801,6.032587280273438,1005.4312133789062
1677,199907,126.13594246714088,6.10068310546875,1016.780517578125
1678,200027,117.47533508741171,5.710717895507813,951.7863159179688
1679,200147,124.34517943256242,6.019855224609375,1003.3092041015625
1680,200267,116.54220289082454,5.670228881835937,945.0381469726562
1681,200387,116.35016569325784,5.66836376953125,944.727294921875
1682,200507,124.88337067934147,6.041708862304687,1006.9514770507812
1683,200627,123.56195367340368,5.986025390625,997.6708984375
1684,200747,124.5927771031811,6.0303673095703125,1005.0612182617188
1685,200867,123.5141142045131,5.985190795898437,997.5317993164062
1686,200987,122.23206620879223,5.9303089599609375,988.3848266601562
1687,201107,120.50482783641708,5.84543994140625,974.239990234375
1688,201227,127.89460112289447,6.1844765625,1030.74609375
1689,201347,125.59187675690046,6.086470825195312,1014.4118041992188
1690,201467,120.29844220833044,5.833161254882812,972.1935424804688
1691,201587,120.59263303664888,5.850959838867188,975.1599731445312
1692,201707,129.18659689850483,6.23964111328125,1039.940185546875
1693,201827,119.38029098719502,5.793082763671875,965.5137939453125
1694,201947,117.55135558744955,5.710068969726563,951.6781616210938
1695,202067,119.44614619767931,5.80131298828125,966.885498046875
1696,202187,123.1655522646815,5.966542602539063,994.4237670898438
1697,202307,123.44585849472416,5.98203662109375,997.006103515625
1698,202427,124.7025978453043,6.039490356445312,1006.5817260742188
1699,202547,117.994346880807,5.7359091796875,955.98486328125
1700,202667,125.19127897926899,6.059103881835937,1009.8506469726562
1701,202787,116.34491955621904,5.656584594726563,942.7640991210938
1702,202907,126.01288034894296,6.096769775390625,1016.1282958984375
1703,203027,122.13581006003739,5.91434033203125,985.723388671875
1704,203147,119.762462913072,5.809773559570313,968.2955932617188
1705,203267,117.44292979261604,5.70950830078125,951.584716796875
1706,203387,127.6655878949737,6.16551123046875,1027.585205078125
1707,203507,123.84338898244354,5.993033935546875,998.8389892578125
1708,203627,126.57004992580302,6.128778442382813,1021.4630737304688
1709,203747,117.69034166965218,5.722339233398437,953.7232055664062
1710,203867,123.5846341276963,5.992266723632812,998.7111206054688
1711,203987,117.9704506076045,5.725204833984375,954.2008056640625
1712,204107,127.76480840869277,6.171362548828125,1028.5604248046875
1713,204227,124.32859484171628,6.01516259765625,1002.527099609375
1714,204347,119.92214166746241,5.8219932861328125,970.3322143554688
1715,204467,127.42189827082127,6.160442138671875,1026.7403564453125
1716,204587,123.71956056825346,5.9896259765625,998.27099609375
1717,204707,126.1303162100076,6.10281884765625,1017.136474609375
1718,204827,118.96959810162022,5.771646240234375,961.9410400390625
1719,204947,122.23091380816837,5.92839111328125,988.065185546875
1720,205067,126.32377993924503,6.105232177734375,1017.5386962890625
1721,205187,115.60893554709727,5.6169979248046875,936.1663208007812
1722,205307,117.07502678814593,5.687079711914063,947.8466186523438
1723,205427,120.7076022227502,5.853264404296875,975.5440673828125
1724,205547,127.52559715484878,6.160505126953125,1026.7508544921875
1725,205667,128.57641508550702,6.2063115234375,1034.38525390625
1726,205787,129.8401569376973,6.270390380859375,1045.0650634765625
1727,205907,130.9854673383873,6.31909130859375,1053.181884765625
1728,206027,126.70901332001067,6.128222900390625,1021.3704833984375
1729,206147,123.021546155651,5.9657666015625,994.29443359375
1730,206267,117.74932259360705,5.712250854492187,952.0418090820312
1731,206387,123.19131326136437,5.961474243164062,993.5790405273438
1732,206507,127.63814202723682,6.171169921875,1028.5283203125
1733,206627,122.63909111140114,5.928749267578125,988.1248779296875
1734,206747,119.52395520857395,5.8024837646484375,967.0806274414062
1735,206867,121.85431259493251,5.90171484375,983.619140625
1736,206987,123.50942411873278,5.979677124023437,996.6128540039062
1737,207107,127.19311356674339,6.1471728515625,1024.52880859375
1738,207227,127.14990835908948,6.147818115234375,1024.6363525390625
1739,207347,127.85720387604977,6.17765771484375,1029.609619140625
1740,207467,128.933992285813,6.235471435546875,1039.2452392578125
1741,207587,123.01730034052406,5.9535457763671875,992.2576293945312
1742,207707,121.47266573850708,5.880958740234375,980.1597900390625
1743,207827,121.86322308492782,5.901823608398438,983.6372680664062
1744,207947,122.52960255107999,5.940860595703125,990.1434326171875
1745,208067,126.05535647310089,6.0913857421875,1015.23095703125
1746,208187,122.79601963445572,5.946432495117188,991.0720825195312
1747,208307,124.56932670739491,6.029486572265625,1004.9144287109375
1748,208427,126.17303936676598,6.102618530273437,1017.1030883789062
1749,208547,121.63602202454365,5.90069970703125,983.449951171875
1750,208667,120.25157364107861,5.828357666015625,971.3929443359375
1751,208787,121.27970933933214,5.893361206054688,982.2268676757812
1752,208907,126.4564185135009,6.1119884033203125,1018.6647338867188
1753,209027,124.10454518368712,6.009933837890625,1001.6556396484375
1754,209147,126.96783556596122,6.1366248779296875,1022.7708129882812
1755,209267,131.22203300074523,6.329260986328125,1054.8768310546875
1756,209387,122.78786090099253,5.9501802978515625,991.6967163085938
1757,209507,124.66258332677995,6.036005126953125,1006.0008544921875
1758,209627,119.34818857729896,5.788657470703125,964.7762451171875
1759,209747,130.92001927000138,6.312825439453125,1052.1375732421875
1760,209867,111.3638363785266,5.423750610351562,903.9584350585938
1761,209987,123.06499622962858,5.958248291015625,993.0413818359375
1762,210107,119.0446527598667,5.782127563476562,963.6879272460938
1763,210227,128.33280170195158,6.201569091796875,1033.5948486328125
1764,210347,121.6506334043287,5.89771142578125,982.951904296875
1765,210467,121.16478546266137,5.874325561523437,979.0542602539062
1766,210587,123.06174416695366,5.965324584960937,994.2207641601562
1767,210707,121.63343513411351,5.88417626953125,980.696044921875
1768,210827,127.657520263773,6.17073486328125,1028.455810546875
1769,210947,123.99441793422957,6.002023681640625,1000.3372802734375
1770,211067,113.7500289663933,5.532598388671875,922.0997314453125
1771,211187,123.09922095839802,5.954578857421875,992.4298095703125
1772,211307,122.59653233510274,5.9373251953125,989.55419921875
1773,211427,135.19167662506555,6.511675048828125,1085.2791748046875
1774,211547,120.77521453606812,5.860837646484375,976.8062744140625
1775,211667,127.7787969787867,6.173666015625,1028.9443359375
1776,211787,124.23649700565382,6.0052880859375,1000.88134765625
1777,211907,128.10333056736482,6.19641796875,1032.736328125
1778,212027,130.50411938913774,6.299689453125,1049.9482421875
1779,212147,121.62681116909604,5.891713256835938,981.9522094726562
1780,212267,120.88981057950699,5.859387817382813,976.5646362304688
1781,212387,116.82983146800467,5.667670532226563,944.6117553710938
1782,212507,129.17273196874498,6.23827294921875,1039.712158203125
1783,212627,113.75246869874582,5.541615234375,923.6025390625
1784,212747,120.33050463248945,5.8345546875,972.42578125
1785,212867,127.15010896586492,6.15111181640625,1025.185302734375
1786,212987,123.72567078440763,5.986962158203125,997.8270263671875
1787,213107,130.5060136611984,6.2989482421875,1049.82470703125
1788,213227,123.85906785771749,5.993278564453125,998.8797607421875
1789,213347,128.5602551707243,6.212357666015625,1035.3929443359375
1790,213467,127.51161392951875,6.165145751953125,1027.5242919921875
1791,213587,118.66426117310041,5.765881713867188,960.9802856445312
1792,213707,126.29228383086026,6.101025512695313,1016.8375854492188
1793,213827,121.67467789861195,5.896839111328125,982.8065185546875
1794,213947,124.47487409953973,6.01554638671875,1002.591064453125
1795,214067,126.06131071749876,6.09047900390625,1015.079833984375
1796,214187,133.6453207102789,6.437507080078125,1072.9178466796875
1797,214307,118.01574030562438,5.732325073242188,955.3875122070312
1798,214427,124.3646893091508,6.01673291015625,1002.788818359375
1799,214547,115.68329303490634,5.617027954101562,936.1713256835938
1800,214667,122.52200524492267,5.935397827148438,989.2329711914062
1801,214787,124.70524712234456,6.032868530273437,1005.4780883789062
1802,214907,124.59476469899136,6.036188232421875,1006.0313720703125
1803,215027,125.25111450222224,6.053996337890625,1008.9993896484375
1804,215147,120.9011208395273,5.86872216796875,978.120361328125
1805,215267,128.46021352000253,6.1996494140625,1033.27490234375
1806,215387,127.32143483546574,6.149224365234375,1024.8707275390625
1807,215507,119.4361302751825,5.79672509765625,966.120849609375
1808,215627,124.98408324989502,6.048420776367188,1008.0701293945312
1809,215747,123.6757747114739,5.984947631835937,997.4912719726562
1810,215867,128.0176022736089,6.1871923828125,1031.19873046875
1811,215987,116.50987825654933,5.665786010742187,944.2976684570312
1812,216107,123.9228245378325,5.996685791015625,999.4476318359375
1813,216227,118.47755430935443,5.757119750976562,959.5199584960938
1814,216347,122.56594891362393,5.9354443359375,989.24072265625
1815,216467,118.25856822047005,5.744532348632813,957.4220581054688
1816,216587,118.68579163104063,5.764166015625,960.6943359375
1817,216707,119.13228338387297,5.7826611328125,963.77685546875
1818,216827,125.67744010190022,6.078163696289063,1013.0272827148438
1819,216947,117.04767551446608,5.68708154296875,947.846923828125
1820,217067,118.73386271193121,5.769197021484375,961.5328369140625
1821,217187,121.77037627496709,5.8990224609375,983.17041015625
1822,217307,120.28955009763324,5.834793823242188,972.4656372070312
1823,217427,125.2875980764271,6.063622924804688,1010.6038208007812
1824,217547,115.80492064501576,5.63433837890625,939.056396484375
1825,217667,123.5608193010282,5.977298217773438,996.2163696289062
1826,217787,127.00868217602986,6.13302685546875,1022.171142578125
1827,217907,124.08534792438559,6.009812622070313,1001.6354370117188
1828,218027,131.32636023723944,6.336882568359375,1056.1470947265625
1829,218147,127.50474559436843,6.1679560546875,1027.99267578125
1830,218267,120.95784635505441,5.861790893554687,976.9651489257812
1831,218387,116.41585822991345,5.654203125,942.3671875
1832,218507,122.2387810019743,5.924147094726562,987.3578491210938
1833,218627,124.46061900342215,6.019630004882813,1003.2716674804688
1834,218747,124.75389524290816,6.033494384765625,1005.5823974609375
1835,218867,127.68824006036192,6.173570068359375,1028.9283447265625
1836,218987,121.15399314325067,5.87431494140625,979.052490234375
1837,219107,129.20947738641752,6.24296923828125,1040.494873046875
1838,219227,126.38028817099968,6.114493286132812,1019.0822143554688
1839,219347,121.46855982171357,5.88795263671875,981.325439453125
1840,219467,117.53635157043347,5.71243212890625,952.072021484375
1841,219587,124.86721570412134,6.04698193359375,1007.830322265625
1842,219707,122.06989062331897,5.919094482421875,986.5157470703125
1843,219827,121.35338695016326,5.877825439453125,979.6375732421875
1844,219947,128.15282307993687,6.19015283203125,1031.692138671875
1845,220067,118.12365182404827,5.74522705078125,957.537841796875
1846,220187,116.15105424755922,5.650829223632813,941.8048706054688
1847,220307,122.68551820428294,5.9406104736328125,990.1017456054688
1848,220427,128.65354310797005,6.220549072265625,1036.7581787109375
1849,220547,125.79693493192393,6.087958740234375,1014.6597900390625
1850,220667,121.89931737448343,5.903262084960938,983.8770141601562
1851,220787,121.98860884883516,5.909246337890625,984.8743896484375
1852,220907,122.61342027888713,5.947156860351562,991.1928100585938
1853,221027,120.49894055211065,5.8389169921875,973.15283203125
1854,221147,128.61854512638425,6.2133896484375,1035.56494140625
1855,221267,130.87260463862384,6.3160693359375,1052.67822265625
1856,221387,126.07791493231856,6.097648315429687,1016.2747192382812
1857,221507,124.53601490232298,6.02459033203125,1004.098388671875
1858,221627,129.41637751847168,6.248854248046875,1041.4757080078125
1859,221747,120.73522478515059,5.8545439453125,975.75732421875
1860,221867,122.45114783723332,5.93219970703125,988.699951171875
1861,221987,126.27351125314087,6.1089979248046875,1018.1663208007812
1862,222107,118.7499445024326,5.767690795898438,961.2817993164062
1863,222227,123.8455840695112,5.997633178710937,999.6055297851562
1864,222347,121.16791696474547,5.8736337890625,978.93896484375
1865,222467,125.13733439133972,6.0517265625,1008.62109375
1866,222587,125.50978071377963,6.0742646484375,1012.37744140625
1867,222707,126.00190230264909,6.1013902587890625,1016.8983764648438
1868,222827,120.63671255683693,5.850277954101562,975.0463256835938
1869,222947,128.54974846635704,6.220822265625,1036.8037109375
1870,223067,126.30268606309058,6.112932861328125,1018.8221435546875
1871,223187,128.754270397018,6.21934716796875,1036.557861328125
1872,223307,121.03840120491125,5.872951171875,978.8251953125
1873,223427,123.77672339750744,5.994235107421875,999.0391845703125
1874,223547,121.98270255802811,5.906395385742187,984.3992309570312
1875,223667,124.70790063295648,6.04491943359375,1007.486572265625
1876,223787,122.60805217919463,5.9440810546875,990.68017578125
1877,223907,126.70365955220363,6.127016967773438,1021.1694946289062
1878,224027,122.18140713555714,5.921279296875,986.8798828125
1879,224147,121.53795691588297,5.892009521484375,982.0015869140625
1880,224267,125.32090099158938,6.059143798828125,1009.8572998046875
1881,224387,123.34503318778013,5.975048583984375,995.8414306640625
1882,224507,120.87536051603448,5.867380004882812,977.8966674804688
1883,224627,121.68252432834964,5.899349853515625,983.2249755859375
1884,224747,127.87704025617492,6.180038818359375,1030.0064697265625
1885,224867,120.8576569085481,5.863048828125,977.1748046875
1886,224987,120.85561798851886,5.858706665039063,976.4511108398438
1887,225107,126.09035697640365,6.102675659179687,1017.1126098632812
1888,225227,127.2703060747467,6.153262939453125,1025.5438232421875
1889,225347,124.6444066551639,6.029644409179688,1004.9407348632812
1890,225467,130.06516766256172,6.278203857421875,1046.3673095703125
1891,225587,126.67752513775409,6.1334989013671875,1022.2498168945312
1892,225707,129.59574259292998,6.26400732421875,1044.001220703125
1893,225827,125.97354347898346,6.0885032958984375,1014.7505493164062
1894,225947,122.3120336132663,5.926591918945313,987.7653198242188
1895,226067,122.27782751535679,5.921785034179687,986.9641723632812
1896,226187,113.18957459122585,5.511009887695312,918.5016479492188
1897,226307,118.19770596057711,5.738094360351562,956.3490600585938
1898,226427,121.93967476459332,5.91008203125,985.013671875
1899,226547,122.00904171744727,5.910466186523437,985.0776977539062
1900,226667,118.6199621677977,5.756636352539062,959.4393920898438
1901,226787,123.071734773815,5.9644537353515625,994.0756225585938
1902,226907,120.3374048590591,5.832982177734375,972.1636962890625
1903,227027,121.67557457639849,5.898873046875,983.1455078125
1904,227147,122.60523777857667,5.952521850585938,992.0869750976562
1905,227267,122.37348567989743,5.92551123046875,987.585205078125
1906,227387,120.45034344087165,5.841062622070313,973.5104370117188
1907,227507,123.77058116737163,5.985790649414063,997.6317749023438
1908,227627,132.5885079497889,6.4025947265625,1067.09912109375
1909,227747,124.14822838633239,6.0104091796875,1001.73486328125
1910,227867,124.07682001653305,6.004255737304687,1000.7092895507812
1911,227987,128.69755159615136,6.21882568359375,1036.470947265625
1912,228107,127.2845610312231,6.15543896484375,1025.906494140625
1913,228227,118.9453768260334,5.781881469726563,963.6469116210938
1914,228347,125.21142864773807,6.060247924804687,1010.0413208007812
1915,228467,121.60490950431598,5.89692626953125,982.821044921875
1916,228587,130.06374951315834,6.2803623046875,1046.72705078125
1917,228707,120.23854552294524,5.833439575195312,972.2399291992188
1918,228827,118.9802843114999,5.771502685546875,961.9171142578125
1919,228947,127.64805392950173,6.169017333984375,1028.1695556640625
1920,229067,123.07458776358206,5.963814697265625,993.9691162109375
1921,229187,116.84665819808892,5.68111962890625,946.853271484375
1922,229307,126.23097965144837,6.106716796875,1017.7861328125
1923,229427,121.7477854562923,5.899039672851562,983.1732788085938
1924,229547,126.08567369571713,6.103498168945313,1017.2496948242188
1925,229667,130.90376430806248,6.314340087890625,1052.3900146484375
1926,229787,125.73372262484047,6.080817993164063,1013.4696655273438
1927,229907,127.42212698421051,6.165053466796875,1027.5089111328125
1928,230027,124.30858225364443,6.01346923828125,1002.244873046875
1929,230147,117.13510776488103,5.687148193359375,947.8580322265625
1930,230267,113.39600863863735,5.5232548828125,920.54248046875
1931,230387,119.48147150280724,5.80275439453125,967.125732421875
1932,230507,121.38421158268423,5.878631103515625,979.7718505859375
1933,230627,123.97133591109477,6.001679443359375,1000.2799072265625
1934,230747,129.01945097227383,6.24459228515625,1040.765380859375
1935,230867,119.44382755535709,5.794831420898437,965.8052368164062
1936,230987,126.66525472852163,6.122671508789063,1020.4452514648438
1937,231107,121.51442236589256,5.8824052734375,980.40087890625
1938,231227,124.90390000262447,6.051248291015625,1008.5413818359375
1939,231347,125.26242632920696,6.066691040039062,1011.1151733398438
1940,231467,122.94788764997529,5.955283447265625,992.5472412109375
1941,231587,124.11536147965344,6.003569091796875,1000.5948486328125
1942,231707,122.15294325711474,5.91563232421875,985.938720703125
1943,231827,124.5760947404569,6.029816528320312,1004.9694213867188
1944,231947,123.50338226980458,5.9867373046875,997.78955078125
1945,232067,121.88318241000495,5.905116943359375,984.1861572265625
1946,232187,121.20596866809142,5.875235961914062,979.2059936523438
1947,232307,128.89828345367522,6.21840380859375,1036.400634765625
1948,232427,127.45223291920887,6.1516845703125,1025.28076171875
1949,232547,122.47614494210019,5.93181005859375,988.635009765625
1950,232667,131.71196894183993,6.354052734375,1059.0087890625
1951,232787,121.11333486235579,5.869664794921875,978.2774658203125
1952,232907,124.55346239417784,6.026233520507812,1004.3722534179688
1953,233027,121.95635759608099,5.910525512695313,985.0875854492188
1954,233147,117.28482524553883,5.702745483398438,950.4575805664062
1955,233267,124.91231242569324,6.042759887695312,1007.1266479492188
1956,233387,126.15522711923668,6.0950167236328125,1015.8361206054688
1957,233507,123.18405099065136,5.967106567382812,994.5177612304688
1958,233627,121.3770054329188,5.880974487304687,980.1624145507812
1959,233747,118.11336070881967,5.731487182617188,955.2478637695312
1960,233867,124.54927262593306,6.028894409179688,1004.8157348632812
1961,233987,127.05949683294874,6.141684814453125,1023.6141357421875
1962,234107,118.42579424636547,5.743893676757812,957.3156127929688
1963,234227,124.93745310300545,6.043832153320312,1007.3053588867188
1964,234347,132.10530566607127,6.367970947265625,1061.3284912109375
1965,234467,128.61817806815617,6.209724609375,1034.9541015625
1966,234587,122.43918571351763,5.9421240234375,990.35400390625
1967,234707,121.31838256437432,5.87971875,979.953125
1968,234827,135.09876725601185,6.50666015625,1084.443359375
1969,234947,129.9946355044436,6.27341748046875,1045.569580078125
1970,235067,120.26777302827531,5.828532348632812,971.4220581054688
1971,235187,126.46327954208702,6.107934448242188,1017.9890747070312
1972,235307,117.78322479439014,5.719374755859375,953.2291259765625
1973,235427,126.74197597869122,6.123473510742188,1020.5789184570312
1974,235547,125.9655298301042,6.091201904296875,1015.2003173828125
1975,235667,120.19923226844787,5.829934204101563,971.6557006835938
1976,235787,125.75783336296914,6.080266845703125,1013.3778076171875
1977,235907,125.79984573813657,6.083947631835938,1013.9912719726562
1978,236027,121.32323029585778,5.8771669921875,979.52783203125
1979,236147,124.16735042210269,6.008666748046875,1001.4444580078125
1980,236267,124.43110030938116,6.021898315429688,1003.6497192382812
1981,236387,118.15163116193031,5.733926147460937,955.6543579101562
1982,236507,124.03756703349227,6.005483642578125,1000.9139404296875
1983,236627,122.84739085503651,5.943042846679687,990.5071411132812
1984,236747,122.06425258623806,5.909021484375,984.8369140625
1985,236867,120.75776716108307,5.85120263671875,975.200439453125
1986,236987,126.138285138796,6.096472412109375,1016.0787353515625
1987,237107,124.31291423250028,6.019519775390625,1003.2532958984375
1988,237227,124.03550513132352,6.002149658203125,1000.3582763671875
1989,237347,131.19615482326066,6.32892626953125,1054.821044921875
1990,237467,123.25812247862228,5.967515991210938,994.5859985351562
1991,237587,122.59509395064522,5.935658935546875,989.2764892578125
1992,237707,119.09415940649707,5.773041137695312,962.1735229492188
1993,237827,119.86405779765452,5.809205932617187,968.2009887695312
1994,237947,121.44251900938652,5.8841455078125,980.69091796875
1995,238067,117.19391467593522,5.6875067138671875,947.9177856445312
1996,238187,134.50589547918992,6.477462890625,1079.5771484375
1997,238307,119.56954400538362,5.797146240234375,966.1910400390625
1998,238427,120.37736000216094,5.8310712890625,971.84521484375
1999,238547,120.95344328386778,5.861579956054688,976.9299926757812
2000,238667,122.73164153223664,5.940827270507812,990.1378784179688
2001,238787,130.81180096231512,6.308197998046875,1051.3663330078125
2002,238907,122.59751737825393,5.9379169921875,989.65283203125
2003,239027,130.09327526249763,6.275361328125,1045.8935546875
2004,239147,120.79135950369113,5.860988159179687,976.8313598632812
2005,239267,133.12040590445415,6.415376953125,1069.2294921875
2006,239387,126.10961745855076,6.0988740234375,1016.47900390625
2007,239507,127.85092019353189,6.17363525390625,1028.939208984375
2008,239627,123.30029697557978,5.96796826171875,994.661376953125
2009,239747,118.13027521452054,5.735029907226562,955.8383178710938
2010,239867,122.74268446784113,5.94236572265625,990.394287109375
2011,239987,125.08173499834191,6.052956665039063,1008.8261108398438
2012,240107,130.4317888408981,6.298597412109375,1049.7662353515625
2013,240227,123.55671353731123,5.97927685546875,996.546142578125
2014,240347,122.47375418774283,5.9310238037109375,988.5039672851562
2015,240467,118.1097247535853,5.731194580078125,955.1990966796875
2016,240587,124.39622669521526,6.0150384521484375,1002.5064086914062
2017,240707,131.06133334151335,6.32366455078125,1053.944091796875
2018,240827,136.64028057456682,6.577821533203125,1096.3035888671875
2019,240947,131.5876725623692,6.350485107421875,1058.4141845703125
2020,241067,122.42546328931516,5.930264282226562,988.3773803710938
2021,241187,124.60789959682734,6.03069873046875,1005.116455078125
2022,241307,118.39945828414591,5.740516845703125,956.7528076171875
2023,241427,126.35586764256003,6.106144775390625,1017.6907958984375
2024,241547,118.27152705685575,5.735465698242187,955.9109497070312
2025,241667,126.84157834529505,6.130707275390625,1021.7845458984375
2026,241787,126.71444649228917,6.121925903320313,1020.3209838867188
2027,241907,115.3426930979542,5.601958740234375,933.6597900390625
2028,242027,119.04069750434654,5.769520751953125,961.5867919921875
2029,242147,120.32267547645938,5.833184692382813,972.1974487304688
2030,242267,123.23417834703875,5.962734008789062,993.7890014648438
2031,242387,128.54621334587236,6.207815185546875,1034.6358642578125
2032,242507,125.18913901686024,6.058171142578125,1009.6951904296875
2033,242627,127.11147894673628,6.138952514648437,1023.1587524414062
2034,242747,133.2514861614298,6.426034423828125,1071.0057373046875
2035,242867,123.65095971778496,5.98910009765625,998.183349609375
2036,242987,128.0803352845477,6.183233642578125,1030.5389404296875
2037,243107,122.86047110476406,5.950726684570313,991.7877807617188
2038,243227,125.64782214001976,6.07531494140625,1012.552490234375
2039,243347,124.6849751095047,6.031981201171875,1005.3302001953125
2040,243467,126.9041528366851,6.12729052734375,1021.215087890625
2041,243587,113.73286453983005,5.536120971679687,922.6868286132812
2042,243707,126.34618976800513,6.1114610595703125,1018.5768432617188
2043,243827,128.8046417570045,6.216763916015625,1036.1273193359375
2044,243947,120.88613307815157,5.856365112304688,976.0608520507812
2045,244067,130.7344421636737,6.305836669921875,1050.9727783203125
2046,244187,128.45388871166642,6.2037890625,1033.96484375
2047,244307,122.88084400399259,5.945970336914063,990.9950561523438
2048,244427,126.4604147075921,6.1139326171875,1018.98876953125
2049,244547,124.09557575565148,6.002608154296875,1000.4346923828125
2050,244667,123.00402961558716,5.959188720703125,993.1981201171875
2051,244787,129.52532733464932,6.254912841796875,1042.4854736328125
2052,244907,127.68661659251173,6.166563720703125,1027.7606201171875
2053,245027,115.26005879142618,5.613883666992187,935.6472778320312
2054,245147,119.4139153884991,5.7914384765625,965.23974609375
2055,245267,122.43311616200876,5.926752685546875,987.7921142578125
2056,245387,128.32506614246006,6.199260498046875,1033.2100830078125
2057,245507,132.97131433845718,6.408712646484375,1068.1187744140625
2058,245627,120.27874352770462,5.834545166015625,972.4241943359375
2059,245747,117.26374990445726,5.6908564453125,948.47607421875
2060,245867,124.39995377395587,6.0200042724609375,1003.3340454101562
2061,245987,123.91320160341945,5.9956171875,999.26953125
2062,246107,124.29390921727898,6.012311279296875,1002.0518798828125
2063,246227,126.27098520625736,6.105057495117188,1017.5095825195312
2064,246347,133.4797773349132,6.432939697265625,1072.1566162109375
2065,246467,131.37454828826807,6.33821044921875,1056.368408203125
2066,246587,126.80925391950774,6.12976318359375,1021.627197265625
2067,246707,121.7043007890769,5.899610961914062,983.2684936523438
2068,246827,124.37788171142188,6.017778076171875,1002.9630126953125
2069,246947,128.82316508687308,6.215138671875,1035.8564453125
2070,247067,128.23262821528937,6.202477294921875,1033.7462158203125
2071,247187,123.15359997301358,5.962735473632812,993.7892456054688
2072,247307,130.67799030416387,6.306419677734375,1051.0699462890625
2073,247427,125.31749468683768,6.06556494140625,1010.927490234375
2074,247547,128.98491220429887,6.22355712890625,1037.259521484375
2075,247667,122.20314569630429,5.921404541015625,986.9007568359375
2076,247787,119.6943824748304,5.80546142578125,967.576904296875
2077,247907,133.94986910117507,6.462303955078125,1077.0506591796875
2078,248027,125.04335377071754,6.050589111328125,1008.4315185546875
2079,248147,126.8966505174062,6.135374267578125,1022.5623779296875
2080,248267,123.25532759717328,5.9668341064453125,994.4723510742188
2081,248387,119.33293064204582,5.787566162109375,964.5943603515625
2082,248507,132.96888720233193,6.4131650390625,1068.86083984375
2083,248627,124.32263720981258,6.01986767578125,1003.311279296875
2084,248747,127.41369818985211,6.15708251953125,1026.180419921875
2085,248867,123.55213319790298,5.98833544921875,998.055908203125
2086,248987,118.03369337110098,5.730181640625,955.0302734375
2087,249107,116.87983947423848,5.681889038085938,946.9815063476562
2088,249227,120.59456281637745,5.853721435546875,975.6202392578125
2089,249347,121.56485148728052,5.892234741210937,982.0391235351562
2090,249467,128.28398048805843,6.198495849609375,1033.0826416015625
2091,249587,120.69516485597278,5.858352172851562,976.3920288085938
2092,249707,131.2019203351062,6.32949462890625,1054.915771484375
2093,249827,131.24723050325304,6.332580322265625,1055.4300537109375
2094,249947,127.02512288431545,6.141898681640625,1023.6497802734375
2095,250067,124.58038051283407,6.02865087890625,1004.775146484375
2096,250187,124.02743317547389,6.0018251953125,1000.30419921875
2097,250307,124.60819055793527,6.026060668945313,1004.3434448242188
2098,250427,124.03636308859338,6.007735107421875,1001.2891845703125
2099,250547,119.24838755074605,5.796022338867187,966.0037231445312
2100,250667,125.73337551781047,6.083741821289062,1013.9569702148438
2101,250787,119.82262415509301,5.811391845703125,968.5653076171875
2102,250907,126.27181342419324,6.107212280273438,1017.8687133789062
2103,251027,125.29242270204324,6.063994995117188,1010.6658325195312
2104,251147,131.17412826303712,6.3271142578125,1054.51904296875
2105,251267,126.10042848348027,6.096860229492187,1016.1433715820312
2106,251387,116.30482451758745,5.652155639648438,942.0259399414062
2107,251507,125.01211495630615,6.048974853515625,1008.1624755859375
2108,251627,126.73864257814736,6.134032104492188,1022.3386840820312
2109,251747,125.70891097332651,6.083278930664062,1013.8798217773438
2110,251867,120.9094865807129,5.862313842773437,977.0523071289062
2111,251987,126.05611392091437,6.090463623046875,1015.0772705078125
2112,252107,130.47654168667523,6.2912724609375,1048.54541015625
2113,252227,132.75565463340547,6.40637255859375,1067.728759765625
2114,252347,120.5380457894287,5.844572021484375,974.0953369140625
2115,252467,126.7578661868148,6.128967041015625,1021.4945068359375
2116,252587,129.74729336638984,6.26429736328125,1044.049560546875
2117,252707,122.67887717674671,5.946744140625,991.1240234375
2118,252827,121.44774527097596,5.8821064453125,980.35107421875
2119,252947,117.06746595167274,5.684897827148437,947.4829711914062
2120,253067,132.02574897654355,6.37206884765625,1062.011474609375
2121,253187,135.93650921555778,6.548148193359375,1091.3580322265625
2122,253307,125.17952941331254,6.055251708984375,1009.2086181640625
2123,253427,118.12017607376595,5.732591674804688,955.4319458007812
2124,253547,132.45744454930465,6.386252197265625,1064.3753662109375
2125,253667,122.37193107767233,5.927013427734375,987.8355712890625
2126,253787,124.36520011106748,6.0204287109375,1003.40478515625
2127,253907,132.08152147145591,6.370190185546875,1061.6983642578125
2128,254027,128.24115970549687,6.191126953125,1031.8544921875
2129,254147,120.94281451002304,5.869820068359375,978.3033447265625
2130,254267,133.83170505474277,6.45267919921875,1075.446533203125
2131,254387,115.78920069738513,5.630729736328125,938.4549560546875
2132,254507,127.49362558210612,6.160924072265625,1026.8206787109375
2133,254627,115.82471888182164,5.635651611328125,939.2752685546875
2134,254747,129.96669279374964,6.26708056640625,1044.513427734375
2135,254867,125.24682757558688,6.055667358398438,1009.2778930664062
2136,254987,126.28295737248534,6.1033740234375,1017.22900390625
2137,255107,122.36272084884712,5.928958374023438,988.1597290039062
2138,255227,125.36200296790611,6.065053344726563,1010.8422241210938
2139,255347,123.09738989530979,5.956346557617188,992.7244262695312
2140,255467,130.1126472761229,6.280130859375,1046.6884765625
2141,255587,133.7348140022419,6.446718017578125,1074.4530029296875
2142,255707,120.44098687098945,5.836003784179687,972.6672973632812
2143,255827,125.92260858737546,6.088960693359375,1014.8267822265625
2144,255947,125.1298376414794,6.061518310546875,1010.2530517578125
2145,256067,121.57128296572515,5.895803833007813,982.6339721679688
2146,256187,124.53181416393554,6.02618408203125,1004.364013671875
2147,256307,118.74014538273343,5.767937255859375,961.3228759765625
2148,256427,123.2934321380175,5.971796264648438,995.2993774414062
2149,256547,126.62686633009992,6.121111083984375,1020.1851806640625
2150,256667,124.64148154028481,6.031755249023438,1005.2925415039062
2151,256787,131.90189440073667,6.3640107421875,1060.66845703125
2152,256907,132.1377592805878,6.3787880859375,1063.13134765625
2153,257027,122.65735710818124,5.945435668945312,990.9059448242188
2154,257147,126.20265935232274,6.097538452148438,1016.2564086914062
2155,257267,124.7314522805795,6.033102905273437,1005.5171508789062
2156,257387,116.22476853482776,5.6482705078125,941.37841796875
2157,257507,128.6701509681469,6.21638671875,1036.064453125
2158,257627,127.64794312979512,6.171025634765625,1028.5042724609375
2159,257747,116.8123930024478,5.6730281982421875,945.5046997070312
2160,257867,128.28092033796975,6.197879150390625,1032.9798583984375
2161,257987,127.32844931861146,6.156931640625,1026.1552734375
2162,258107,125.00237230627174,6.058071899414062,1009.6786499023438
2163,258227,117.95582266884982,5.725708374023437,954.2847290039062
2164,258347,119.93995039064708,5.812197875976563,968.6996459960938
2165,258467,124.06768669193585,6.006263305664063,1001.0438842773438
2166,258587,124.1487437348618,6.006048706054687,1001.0081176757812
2167,258707,113.37100023183734,5.519344116210937,919.8906860351562
2168,258827,123.16557809539364,5.9563857421875,992.73095703125
2169,258947,123.27794077566983,5.964836059570312,994.1393432617188
2170,259067,119.31443213668466,5.78694580078125,964.490966796875
2171,259187,118.1269137138681,5.733224487304687,955.5374145507812
2172,259307,128.80257377406272,6.21750439453125,1036.250732421875
2173,259427,137.7289914860605,6.62339794921875,1103.899658203125
2174,259547,129.9190825197689,6.273380126953125,1045.5633544921875
2175,259667,129.755561835328,6.266619140625,1044.4365234375
2176,259787,128.8074965773024,6.221150390625,1036.8583984375
2177,259907,128.3824745222909,6.2010087890625,1033.50146484375
2178,260027,126.96518917014976,6.12762744140625,1021.271240234375
2179,260147,118.62100910169355,5.7600596923828125,960.0099487304688
2180,260267,123.63480670471807,5.987418823242187,997.9031372070312
2181,260387,128.27729728861982,6.202097900390625,1033.6829833984375
2182,260507,126.64124239113313,6.125957885742188,1020.9929809570312
2183,260627,124.49315496807641,6.01965673828125,1003.276123046875
2184,260747,124.76321473520856,6.037933227539063,1006.3222045898438
2185,260867,127.90584060257684,6.179512939453125,1029.9188232421875
2186,260987,128.9666140147534,6.22475244140625,1037.458740234375
2187,261107,121.61090030502677,5.8957119140625,982.61865234375
2188,261227,134.94286157473476,6.499377685546875,1083.2296142578125
2189,261347,121.26704770980632,5.876995971679688,979.4993286132812
2190,261467,124.40459265011476,6.0273109130859375,1004.5518188476562
2191,261587,122.67745507071909,5.934702392578125,989.1170654296875
2192,261707,123.96717281734313,6.002562744140625,1000.4271240234375
2193,261827,125.54054940018,6.069242797851563,1011.5404663085938
2194,261947,119.96253953360245,5.821036743164062,970.1727905273438
2195,262067,119.45374546068678,5.793816650390625,965.6361083984375
2196,262187,116.66481919368508,5.6664609375,944.41015625
2197,262307,120.72657001588101,5.8592255859375,976.53759765625
2198,262427,118.01646254940897,5.727464721679688,954.5774536132812
2199,262547,126.18864073478713,6.096856567382813,1016.1427612304688
2200,262667,130.31781599866605,6.289872802734375,1048.3121337890625
2201,262787,117.01282403718085,5.6850791015625,947.51318359375
2202,262907,119.79748543985303,5.803825927734375,967.3043212890625
2203,263027,124.47546209848295,6.028607299804688,1004.7678833007812
2204,263147,128.587304539816,6.2101376953125,1035.02294921875
2205,263267,137.20662865476942,6.6048720703125,1100.81201171875
2206,263387,130.76451019110806,6.31119580078125,1051.865966796875
2207,263507,122.40700984383886,5.934579345703125,989.0965576171875
2208,263627,123.57466303809902,5.984612548828125,997.4354248046875
2209,263747,121.69626299928922,5.897141967773438,982.8569946289062
2210,263867,125.73651885764987,6.081639038085937,1013.6065063476562
2211,263987,120.44687552174666,5.848441040039062,974.7401733398438
2212,264107,127.79067104982985,6.176124755859375,1029.3541259765625
2213,264227,127.59391909683373,6.1630751953125,1027.17919921875
2214,264347,132.61930284722644,6.39432861328125,1065.721435546875
2215,264467,125.79883307215107,6.084367309570313,1014.0612182617188
2216,264587,132.43727225182278,6.3860390625,1064.33984375
2217,264707,120.07403422078926,5.827103393554688,971.1838989257812
2218,264827,119.163405846451,5.781043212890625,963.5072021484375
2219,264947,121.90395043428784,5.911129760742187,985.1882934570312
2220,265067,119.41574931627144,5.797669189453125,966.2781982421875
2221,265187,132.4982574202313,6.38620751953125,1064.367919921875
2222,265307,122.43961438037047,5.928804931640625,988.1341552734375
2223,265427,123.74017550160758,5.98850830078125,998.084716796875
2224,265547,131.58673353307,6.354706787109375,1059.1177978515625
2225,265667,117.8785569245998,5.7296773681640625,954.9462280273438
2226,265787,116.7611125593393,5.672637084960938,945.4395141601562
2227,265907,127.71817384637193,6.167970703125,1027.9951171875
2228,266027,125.10538140075383,6.057409790039062,1009.5682983398438
2229,266147,121.17721142603955,5.8738154296875,978.96923828125
2230,266267,129.88163494235806,6.27247705078125,1045.412841796875
2231,266387,122.36469131038022,5.9204765625,986.74609375
2232,266507,120.30672652047664,5.839404418945312,973.2340698242188
2233,266627,123.05432020432355,5.965061279296875,994.1768798828125
2234,266747,125.26329395824084,6.063655883789062,1010.6093139648438
2235,266867,121.73169255314566,5.906057373046875,984.3428955078125
2236,266987,114.97753279514575,5.5983427734375,933.05712890625
2237,267107,133.88906919858556,6.450608642578125,1075.1014404296875
2238,267227,126.08507234313143,6.101176391601562,1016.8627319335938
2239,267347,118.107269240179,5.739175048828125,956.5291748046875
2240,267467,123.39536876245282,5.983271118164063,997.2118530273438
2241,267587,127.05328357187035,6.146781005859375,1024.4635009765625
2242,267707,128.983334552968,6.23164013671875,1038.606689453125
2243,267827,120.11976384816634,5.838002197265625,973.0003662109375
2244,267947,128.58269214367522,6.2088544921875,1034.80908203125
2245,268067,129.62184552076434,6.25636083984375,1042.726806640625
2246,268187,123.01356382878146,5.953201904296875,992.2003173828125
2247,268307,118.30788150041387,5.745474975585937,957.5791625976562
2248,268427,114.6275758715717,5.58020068359375,930.033447265625
2249,268547,126.9887458960338,6.139347290039063,1023.2245483398438
2250,268667,125.52096187719567,6.068124755859375,1011.3541259765625
2251,268787,122.99774930654578,5.955874877929688,992.6458129882812
2252,268907,129.63104635045985,6.252892822265625,1042.1488037109375
2253,269027,122.76151515889211,5.945952758789063,990.9921264648438
2254,269147,130.1553767737846,6.274068603515625,1045.6781005859375
2255,269267,120.60071478037044,5.848078125,974.6796875
2256,269387,124.58927086204477,6.029680297851563,1004.9467163085938
2257,269507,128.66785010882444,6.209296142578125,1034.8826904296875
2258,269627,118.6612152442637,5.758480224609375,959.7467041015625
2259,269747,124.32871159046377,6.01799560546875,1002.999267578125
2260,269867,124.75582948970948,6.039068115234375,1006.5113525390625
2261,269987,125.01679088433374,6.045596923828125,1007.5994873046875
2262,270107,130.57954915370587,6.306533935546875,1051.0889892578125
2263,270227,126.75428163538282,6.12892236328125,1021.487060546875
2264,270347,133.65140245789172,6.43977978515625,1073.296630859375
2265,270467,117.40992345029622,5.714070922851563,952.3451538085938
2266,270587,122.40244391675564,5.931041748046875,988.5069580078125
2267,270707,124.84383055510945,6.037950805664062,1006.3251342773438
2268,270827,126.13994486472689,6.097927368164062,1016.3212280273438
2269,270947,123.60266039327297,5.986902099609375,997.8170166015625
2270,271067,128.31578951862136,6.203193603515625,1033.8656005859375
2271,271187,126.14995235600884,6.102079467773438,1017.0132446289062
2272,271307,119.7078131933681,5.805603515625,967.6005859375
2273,271427,127.045405508823,6.136550170898437,1022.7583618164062
2274,271547,133.8763294782865,6.456951416015625,1076.1585693359375
2275,271667,123.27640914309735,5.969256958007812,994.8761596679688
2276,271787,121.15860549638343,5.871164794921875,978.5274658203125
2277,271907,120.45869309121872,5.841698364257812,973.6163940429688
2278,272027,124.2912922271383,6.0196600341796875,1003.2766723632812
2279,272147,124.40353777915429,6.02544873046875,1004.241455078125
2280,272267,123.86806154139727,5.999357299804688,999.8928833007812
2281,272387,124.02534027203606,6.01210546875,1002.017578125
2282,272507,124.60187547519531,6.029204223632813,1004.8673706054688
2283,272627,132.4027136313324,6.388046630859375,1064.6744384765625
2284,272747,125.21398711444877,6.065689819335938,1010.9483032226562
2285,272867,127.53712520816559,6.166552001953125,1027.7586669921875
2286,272987,127.08954573445156,6.14411279296875,1024.018798828125
2287,273107,131.1873979082146,6.330197021484375,1055.0328369140625
2288,273227,124.48591933899564,6.029374877929688,1004.8958129882812
2289,273347,125.76158793061234,6.078342407226563,1013.0570678710938
2290,273467,118.59741969694132,5.756448120117187,959.4080200195312
2291,273587,123.5194017623005,5.97628564453125,996.047607421875
2292,273707,128.5586591772068,6.211789306640625,1035.2982177734375
2293,273827,128.7212033020894,6.217072998046875,1036.1788330078125
2294,273947,122.86914367265724,5.950378051757813,991.7296752929688
2295,274067,130.96718269593507,6.32991796875,1054.986328125
2296,274187,127.54146216432409,6.16651611328125,1027.752685546875
2297,274307,126.20113726739375,6.103111083984375,1017.1851806640625
2298,274427,119.32778662574917,5.793425903320313,965.5709838867188
2299,274547,118.91558669830475,5.780127685546875,963.3546142578125
2300,274667,120.3134672110919,5.835520751953125,972.5867919921875
2301,274787,124.73529082089038,6.036151611328125,1006.0252685546875
2302,274907,120.5199237865183,5.851271850585937,975.2119750976562
2303,275027,124.82967806311738,6.035580688476562,1005.9301147460938
2304,275147,116.93143033969463,5.68345458984375,947.242431640625
2305,275267,123.14641706259033,5.9656087646484375,994.2681274414062
2306,275387,123.22090703876935,5.970343139648437,995.0571899414062
2307,275507,126.26541317052028,6.107993774414062,1017.9989624023438
2308,275627,133.38887427459676,6.428654296875,1071.4423828125
2309,275747,124.22389555306309,6.016227172851562,1002.7045288085938
2310,275867,126.34288827541272,6.111158203125,1018.5263671875
2311,275987,131.03371289555105,6.331456787109375,1055.2427978515625
2312,276107,130.0840038568691,6.278080810546875,1046.3468017578125
2313,276227,125.18015703999704,6.063891723632812,1010.6486206054688
2314,276347,133.82274900291455,6.45620361328125,1076.033935546875
2315,276467,136.1598270643454,6.55475537109375,1092.459228515625
2316,276587,114.81156701438411,5.58308056640625,930.513427734375
2317,276707,130.12656255203137,6.282551513671875,1047.0919189453125
2318,276827,119.53576682356541,5.800995483398437,966.8325805664062
2319,276947,127.47212988707892,6.15755712890625,1026.259521484375
2320,277067,126.87256007096934,6.1324013671875,1022.06689453125
2321,277187,130.05208203468845,6.273837890625,1045.6396484375
2322,277307,124.1113821838401,6.008506713867187,1001.4177856445312
2323,277427,125.63591611600539,6.07441552734375,1012.402587890625
2324,277547,124.38564040252977,6.0112294921875,1001.87158203125
2325,277667,121.91272129496413,5.909218505859375,984.8697509765625
2326,277787,119.13101137268866,5.77581591796875,962.635986328125
2327,277907,118.8916977070254,5.769963134765625,961.6605224609375
2328,278027,126.65008611931646,6.120383056640625,1020.0638427734375
2329,278147,130.55129126798568,6.298115478515625,1049.6859130859375
2330,278267,124.72761479071441,6.035606689453125,1005.9344482421875
2331,278387,121.62788396263154,5.895118286132813,982.5197143554688
2332,278507,124.88488351966126,6.044094360351562,1007.3490600585938
2333,278627,124.29308857204886,6.018919189453125,1003.1531982421875
2334,278747,117.2076512508577,5.700480102539062,950.0800170898438
2335,278867,126.54854207254087,6.114293334960937,1019.0488891601562
2336,278987,118.97670119903988,5.774631225585938,962.4385375976562
2337,279107,128.6875409699029,6.214112548828125,1035.6854248046875
2338,279227,126.77121466513033,6.131937744140625,1021.9896240234375
2339,279347,115.6946326579978,5.623142578125,937.1904296875
2340,279467,130.8187105136944,6.32197705078125,1053.662841796875
2341,279587,122.46351884376216,5.929764770507813,988.2941284179688
2342,279707,125.54914411996187,6.071413696289063,1011.9022827148438
2343,279827,124.68275208207453,6.036878540039062,1006.1464233398438
2344,279947,128.5585621865867,6.21402392578125,1035.670654296875
2345,280067,132.62145961080967,6.40220654296875,1067.034423828125
2346,280187,118.40813905293997,5.7478355712890625,957.9725952148438
2347,280307,123.69672514509325,5.990683227539063,998.4472045898438
2348,280427,130.66317694642274,6.3048603515625,1050.81005859375
2349,280547,128.06447917869446,6.1920263671875,1032.00439453125
2350,280667,124.51872709422595,6.022620483398438,1003.7700805664062
2351,280787,133.04346679849544,6.418660400390625,1069.7767333984375
2352,280907,128.3514016902608,6.1990869140625,1033.18115234375
2353,281027,118.20779853652361,5.740715698242187,956.7859497070312
2354,281147,125.77335304512427,6.078467651367188,1013.0779418945312
2355,281267,127.36564441334433,6.152329833984375,1025.3883056640625
2356,281387,125.67624872597344,6.079235229492188,1013.2058715820312
2357,281507,125.49125131374407,6.075748901367188,1012.6248168945312
2358,281627,132.70441367959023,6.39738427734375,1066.230712890625
2359,281747,126.81132760824025,6.130112182617188,1021.6853637695312
2360,281867,128.13549200484917,6.187585693359375,1031.2642822265625
2361,281987,129.0853183828132,6.23348876953125,1038.914794921875
2362,282107,127.822186164255,6.175062744140625,1029.1771240234375
2363,282227,124.08547520938444,6.005334228515625,1000.8890380859375
2364,282347,120.05657625646619,5.8210513916015625,970.1752319335938
2365,282467,119.863997202761,5.814275390625,969.0458984375
2366,282587,121.8665661325374,5.90805908203125,984.676513671875
2367,282707,128.3369889723957,6.2009501953125,1033.49169921875
2368,282827,126.90675974267398,6.126433959960938,1021.0723266601562
2369,282947,131.33757579423434,6.332921630859375,1055.4869384765625
2370,283067,119.43900621886135,5.795076049804687,965.8460083007812
2371,283187,124.85807218859962,6.040540649414062,1006.7567749023438
2372,283307,134.24784640111073,6.4703876953125,1078.39794921875
2373,283427,128.72397730330096,6.21480029296875,1035.800048828125
2374,283547,128.16804646342786,6.193420166015625,1032.2366943359375
2375,283667,132.579806599965,6.39132421875,1065.220703125
2376,283787,128.17377653032744,6.1881943359375,1031.36572265625
2377,283907,128.1431347205415,6.18977197265625,1031.628662109375
2378,284027,122.1387018514936,5.917503662109375,986.2506103515625
2379,284147,128.42407937309795,6.197996337890625,1032.9993896484375
2380,284267,129.42256744058685,6.24766552734375,1041.277587890625
2381,284387,125.78275233156472,6.086416259765625,1014.4027099609375
2382,284507,123.38643112372587,5.976781127929687,996.1301879882812
2383,284627,127.12562265990152,6.14120654296875,1023.534423828125
2384,284747,123.39378309284916,5.969386596679687,994.8977661132812
2385,284867,124.11025970192817,6.002239379882813,1000.3732299804688
2386,284987,125.89542656689245,6.084477905273437,1014.0796508789062
2387,285107,124.8262839048734,6.035976196289062,1005.9960327148438
2388,285227,123.4971941110993,5.979077270507813,996.5128784179688
2389,285347,131.55153579438684,6.3448828125,1057.48046875
2390,285467,122.23014410226949,5.924095825195312,987.3493041992188
2391,285587,127.07876711459485,6.14000830078125,1023.334716796875
2392,285707,118.47755159258628,5.753625,958.9375
2393,285827,125.37874539978245,6.061780151367188,1010.2966918945312
2394,285947,123.64067869212849,5.983181396484375,997.1968994140625
2395,286067,123.70955721094029,5.987436401367187,997.9060668945312
2396,286187,135.30040374671148,6.5172685546875,1086.21142578125
2397,286307,122.58836871780923,5.936380737304687,989.3967895507812
2398,286427,124.00173794409181,5.997615234375,999.6025390625
2399,286547,122.74860525424481,5.943677856445312,990.6129760742188
2400,286667,126.38166656515229,6.104602294921875,1017.4337158203125
2401,286787,128.8477707483495,6.22750927734375,1037.918212890625
2402,286907,125.81854070214746,6.083921630859375,1013.9869384765625
2403,287027,128.34119413752325,6.20059716796875,1033.432861328125
2404,287147,118.38896625411321,5.743341796875,957.2236328125
2405,287267,127.01514253804268,6.13925830078125,1023.209716796875
2406,287387,119.41204125247003,5.7993955078125,966.56591796875
2407,287507,125.09184850959531,6.052367797851563,1008.7279663085938
2408,287627,126.19816991599043,6.096977416992187,1016.1629028320312
2409,287747,126.94777207156785,6.1422626953125,1023.71044921875
2410,287867,119.35429979113448,5.793270629882812,965.5451049804688
2411,287987,121.69884134325008,5.895933837890625,982.6556396484375
2412,288107,118.15390716932814,5.731037109375,955.1728515625
2413,288227,122.80824464093959,5.940988037109375,990.1646728515625
2414,288347,121.64385813625996,5.900731567382812,983.4552612304688
2415,288467,128.19772925553158,6.18860302734375,1031.433837890625
2416,288587,127.94134863651294,6.176028076171875,1029.3380126953125
2417,288707,126.89703073777093,6.134571166992187,1022.4285278320312
2418,288827,126.75163628228327,6.131152587890625,1021.8587646484375
2419,288947,122.8894956615771,5.953553833007812,992.2589721679688
2420,289067,130.2703449973172,6.28543798828125,1047.572998046875
2421,289187,126.84548526354376,6.1295126953125,1021.58544921875
2422,289307,129.4855766460969,6.252378662109375,1042.0631103515625
2423,289427,125.94048280009561,6.090312744140625,1015.0521240234375
2424,289547,125.0368527643092,6.051786987304688,1008.6311645507812
2425,289667,127.82815541547991,6.175493408203125,1029.2489013671875
2426,289787,115.07095335410061,5.597130615234375,932.8551025390625
2427,289907,129.08293063050286,6.229343994140625,1038.2239990234375
2428,290027,128.3447483040674,6.19602978515625,1032.671630859375
2429,290147,129.5975114422867,6.252081298828125,1042.0135498046875
2430,290267,123.97319920989118,6.007781982421875,1001.2969970703125
2431,290387,129.31002546024183,6.245262451171875,1040.8770751953125
2432,290507,116.29319192179865,5.650883056640625,941.8138427734375
2433,290627,128.99351475555034,6.22598291015625,1037.663818359375
2434,290747,123.49333135831537,5.978900756835937,996.4834594726562
2435,290867,126.24929304373018,6.103082153320313,1017.1803588867188
2436,290987,128.20286208571292,6.188052978515625,1031.3421630859375
2437,291107,119.57647160472081,5.792732666015625,965.4554443359375
2438,291227,128.48327267977766,6.202253173828125,1033.7088623046875
2439,291347,120.12207234481656,5.83388818359375,972.314697265625
2440,291467,125.42503793135589,6.066775268554688,1011.1292114257812
2441,291587,127.43391047068764,6.154656005859375,1025.7760009765625
2442,291707,126.06565773442959,6.099507202148438,1016.5845336914062
2443,291827,130.3504424741884,6.290871826171875,1048.4786376953125
2444,291947,120.19588076015862,5.82782080078125,971.303466796875
2445,292067,125.09970734778233,6.054759155273437,1009.1265258789062
2446,292187,122.9938858763551,5.95519775390625,992.532958984375
2447,292307,121.63727450799666,5.888930786132812,981.4884643554688
2448,292427,125.14690597324346,6.0484921875,1008.08203125
2449,292547,120.3861044881682,5.834440795898438,972.4067993164062
2450,292667,131.93743274086796,6.363777099609375,1060.6295166015625
2451,292787,127.63076056537554,6.166097900390625,1027.6829833984375
2452,292907,128.07473383835492,6.189427001953125,1031.5711669921875
2453,293027,129.03772509383606,6.223107421875,1037.1845703125
2454,293147,126.72579304394006,6.135164794921875,1022.5274658203125
2455,293267,120.31309581147023,5.835,972.5
2456,293387,119.06041460568763,5.7757939453125,962.63232421875
2457,293507,122.73160559070817,5.950253540039062,991.7089233398438
2458,293627,123.71877308149779,5.987978759765625,997.9964599609375
2459,293747,124.99567210680866,6.056647705078125,1009.4412841796875
2460,293867,122.63233728409351,5.939892700195313,989.9821166992188
2461,293987,127.06104540427064,6.138614501953125,1023.1024169921875
2462,294107,129.4409902935381,6.249456298828125,1041.5760498046875
2463,294227,126.75149914198114,6.125963745117187,1020.9939575195312
2464,294347,126.68812339752866,6.124281372070312,1020.7135620117188
2465,294467,131.81004300612156,6.3503583984375,1058.39306640625
2466,294587,130.61724824627325,6.3005888671875,1050.09814453125
2467,294707,129.53512521729925,6.250931396484375,1041.8218994140625
2468,294827,127.03250210511281,6.140686889648437,1023.4478149414062
2469,294947,122.09733828951138,5.908418701171875,984.7364501953125
2470,295067,121.8523074358677,5.9078302001953125,984.6383666992188
2471,295187,126.38668021844192,6.108022338867188,1018.0037231445312
2472,295307,124.7221246782267,6.031676513671875,1005.2794189453125
2473,295427,122.58291248381562,5.935783081054687,989.2971801757812
2474,295547,125.9573423284026,6.102147583007812,1017.0245971679688
2475,295667,127.01849333449938,6.133232666015625,1022.2054443359375
2476,295787,127.22155406676359,6.14802685546875,1024.671142578125
2477,295907,127.81467426428567,6.17549560546875,1029.249267578125
2478,296027,123.24271711197045,5.96454931640625,994.091552734375
2479,296147,125.01306372108019,6.041303466796875,1006.8839111328125
2480,296267,120.83910502153269,5.851322387695313,975.2203979492188
2481,296387,125.67841907718727,6.073972778320313,1012.3287963867188
2482,296507,128.1419288196812,6.19559033203125,1032.598388671875
2483,296627,122.5401365291988,5.939306762695312,989.8844604492188
2484,296747,119.47195454602695,5.801753173828125,966.9588623046875
2485,296867,126.05735991152375,6.093785522460937,1015.6309204101562
2486,296987,126.03250166743695,6.096356323242188,1016.0593872070312
2487,297107,127.9186988694911,6.1788134765625,1029.80224609375
2488,297227,124.79395921866669,6.032831176757813,1005.4718627929688
2489,297347,131.92415890056958,6.356789794921875,1059.4649658203125
2490,297467,126.82033720847946,6.130489379882812,1021.7482299804688
2491,297587,131.1250345588221,6.32077880859375,1053.463134765625
2492,297707,124.42066114643147,6.016840942382813,1002.8068237304688
2493,297827,129.11289003685513,6.227513671875,1037.9189453125
2494,297947,131.35413259816045,6.334248779296875,1055.7081298828125
2495,298067,126.69448574012677,6.122471557617187,1020.4119262695312
2496,298187,130.39664292536963,6.292623046875,1048.7705078125
2497,298307,123.26181400071168,5.970454467773438,995.0757446289062
2498,298427,126.68181368271944,6.122775146484375,1020.4625244140625
2499,298547,124.25367905551012,6.012803100585938,1002.1338500976562
2500,298667,125.58415164185269,6.084510864257813,1014.0851440429688
2501,298787,125.20626959685981,6.0529676513671875,1008.8279418945312
2502,298907,117.55327243377323,5.710146606445313,951.6911010742188
2503,299027,129.0401032584643,6.228446044921875,1038.0743408203125
2504,299147,125.26287828365133,6.061198974609375,1010.1998291015625
2505,299267,124.47993960379455,6.024355590820313,1004.0592651367188
2506,299387,125.20372240216726,6.05608447265625,1009.347412109375
2507,299507,130.73855131750278,6.308227294921875,1051.3712158203125
2508,299627,132.00453552993088,6.36352880859375,1060.588134765625
2509,299747,128.4579192645428,6.203250732421875,1033.8751220703125
2510,299867,120.6703616620972,5.84666455078125,974.444091796875
2511,299987,122.56823388028617,5.9369703369140625,989.4950561523438
2512,300107,139.5447356838387,6.708864990234375,1118.1441650390625
2513,300227,121.00208781438221,5.86747265625,977.912109375
2514,300347,129.56449678771486,6.249119384765625,1041.5198974609375
2515,300467,126.14100615902947,6.1063681640625,1017.72802734375
2516,300587,124.77954167233264,6.034068237304687,1005.6780395507812
2517,300707,115.73479476096495,5.625343505859375,937.5572509765625
2518,300827,131.5286348524893,6.342829833984375,1057.1383056640625
2519,300947,128.14636402843342,6.19382373046875,1032.303955078125
2520,301067,123.64730847364787,5.984468994140625,997.4114990234375
2521,301187,127.31035902043989,6.1464521484375,1024.40869140625
2522,301307,129.59388892717624,6.25392041015625,1042.320068359375
2523,301427,136.47125573897637,6.567340576171875,1094.5567626953125
2524,301547,123.4922650764884,5.986490844726562,997.7484741210938
2525,301667,132.10871540287567,6.368152587890625,1061.3587646484375
2526,301787,124.72014152181342,6.02957666015625,1004.929443359375
2527,301907,124.9562096683816,6.04647509765625,1007.745849609375
2528,302027,129.01753092483216,6.229014404296875,1038.1690673828125
2529,302147,122.54204959785051,5.936515869140625,989.4193115234375
2530,302267,112.74322921107934,5.488346923828125,914.7244873046875
2531,302387,124.69412389924355,6.032482543945313,1005.4137573242188
2532,302507,125.87888034192562,6.08330712890625,1013.884521484375
2533,302627,131.35316443859114,6.33347314453125,1055.578857421875
2534,302747,118.59669211201097,5.753104614257812,958.8507690429688
2535,302867,125.4102220393999,6.0676204833984375,1011.2700805664062
2536,302987,124.49022181610246,6.031273681640625,1005.2122802734375
2537,303107,128.81590553742447,6.219544921875,1036.5908203125
2538,303227,127.50383839515388,6.157004150390625,1026.1673583984375
2539,303347,113.84376210877834,5.540832641601562,923.4721069335938
2540,303467,129.0791710599139,6.23582373046875,1039.303955078125
2541,303587,129.55437025311426,6.253855224609375,1042.3092041015625
2542,303707,122.27786544399376,5.923502197265625,987.2503662109375
2543,303827,130.15320464574992,6.27723779296875,1046.206298828125
2544,303947,123.97825618632399,5.999757202148437,999.9595336914062
2545,304067,126.0956228174719,6.10090869140625,1016.818115234375
2546,304187,127.1891554061194,6.154439208984375,1025.7398681640625
2547,304307,129.4812393540344,6.264254150390625,1044.0423583984375
2548,304427,123.66466507296963,5.9871123046875,997.85205078125
2549,304547,120.12964548067252,5.827419067382812,971.2365112304688
2550,304667,131.6396092734158,6.3507626953125,1058.46044921875
2551,304787,133.06055032563532,6.414169921875,1069.0283203125
2552,304907,124.92677302406669,6.04352197265625,1007.253662109375
2553,305027,119.26251613579205,5.783838500976563,963.9730834960938
2554,305147,133.0782497839404,6.41689306640625,1069.482177734375
2555,305267,127.27217879726471,6.149817626953125,1024.9696044921875
2556,305387,125.4866524815953,6.077362060546875,1012.8936767578125
2557,305507,127.42915199159854,6.15891796875,1026.486328125
2558,305627,119.47376756905689,5.803588256835938,967.2647094726562
2559,305747,121.71876847889196,5.90537841796875,984.229736328125
2560,305867,121.53694582456762,5.884224609375,980.7041015625
2561,305987,122.59704255741428,5.941172241210937,990.1953735351562
2562,306107,133.099472823333,6.412646484375,1068.7744140625
2563,306227,125.50600435790787,6.07428955078125,1012.381591796875
2564,306347,124.67893814469363,6.03351123046875,1005.585205078125
2565,306467,124.25947880400307,6.00807421875,1001.345703125
2566,306587,128.9796509675585,6.2280146484375,1038.00244140625
2567,306707,122.75469705403586,5.9456854248046875,990.9475708007812
2568,306827,127.83939839988801,6.176051513671875,1029.3419189453125
2569,306947,126.56178739036302,6.112517211914063,1018.7528686523438
2570,307067,123.60407308448669,5.980320556640625,996.7200927734375
2571,307187,122.4863728088536,5.926796264648438,987.7993774414062
2572,307307,119.81186450301828,5.811744506835938,968.6240844726562
2573,307427,129.91397720339214,6.273450439453125,1045.5750732421875
2574,307547,127.90350921406922,6.188597900390625,1031.4329833984375
2575,307667,126.84964743984241,6.134911376953125,1022.4852294921875
2576,307787,130.95420325278513,6.320115234375,1053.3525390625
2577,307907,129.91319795531984,6.2721328125,1045.35546875
2578,308027,128.79068130322722,6.2174443359375,1036.24072265625
2579,308147,127.48205851255203,6.1582529296875,1026.37548828125
2580,308267,132.84704211991064,6.40339892578125,1067.233154296875
2581,308387,127.10765985028068,6.142795532226563,1023.7992553710938
2582,308507,127.00462641298118,6.142513549804687,1023.7522583007812
2583,308627,123.14946722615241,5.965858154296875,994.3096923828125
2584,308747,113.24281617219393,5.511948852539063,918.6581420898438
2585,308867,124.54844046863255,6.0222235107421875,1003.7039184570312
2586,308987,133.58076119502653,6.438106201171875,1073.0177001953125
2587,309107,124.4695093511274,6.026411499023437,1004.4019165039062
2588,309227,119.7293482953265,5.810030639648438,968.3384399414062
2589,309347,131.47829719256254,6.343636962890625,1057.2728271484375
2590,309467,120.42275509385281,5.8426666259765625,973.7777709960938
2591,309587,126.60226155788335,6.120630249023438,1020.1050415039062
2592,309707,126.03151666258978,6.099884033203125,1016.6473388671875
2593,309827,138.62851807735802,6.66296044921875,1110.493408203125
2594,309947,130.73701790768118,6.311612548828125,1051.9354248046875
2595,310067,132.522282362973,6.392524658203125,1065.4207763671875
2596,310187,124.36457150331316,6.027053100585937,1004.5088500976562
2597,310307,126.8672066376821,6.139298950195313,1023.2164916992188
2598,310427,131.2066551524583,6.33124072265625,1055.206787109375
2599,310547,128.31577869697537,6.2006630859375,1033.44384765625
2600,310667,132.34236986740387,6.3836982421875,1063.94970703125
2601,310787,121.15343498003143,5.86912060546875,978.186767578125
2602,310907,127.85715739013696,6.182033935546875,1030.3389892578125
2603,311027,133.58036419399303,6.440067626953125,1073.3446044921875
2604,311147,125.09624406324508,6.049364868164062,1008.2274780273438
2605,311267,121.91389781673104,5.90979345703125,984.965576171875
2606,311387,125.05900189873608,6.053139404296875,1008.8565673828125
2607,311507,127.13380202547555,6.15034130859375,1025.056884765625
2608,311627,127.16978698689081,6.1429453125,1023.82421875
2609,311747,122.90659318812126,5.95653955078125,992.756591796875
2610,311867,122.58293528834818,5.9445439453125,990.75732421875
2611,311987,127.71052794007345,6.169973876953125,1028.3289794921875
2612,312107,119.6629184294957,5.811228881835937,968.5381469726562
2613,312227,122.71869234067327,5.94391552734375,990.652587890625
2614,312347,121.04805524158462,5.871148681640625,978.5247802734375
2615,312467,126.33168325395815,6.104453979492187,1017.4089965820312
2616,312587,129.52074479626106,6.25524609375,1042.541015625
2617,312707,127.90845774068299,6.182408935546875,1030.4014892578125
2618,312827,125.31266845396996,6.065722412109375,1010.9537353515625
2619,312947,125.02697974479263,6.051012817382812,1008.5021362304688
2620,313067,129.89045345481756,6.271119873046875,1045.1866455078125
2621,313187,122.79372287301621,5.957435668945313,992.9059448242188
2622,313307,129.9030667260586,6.2720126953125,1045.33544921875
2623,313427,135.8243568516985,6.545521728515625,1090.9202880859375
2624,313547,124.51781780352344,6.023203491210937,1003.8672485351562
2625,313667,122.48065043150987,5.944703247070312,990.7838745117188
2626,313787,121.99610070366958,5.906848022460937,984.4746704101562
2627,313907,126.12985232135154,6.099613403320313,1016.6022338867188
2628,314027,127.20842301212275,6.145976806640625,1024.3294677734375
2629,314147,123.55837408646822,5.985474609375,997.5791015625
2630,314267,122.03590807902799,5.912595703125,985.4326171875
2631,314387,136.14884368900263,6.551958251953125,1091.9930419921875
2632,314507,128.62467098552133,6.211865478515625,1035.3109130859375
2633,314627,129.42736448152107,6.25291845703125,1042.153076171875
2634,314747,122.72199277081715,5.947214721679687,991.2024536132812
2635,314867,120.46384802133377,5.8378363037109375,972.9727172851562
2636,314987,121.94589978045154,5.912143798828125,985.3572998046875
2637,315107,128.1088176485043,6.192541259765625,1032.0902099609375
2638,315227,129.47560436315544,6.25343408203125,1042.239013671875
2639,315347,124.47781976531553,6.022129760742187,1003.6882934570312
2640,315467,124.71400088849957,6.031084716796875,1005.1807861328125
2641,315587,120.80516020460038,5.860071533203125,976.6785888671875
2642,315707,123.52922331385415,5.981452514648438,996.9087524414062
2643,315827,129.31971635400038,6.251736328125,1041.9560546875
2644,315947,116.16550436062698,5.646343872070313,941.0573120117188
2645,316067,123.2581270659776,5.9693060302734375,994.8843383789062
2646,316187,120.8341780722001,5.865826538085938,977.6377563476562
2647,316307,122.48254120636935,5.9334649658203125,988.9108276367188
2648,316427,127.48784475332884,6.16229296875,1027.048828125
2649,316547,130.18474618291754,6.289011474609375,1048.1685791015625
2650,316667,125.10989031367936,6.052986694335938,1008.8311157226562
2651,316787,124.99638380153306,6.047698608398438,1007.9497680664062
2652,316907,126.77932412117659,6.133282104492188,1022.2136840820312
2653,317027,116.31089133643428,5.652655883789063,942.1093139648438
2654,317147,117.45072231210146,5.710391235351563,951.7318725585938
2655,317267,124.72732358274648,6.0322265625,1005.37109375
2656,317387,128.39016328300048,6.20271533203125,1033.785888671875
2657,317507,134.7848313667206,6.49448291015625,1082.413818359375
2658,317627,121.99499169356947,5.924883544921875,987.4805908203125
2659,317747,117.42529529595434,5.707407348632812,951.2345581054688
2660,317867,116.74886067925544,5.669969970703125,944.9949951171875
2661,317987,125.41029385303395,6.073601440429687,1012.2669067382812
2662,318107,129.11915509809396,6.235459716796875,1039.2432861328125
2663,318227,123.64519029037487,5.989523071289063,998.2538452148438
2664,318347,122.24102837639543,5.925179443359375,987.5299072265625
2665,318467,136.95497926406037,6.598059814453125,1099.6766357421875
2666,318587,119.99850653624652,5.815273681640625,969.2122802734375
2667,318707,117.7894456241563,5.717170166015625,952.8616943359375
2668,318827,127.07162428314116,6.14031005859375,1023.385009765625
2669,318947,118.81217162103675,5.772743408203125,962.1239013671875
2670,319067,126.35309545162013,6.10509814453125,1017.516357421875
2671,319187,122.53991190789495,5.934888427734375,989.1480712890625
2672,319307,120.80633627462743,5.859564331054687,976.5940551757812
2673,319427,121.1637064927017,5.873579223632812,978.9298706054688
2674,319547,128.05561683841475,6.19037841796875,1031.729736328125
2675,319667,125.48906865785553,6.062137939453125,1010.3563232421875
2676,319787,116.83641763477893,5.6804560546875,946.74267578125
2677,319907,125.33518777018627,6.060451538085937,1010.0752563476562
2678,320027,126.6856629161568,6.124008911132813,1020.6681518554688
2679,320147,122.28226988464216,5.918016723632812,986.3361206054688
2680,320267,127.71215713303809,6.161677001953125,1026.9461669921875
2681,320387,122.95633028891756,5.955004760742187,992.5007934570312
2682,320507,124.91707275516387,6.043789306640625,1007.2982177734375
2683,320627,126.87944109888964,6.134612548828125,1022.4354248046875
2684,320747,119.34010234165169,5.795448120117188,965.9080200195312
2685,320867,119.1135994291083,5.783064331054687,963.8440551757812
2686,320987,127.27289925974321,6.150346435546875,1025.0577392578125
2687,321107,125.96080110849815,6.090106567382812,1015.0177612304688
2688,321227,111.70471957255245,5.44178173828125,906.963623046875
2689,321347,120.08277521460843,5.818448364257812,969.7413940429688
2690,321467,125.07547277689136,6.053855346679687,1008.9758911132812
2691,321587,130.79761091579456,6.31196044921875,1051.993408203125
2692,321707,117.33815816688103,5.70593408203125,950.989013671875
2693,321827,130.8636110922283,6.30878759765625,1051.464599609375
2694,321947,126.65356344949753,6.122256591796875,1020.3760986328125
2695,322067,125.8474818582127,6.0835576171875,1013.92626953125
2696,322187,124.74086193057224,6.035759765625,1005.9599609375
2697,322307,121.61506661933421,5.896965454101562,982.8275756835938
2698,322427,122.0836554450119,5.913071411132813,985.5119018554688
2699,322547,124.60695459804288,6.028720825195313,1004.7868041992188
2700,322667,120.62241419131875,5.85088623046875,975.147705078125
2701,322787,128.62733984379568,6.20645361328125,1034.408935546875
2702,322907,123.18851555238847,5.9657874755859375,994.2979125976562
2703,323027,122.55116079816469,5.94168017578125,990.280029296875
2704,323147,122.03800821898355,5.90656494140625,984.427490234375
2705,323267,124.17723714628985,6.0080152587890625,1001.3358764648438
2706,323387,131.1894677063203,6.329466796875,1054.9111328125
2707,323507,116.87308623028638,5.673762817382812,945.6271362304688
2708,323627,128.83570987259043,6.220187255859375,1036.6978759765625
2709,323747,128.54185372285346,6.20974658203125,1034.957763671875
2710,323867,120.56078251917698,5.8441142578125,974.01904296875
2711,323987,124.86986072266438,6.03884765625,1006.474609375
2712,324107,122.40218231787061,5.931038452148438,988.5064086914062
2713,324227,122.92950729944253,5.9508035888671875,991.8005981445312
2714,324347,124.6137438500628,6.035632690429687,1005.9387817382812
2715,324467,118.5433189267648,5.749185424804687,958.1975708007812
2716,324587,123.65169254634293,5.990762329101562,998.4603881835938
2717,324707,126.43753080020825,6.113956420898438,1018.9927368164062
2718,324827,120.06789515620042,5.826688110351562,971.1146850585938
2719,324947,124.0743977197426,6.00978369140625,1001.630615234375
2720,325067,128.80391800784002,6.223729248046875,1037.2882080078125
2721,325187,121.78003266928236,5.9004755859375,983.41259765625
2722,325307,120.54057363787872,5.841917724609375,973.6529541015625
2723,325427,119.56686607298798,5.795295043945313,965.8825073242188
2724,325547,124.99442098786278,6.052931396484375,1008.8218994140625
2725,325667,126.9241336392059,6.141197387695312,1023.5328979492188
2726,325787,117.37074093211018,5.699320678710937,949.8867797851562
2727,325907,128.82282472947807,6.21570703125,1035.951171875
2728,326027,122.47910376008409,5.940450439453125,990.0750732421875
2729,326147,122.39297410507832,5.922901245117187,987.1502075195312
2730,326267,121.61853743328376,5.88510205078125,980.850341796875
2731,326387,124.61458571216059,6.034787841796875,1005.7979736328125
2732,326507,123.52192117050522,5.979558837890625,996.5931396484375
2733,326627,127.1597312132995,6.14780859375,1024.634765625
2734,326747,120.41073367318859,5.844873779296875,974.1456298828125
2735,326867,116.43582356060834,5.6576429443359375,942.9404907226562
2736,326987,120.91576078483787,5.85852685546875,976.421142578125
2737,327107,123.86462241621243,5.99337744140625,998.896240234375
2738,327227,118.67835020217744,5.758702514648437,959.7837524414062
2739,327347,119.34501620045572,5.796818481445312,966.1364135742188
2740,327467,120.23404241651701,5.831541870117188,971.9236450195312
2741,327587,122.11094720212488,5.915876586914062,985.9794311523438
2742,327707,129.02809640248842,6.232593017578125,1038.7655029296875
2743,327827,121.73957224717992,5.907039184570312,984.5065307617188
2744,327947,127.95449796619137,6.1757548828125,1029.29248046875
2745,328067,119.32391731226386,5.791622314453125,965.2703857421875
2746,328187,123.96511697852092,5.999425415039062,999.9042358398438
2747,328307,120.78399701273878,5.859324096679687,976.5540161132812
2748,328427,121.22690238143144,5.87391650390625,978.986083984375
2749,328547,125.40403058907155,6.0635654296875,1010.59423828125
2750,328667,120.69372286591495,5.853886962890625,975.6478271484375
2751,328787,127.20840965313187,6.150421875,1025.0703125
2752,328907,126.46210657145407,6.1156461181640625,1019.2743530273438
2753,329027,133.34811568723808,6.425130615234375,1070.8551025390625
2754,329147,126.33980689177429,6.10160302734375,1016.933837890625
2755,329267,128.95604369139494,6.22849951171875,1038.083251953125
2756,329387,119.45317943996804,5.794888916015625,965.8148193359375
2757,329507,125.10059025936816,6.051651123046875,1008.6085205078125
2758,329627,122.75861066950824,5.946572387695313,991.0953979492188
2759,329747,130.48179087212864,6.295030517578125,1049.1717529296875
2760,329867,118.96105642332536,5.777918701171875,962.9864501953125
2761,329987,125.53877405669031,6.072507934570313,1012.0846557617188
2762,330107,123.33630774847518,5.970517822265625,995.0863037109375
2763,330227,123.46628838550926,5.9789765625,996.49609375
2764,330347,127.27353524145664,6.153113525390625,1025.5189208984375
2765,330467,122.05065696568248,5.916865356445313,986.1442260742188
2766,330587,130.19502818134885,6.285230712890625,1047.5384521484375
2767,330707,121.06825257813739,5.876399047851563,979.3998413085938
2768,330827,130.52551941685746,6.29614599609375,1049.357666015625
2769,330947,127.09491604388941,6.15320654296875,1025.534423828125
2770,331067,128.32356571899766,6.19784326171875,1032.973876953125
2771,331187,119.57189344881074,5.80133056640625,966.888427734375
2772,331307,123.59282335859528,5.987719482421875,997.9532470703125
2773,331427,122.33102726646412,5.9216279296875,986.93798828125
2774,331547,121.85845671916002,5.9073544921875,984.55908203125
2775,331667,127.40627083101181,6.157834716796875,1026.3057861328125
2776,331787,113.76883439658891,5.540836669921875,923.4727783203125
2777,331907,132.49221434082384,6.391824462890625,1065.3040771484375
2778,332027,122.64290913760058,5.945521728515625,990.9202880859375
2779,332147,119.8194415272473,5.811445678710937,968.5742797851562
2780,332267,128.7560601928919,6.223512451171875,1037.2520751953125
2781,332387,126.56501746984101,6.126674926757812,1021.1124877929688
2782,332507,128.86254136531193,6.223238525390625,1037.2064208984375
2783,332627,124.06982455958328,6.00684521484375,1001.140869140625
2784,332747,118.89297531986401,5.781809692382812,963.6349487304688
2785,332867,117.86721489110009,5.724158203125,954.0263671875
2786,332987,134.20080487191566,6.466676513671875,1077.7794189453125
2787,333107,134.98777024776672,6.50403515625,1084.005859375
2788,333227,129.07558343312093,6.229146240234375,1038.1910400390625
2789,333347,127.6414461552686,6.16879833984375,1028.133056640625
2790,333467,117.31481518069582,5.6976298828125,949.60498046875
2791,333587,129.23466541665513,6.240837890625,1040.1396484375
2792,333707,117.7045765624444,5.72606689453125,954.344482421875
2793,333827,129.29408391771514,6.247673583984375,1041.2789306640625
2794,333947,127.74988297827583,6.1698515625,1028.30859375
2795,334067,122.20586698430186,5.919371337890625,986.5618896484375
2796,334187,126.81088789543101,6.1271861572265625,1021.1976928710938
2797,334307,124.69310713467956,6.031909790039062,1005.3182983398438
2798,334427,126.20144499109313,6.09277294921875,1015.462158203125
2799,334547,124.75625676085252,6.034051025390625,1005.6751708984375
2800,334667,127.99962498330125,6.1845615234375,1030.76025390625
2801,334787,127.3423177185747,6.150815185546875,1025.1358642578125
2802,334907,128.87060982176877,6.22060107421875,1036.766845703125
2803,335027,135.02860420819786,6.502877197265625,1083.8128662109375
2804,335147,123.0521826700901,5.960699340820312,993.4498901367188
2805,335267,132.499745281935,6.389373046875,1064.8955078125
2806,335387,123.55919314998496,5.985054565429688,997.5090942382812
2807,335507,130.80169604226242,6.31487109375,1052.478515625
2808,335627,129.2242611109542,6.239220703125,1039.8701171875
2809,335747,132.14842309034972,6.376174072265625,1062.6956787109375
2810,335867,119.9625714785091,5.814771606445312,969.1286010742188
2811,335987,124.52482212619019,6.02226123046875,1003.710205078125
2812,336107,129.19391266528416,6.23514404296875,1039.190673828125
2813,336227,130.0963314891737,6.2809189453125,1046.81982421875
2814,336347,130.79464165629517,6.311058837890625,1051.8431396484375
2815,336467,128.012559594968,6.18253271484375,1030.422119140625
2816,336587,129.38267989696473,6.248347412109375,1041.3912353515625
2817,336707,124.97593247412013,6.04561962890625,1007.603271484375
2818,336827,127.50509482758602,6.173846923828125,1028.9744873046875
2819,336947,131.36226727361532,6.3421142578125,1057.01904296875
2820,337067,124.4409027495979,6.022653442382812,1003.7755737304688
2821,337187,126.98678235527883,6.1391011962890625,1023.1835327148438
2822,337307,137.73541782957875,6.631828125,1105.3046875
2823,337427,121.26116899354098,5.875292358398437,979.2153930664062
2824,337547,123.60007067584837,5.980624877929688,996.7708129882812
2825,337667,123.22499570024783,5.9640003662109375,994.0000610351562
2826,337787,121.26771252440753,5.87846630859375,979.744384765625
2827,337907,126.33382514484735,6.110922729492187,1018.4871215820312
2828,338027,121.07656233431769,5.869902465820313,978.3170776367188
2829,338147,120.97265650988298,5.8574150390625,976.23583984375
2830,338267,120.95456196308035,5.869266723632813,978.2111206054688
2831,338387,130.61384725116224,6.30260888671875,1050.434814453125
2832,338507,116.99004490289003,5.68765869140625,947.943115234375
2833,338627,126.95185805999002,6.132572021484375,1022.0953369140625
2834,338747,130.3127296869284,6.282144287109375,1047.0240478515625
2835,338867,126.2187410349886,6.1009105224609375,1016.8184204101562
2836,338987,119.32917862666444,5.78907275390625,964.845458984375
2837,339107,121.60853240403597,5.889525512695313,981.5875854492188
2838,339227,127.09266319498434,6.144533203125,1024.0888671875
2839,339347,128.55701806216564,6.2098330078125,1034.97216796875
2840,339467,127.21284153942463,6.15132421875,1025.220703125
2841,339587,128.72382608243484,6.212255126953125,1035.3758544921875
2842,339707,126.66658088383531,6.123190063476563,1020.5316772460938
2843,339827,123.05452114045059,5.9587734375,993.12890625
2844,339947,130.6295767886908,6.302151123046875,1050.3585205078125
2845,340067,124.79269505673479,6.036140258789063,1006.0233764648438
2846,340187,124.01617543252476,6.003557373046875,1000.5928955078125
2847,340307,129.14933559367407,6.234554443359375,1039.0924072265625
2848,340427,126.5038286590707,6.119645141601563,1019.9408569335938
2849,340547,127.34507791068343,6.15301025390625,1025.501708984375
2850,340667,123.34382127216188,5.96732958984375,994.554931640625
2851,340787,119.91164270902154,5.8168223876953125,969.4703979492188
2852,340907,123.58359338528753,5.9816436767578125,996.9406127929688
2853,341027,119.34310595868268,5.789269775390625,964.8782958984375
2854,341147,126.94693240839436,6.13584228515625,1022.640380859375
2855,341267,127.35208886563737,6.14655322265625,1024.425537109375
2856,341387,129.82490921381208,6.2666982421875,1044.44970703125
2857,341507,123.79724367308222,5.9855244140625,997.58740234375
2858,341627,125.7960927925298,6.077762329101563,1012.9603881835938
2859,341747,128.10221924138523,6.188362060546875,1031.3936767578125
2860,341867,133.00862936788576,6.405766845703125,1067.6278076171875
2861,341987,127.23465241719092,6.145043701171875,1024.1739501953125
2862,342107,122.5361747930788,5.930388427734375,988.3980712890625
2863,342227,125.36154595786998,6.065207153320313,1010.8678588867188
2864,342347,123.9623873915227,5.996829345703125,999.4715576171875
2865,342467,119.81590965835677,5.808666137695313,968.1110229492188
2866,342587,125.5858437834154,6.0710906982421875,1011.8484497070312
2867,342707,124.76659789462818,6.031547607421875,1005.2579345703125
2868,342827,122.74185525526626,5.94620068359375,991.033447265625
2869,342947,129.6393190151268,6.25176123046875,1041.960205078125
2870,343067,128.89707066638817,6.21895166015625,1036.491943359375
2871,343187,115.27596961849063,5.602609497070312,933.7682495117188
2872,343307,125.7309645530729,6.075986938476563,1012.6644897460938
2873,343427,130.22763129938355,6.283153564453125,1047.1922607421875
2874,343547,125.31631296864329,6.058304809570313,1009.7174682617188
2875,343667,126.23037594832563,6.107173828125,1017.8623046875
2876,343787,124.41716199259574,6.014390258789063,1002.3983764648438
2877,343907,122.39778106161577,5.92732470703125,987.887451171875
2878,344027,122.37434659090076,5.9254610595703125,987.5768432617188
2879,344147,117.53290182457204,5.705691284179688,950.9485473632812
2880,344267,127.39944639853273,6.154559326171875,1025.7598876953125
2881,344387,124.97532689491459,6.040901733398438,1006.8169555664062
2882,344507,127.93424300182681,6.17996630859375,1029.994384765625
2883,344627,121.17856853507234,5.8718983154296875,978.6497192382812
2884,344747,131.01950811843108,6.32255126953125,1053.758544921875
2885,344867,122.14230819948466,5.911662963867188,985.2771606445312
2886,344987,124.60644241665906,6.025598510742188,1004.2664184570312
2887,345107,123.4543350951679,5.978858642578125,996.4764404296875
2888,345227,124.97629964328267,6.044785766601563,1007.4642944335938
2889,345347,127.94263266554401,6.178111083984375,1029.6851806640625
2890,345467,127.52107898657408,6.160105224609375,1026.6842041015625
2891,345587,126.83929775863152,6.127694091796875,1021.2823486328125
2892,345707,130.77660288007442,6.307010009765625,1051.1683349609375
2893,345827,128.75558755871597,6.215218505859375,1035.8697509765625
2894,345947,114.27376175981556,5.553675659179688,925.6126098632812
2895,346067,132.9129359613951,6.407967041015625,1067.9945068359375
2896,346187,127.69260107638729,6.163058349609375,1027.1763916015625
2897,346307,129.24136982508344,6.237851806640625,1039.6419677734375
2898,346427,117.90170087303942,5.7242314453125,954.03857421875
2899,346547,127.35842072066441,6.1528857421875,1025.48095703125
2900,346667,126.62257986192756,6.11614453125,1019.357421875
2901,346787,122.1408482725706,5.914265991210938,985.7109985351562
2902,346907,125.50532594050803,6.069607177734375,1011.6011962890625
2903,347027,126.52231601950194,6.115640258789062,1019.2733764648438
2904,347147,132.83314891185145,6.399117919921875,1066.5196533203125
2905,347267,121.25608460885658,5.8691253662109375,978.1875610351562
2906,347387,126.68982297925535,6.1236112060546875,1020.6018676757812
2907,347507,128.50998126581118,6.205118408203125,1034.1864013671875
2908,347627,120.89144558230481,5.864143432617188,977.3572387695312
2909,347747,125.83547004630029,6.0835462646484375,1013.9243774414062
2910,347867,125.14071097310003,6.056593872070312,1009.4323120117188
2911,347987,121.46877346968478,5.893572509765625,982.2620849609375
2912,348107,119.10620455420909,5.77523876953125,962.539794921875
2913,348227,127.76701268871183,6.165371337890625,1027.5618896484375
2914,348347,127.74961793826041,6.16189892578125,1026.983154296875
2915,348467,123.42737401785283,5.970823608398438,995.1372680664062
2916,348587,130.17408244381613,6.284947998046875,1047.4913330078125
2917,348707,116.49532335421242,5.657836303710938,942.9727172851562
2918,348827,122.30673402488429,5.927795654296875,987.9659423828125
2919,348947,123.2004937802775,5.963874755859375,993.9791259765625
2920,349067,133.64617891691512,6.4340654296875,1072.34423828125
2921,349187,130.9518706177181,6.3167900390625,1052.79833984375
2922,349307,140.91853715359207,6.7713662109375,1128.56103515625
2923,349427,126.52443890668783,6.112984130859375,1018.8306884765625
2924,349547,125.98631664584164,6.086167236328125,1014.3612060546875
2925,349667,125.6189209248161,6.069243530273438,1011.5405883789062
2926,349787,131.17682969995678,6.327478271484375,1054.5797119140625
2927,349907,124.92170677458788,6.04219189453125,1007.031982421875
2928,350027,127.41809283868912,6.151833984375,1025.3056640625
2929,350147,129.6997233418205,6.257818359375,1042.9697265625
2930,350267,128.70365311499694,6.209820556640625,1034.9700927734375
2931,350387,121.3433892659621,5.8769249267578125,979.4874877929688
2932,350507,129.0678644760275,6.225322265625,1037.5537109375
2933,350627,125.43140549057003,6.061494506835937,1010.2490844726562
2934,350747,120.65366569761801,5.846542236328125,974.4237060546875
2935,350867,125.6924158500601,6.0791982421875,1013.19970703125
2936,350987,134.20746882474987,6.459879638671875,1076.6466064453125
2937,351107,129.12373208228,6.23314013671875,1038.856689453125
2938,351227,124.80229609277423,6.03061962890625,1005.103271484375
2939,351347,123.56094010409386,5.979313842773437,996.5523071289062
2940,351467,120.98286986875257,5.860055786132812,976.6759643554688
2941,351587,131.17849098100035,6.316228271484375,1052.7047119140625
2942,351707,124.53009066629346,6.019230102539063,1003.2050170898438
2943,351827,123.41309405737368,5.973049438476562,995.5082397460938
2944,351947,123.83250769380156,5.987019653320313,997.8366088867188
2945,352067,128.69366084498682,6.210474609375,1035.0791015625
2946,352187,128.71479848036353,6.21281103515625,1035.468505859375
2947,352307,127.85402897937297,6.18095361328125,1030.158935546875
2948,352427,125.15124769225304,6.04844091796875,1008.073486328125
2949,352547,120.46118985471178,5.833319091796875,972.2198486328125
2950,352667,128.518993461862,6.2026728515625,1033.77880859375
2951,352787,127.60298209672945,6.163695556640625,1027.2825927734375
2952,352907,125.62823643192013,6.071118896484375,1011.8531494140625
2953,353027,123.58208147970531,5.975375610351563,995.8959350585938
2954,353147,124.44410417932133,6.017514404296875,1002.9190673828125
2955,353267,123.39685343560888,5.97230126953125,995.383544921875
2956,353387,127.54382696845141,6.159873046875,1026.6455078125
2957,353507,129.85823097888922,6.262948974609375,1043.8248291015625
2958,353627,121.51180695402175,5.884868408203125,980.8114013671875
2959,353747,126.89199608166317,6.130882690429687,1021.8137817382812
2960,353867,127.20854188414127,6.145229736328125,1024.2049560546875
2961,353987,119.57022828570292,5.8027001953125,967.11669921875
2962,354107,131.6283551826962,6.345585205078125,1057.5975341796875
2963,354227,125.32812105338246,6.06151171875,1010.251953125
2964,354347,126.49073237705215,6.112616455078125,1018.7694091796875
2965,354467,119.4394015622126,5.789985717773438,964.9976196289062
2966,354587,127.1819567147617,6.135529907226562,1022.5883178710938
2967,354707,133.49021711155217,6.432617431640625,1072.1029052734375
2968,354827,123.93074185477127,5.984485473632812,997.4142456054688
2969,354947,122.60737237958466,5.926483154296875,987.7471923828125
2970,355067,120.14996770171142,5.8197476806640625,969.9579467773438
2971,355187,128.97910044983962,6.23214404296875,1038.690673828125
2972,355307,127.05740616347467,6.135723999023438,1022.6206665039062
2973,355427,125.41567918227659,6.06682470703125,1011.137451171875
2974,355547,128.46852985562145,6.201084228515625,1033.5140380859375
2975,355667,128.50850207062086,6.200719482421875,1033.4532470703125
2976,355787,119.19166232794916,5.780582885742188,963.4304809570312
2977,355907,121.41020458543437,5.879794555664063,979.9657592773438
2978,356027,122.67354510039587,5.9371446533203125,989.5241088867188
2979,356147,118.72840235926006,5.756371215820312,959.3952026367188
2980,356267,129.08928629041725,6.228670166015625,1038.1116943359375
2981,356387,123.64630245027753,5.982016845703125,997.0028076171875
2982,356507,127.44075315736428,6.14933203125,1024.888671875
2983,356627,121.73495052837282,5.889836059570312,981.6393432617188
2984,356747,122.63607973402696,5.930987182617187,988.4978637695312
2985,356867,126.73062884784065,6.116867797851563,1019.4779663085938
2986,356987,126.50094829963443,6.113177124023437,1018.8628540039062
2987,357107,118.88805871839213,5.762937744140625,960.4896240234375
2988,357227,124.03757359190703,6.000087524414062,1000.0145874023438
2989,357347,123.00552095041176,5.952020141601563,992.0033569335938
2990,357467,121.81518118074428,5.901730224609375,983.6217041015625
2991,357587,129.1202656869549,6.2313544921875,1038.55908203125
2992,357707,127.6863715971845,6.166683837890625,1027.7806396484375
2993,357827,126.03418152689005,6.090809326171875,1015.1348876953125
2994,357947,125.32622183293785,6.057970092773438,1009.6616821289062
2995,358067,127.77374644296488,6.16563134765625,1027.605224609375
2996,358187,121.88425759065522,5.901184204101562,983.5307006835938
2997,358307,129.30479989883554,6.245874755859375,1040.9791259765625
2998,358427,124.01452950267232,5.998100463867187,999.6834106445312
2999,358547,128.4097519816554,6.194791259765625,1032.4652099609375
3000,358667,121.64408250559775,5.892961669921875,982.1602783203125
3001,358787,121.20183939235464,5.864269775390625,977.3782958984375
3002,358907,131.8973179950062,6.35413037109375,1059.021728515625
3003,359027,128.20105060594307,6.183533203125,1030.5888671875
3004,359147,130.5059853102593,6.293882080078125,1048.9803466796875
3005,359267,122.03198411892188,5.909832275390625,984.9720458984375
3006,359387,124.96650821061465,6.041221801757812,1006.8703002929688
3007,359507,124.64964503081988,6.026666748046875,1004.4444580078125
3008,359627,129.04794657892018,6.22737890625,1037.896484375
3009,359747,123.68328361239328,5.981326171875,996.8876953125
3010,359867,127.19826089260988,6.136587158203125,1022.7645263671875
3011,359987,125.5254834157299,6.067343994140625,1011.2239990234375
3012,360107,127.51379449518359,6.163517578125,1027.2529296875
3013,360227,124.15472372188995,6.004650512695313,1000.7750854492188
3014,360347,117.8815461579748,5.7155130615234375,952.5855102539062
3015,360467,131.68579137559126,6.341322509765625,1056.8870849609375
3016,360587,122.89950467208526,5.94522802734375,990.871337890625
3017,360707,120.63586022240813,5.8342646484375,972.37744140625
3018,360827,122.31093897336858,5.918949096679688,986.4915161132812
3019,360947,117.27484797251948,5.68874560546875,948.124267578125
3020,361067,123.8807971801017,5.986359375,997.7265625
3021,361187,122.95140606919648,5.94909228515625,991.515380859375
3022,361307,122.2946017532403,5.918841796875,986.4736328125
3023,361427,126.3528385008372,6.106865112304687,1017.8108520507812
3024,361547,119.87848488565282,5.809950073242187,968.3250122070312
3025,361667,124.3356839656516,6.009292236328125,1001.5487060546875
3026,361787,126.6110749863374,6.117378295898438,1019.5630493164062
3027,361907,120.09148832320062,5.8169560546875,969.49267578125
3028,362027,124.15321721103628,6.00587841796875,1000.979736328125
3029,362147,135.26356550757384,6.507715576171875,1084.6192626953125
3030,362267,127.7429126958919,6.165221923828125,1027.5369873046875
3031,362387,125.80992014673386,6.083326904296875,1013.8878173828125
3032,362507,128.64764499513788,6.208907958984375,1034.8179931640625
3033,362627,125.63944680144716,6.0719853515625,1011.99755859375
3034,362747,129.1767547348002,6.226515380859375,1037.7525634765625
3035,362867,121.43550600606427,5.874723999023438,979.1206665039062
3036,362987,120.7194630657181,5.84473974609375,974.123291015625
3037,363107,128.27351829699697,6.187771728515625,1031.2952880859375
3038,363227,131.03821050156168,6.317552490234375,1052.9254150390625
3039,363347,125.28605988257786,6.050447021484375,1008.4078369140625
3040,363467,125.64679387889214,6.072236206054687,1012.0393676757812
3041,363587,129.55136100599776,6.24959033203125,1041.598388671875
3042,363707,119.1888468723106,5.7862880859375,964.38134765625
3043,363827,131.62702726634637,6.3442060546875,1057.36767578125
3044,363947,121.79248260860032,5.893549438476563,982.2582397460938
3045,364067,127.83919634983909,6.16997900390625,1028.329833984375
3046,364187,124.75868787833925,6.030839721679688,1005.1399536132812
3047,364307,120.654882223064,5.838268432617188,973.0447387695312
3048,364427,121.28272694967734,5.8719459228515625,978.6576538085938
3049,364547,122.28907308561344,5.916237670898438,986.0396118164062
3050,364667,132.09624070141302,6.366989501953125,1061.1649169921875
3051,364787,127.25949142945863,6.14743798828125,1024.572998046875
3052,364907,129.25396146500523,6.230934814453125,1038.4891357421875
3053,365027,128.40333949383717,6.19133056640625,1031.888427734375
3054,365147,125.06701300465066,6.047035766601563,1007.8392944335938
3055,365267,124.04299057735852,6.000574951171875,1000.0958251953125
3056,365387,131.23598217835715,6.321172119140625,1053.5286865234375
3057,365507,130.545199705998,6.29119189453125,1048.531982421875
3058,365627,124.00554129317507,5.995408813476563,999.2348022460938
3059,365747,122.26298014744383,5.914324584960937,985.7207641601562
3060,365867,128.1599705853682,6.184264892578125,1030.7108154296875
3061,365987,119.30578582504762,5.7758111572265625,962.6351928710938
3062,366107,126.06176158464048,6.09042919921875,1015.071533203125
3063,366227,123.37078018885623,5.968809448242188,994.8015747070312
3064,366347,127.26863419547621,6.139272216796875,1023.2120361328125
3065,366467,123.49969774816402,5.972757568359375,995.4595947265625
3066,366587,128.0720845263826,6.177667236328125,1029.6112060546875
3067,366707,119.50616642928091,5.787843017578125,964.6405029296875
3068,366827,127.52345012849264,6.153166259765625,1025.5277099609375
3069,366947,129.86106176243584,6.26576513671875,1044.294189453125
3070,367067,122.60631966512643,5.930632690429688,988.4387817382812
3071,367187,125.73579362274398,6.076339599609375,1012.7232666015625
3072,367307,126.49353214421824,6.1064384765625,1017.73974609375
3073,367427,127.17114050856804,6.14005078125,1023.341796875
3074,367547,120.72635402476354,5.847810424804687,974.6350708007812
3075,367667,129.2223706900922,6.23449072265625,1039.081787109375
3076,367787,126.87822961461177,6.13140673828125,1021.901123046875
3077,367907,126.5912575454823,6.11445263671875,1019.075439453125
3078,368027,127.0488459063384,6.134987915039063,1022.4979858398438
3079,368147,118.6404263086753,5.7515452880859375,958.5908813476562
3080,368267,128.60494848192758,6.20366015625,1033.943359375
3081,368387,130.68727669344742,6.30642333984375,1051.070556640625
3082,368507,126.00708958132822,6.086533813476563,1014.4223022460938
3083,368627,128.40113775901585,6.1994208984375,1033.23681640625
3084,368747,123.3099197017292,5.967978881835937,994.6631469726562
3085,368867,126.30026103662348,6.104787963867188,1017.4646606445312
3086,368987,128.31991332731295,6.196856689453125,1032.8094482421875
3087,369107,123.09584466163187,5.94791455078125,991.319091796875
3088,369227,116.73277409814595,5.664929077148438,944.1548461914062
3089,369347,130.85735626964131,6.309582275390625,1051.5970458984375
3090,369467,111.8509963811476,5.44325537109375,907.209228515625
3091,369587,121.585591522169,5.888435302734375,981.4058837890625
3092,369707,130.65757096657921,6.297207275390625,1049.5345458984375
3093,369827,129.13801185004576,6.23802392578125,1039.670654296875
3094,369947,130.61973277872877,6.298171142578125,1049.6951904296875
3095,370067,118.47690446581797,5.74096142578125,956.826904296875
3096,370187,126.08694617517502,6.089303833007812,1014.8839721679688
3097,370307,120.17025080155129,5.826488525390625,971.0814208984375
3098,370427,127.5597670746306,6.159053466796875,1026.5089111328125
3099,370547,125.06658946164302,6.046598876953125,1007.7664794921875
3100,370667,122.62815310262937,5.9355556640625,989.25927734375
3101,370787,130.74153133351342,6.303213134765625,1050.5355224609375
3102,370907,121.66413040819549,5.888791259765625,981.4652099609375
3103,371027,123.38972539758666,5.964307983398437,994.0513305664062
3104,371147,131.91673527595526,6.354484130859375,1059.0806884765625
3105,371267,122.49552532601908,5.916802001953125,986.1336669921875
3106,371387,120.11399973034669,5.818919677734375,969.8199462890625
3107,371507,130.26642504506086,6.281893798828125,1046.9822998046875
3108,371627,126.42892692015448,6.101118530273437,1016.8530883789062
3109,371747,126.38738604262355,6.102637573242188,1017.1062622070312
3110,371867,119.48639028554715,5.7873907470703125,964.5651245117188
3111,371987,122.9741177183118,5.949332153320312,991.5553588867188
3112,372107,126.66892961188029,6.1203372802734375,1020.0562133789062
3113,372227,134.5589138801168,6.478884521484375,1079.8140869140625
3114,372347,124.83552975237619,6.030177612304687,1005.0296020507812
3115,372467,121.87551062579655,5.894426513671875,982.4044189453125
3116,372587,127.9343524964569,6.180035888671875,1030.0059814453125
3117,372707,121.63507033476407,5.885820190429688,980.9700317382812
3118,372827,125.12981663686173,6.041404174804687,1006.9006958007812
3119,372947,129.1014375096318,6.22293017578125,1037.155029296875
3120,373067,125.08715951009256,6.04569287109375,1007.615478515625
3121,373187,131.7611846661242,6.34947216796875,1058.245361328125
3122,373307,131.11304908976413,6.314173095703125,1052.3621826171875
3123,373427,130.35395275073316,6.284215576171875,1047.3692626953125
3124,373547,130.26795356200512,6.28170556640625,1046.950927734375
3125,373667,125.69907185720123,6.073911987304688,1012.3186645507812
3126,373787,127.55384135609151,6.154175537109375,1025.6959228515625
3127,373907,123.13780573806466,5.96295263671875,993.825439453125
3128,374027,133.58881378718206,6.4289970703125,1071.49951171875
3129,374147,125.93948636911881,6.08095458984375,1013.492431640625
3130,374267,123.00311280013456,5.948019287109375,991.3365478515625
3131,374387,124.09617397561126,5.997156372070313,999.5260620117188
3132,374507,131.02029903633039,6.31469384765625,1052.448974609375
3133,374627,131.60473898150445,6.345886962890625,1057.6478271484375
3134,374747,126.66498815417572,6.116241943359375,1019.3736572265625
3135,374867,123.32906945504774,5.9671171875,994.51953125
3136,374987,125.03297794408975,6.047125122070312,1007.8541870117188
3137,375107,127.15624525512835,6.137410400390625,1022.9017333984375
3138,375227,124.85911961645779,6.03495703125,1005.826171875
3139,375347,114.24175728793608,5.545962158203125,924.3270263671875
3140,375467,133.92615135008535,6.44784521484375,1074.640869140625
3141,375587,125.23320935349219,6.049694091796875,1008.2823486328125
3142,375707,122.67705993171253,5.942338989257813,990.3898315429688
3143,375827,118.49466228289823,5.743753051757812,957.2921752929688
3144,375947,131.68235564349547,6.350748779296875,1058.4581298828125
3145,376067,122.87018731278914,5.940264038085937,990.0440063476562
3146,376187,128.04377323609455,6.1795048828125,1029.91748046875
3147,376307,129.27826520521856,6.229131591796875,1038.1885986328125
3148,376427,130.00943942769777,6.266413330078125,1044.4022216796875
3149,376547,131.23869087651588,6.323607421875,1053.9345703125
3150,376667,130.2395526853852,6.283264892578125,1047.2108154296875
3151,376787,129.40413994954497,6.240481201171875,1040.0802001953125
3152,376907,128.12327258087072,6.191760498046875,1031.9600830078125
3153,377027,133.47237540213598,6.4240048828125,1070.66748046875
3154,377147,119.98627309281565,5.817201416015625,969.5335693359375
3155,377267,128.32331222567115,6.186595458984375,1031.0992431640625
3156,377387,130.40945572490034,6.29039501953125,1048.399169921875
3157,377507,125.65658175256203,6.067805786132812,1011.3009643554688
3158,377627,125.73437255242848,6.070345458984375,1011.7242431640625
3159,377747,125.64585650851089,6.068056640625,1011.3427734375
3160,377867,125.84811087696744,6.087964233398438,1014.6607055664062
3161,377987,124.99254866449476,6.038965942382813,1006.4943237304688
3162,378107,132.4653558764512,6.37881298828125,1063.135498046875
3163,378227,126.96391575086386,6.128478149414063,1021.4130249023438
3164,378347,132.39386810533617,6.379593017578125,1063.2655029296875
3165,378467,121.80177510879322,5.899458251953125,983.2430419921875
3166,378587,126.35158788468887,6.099260009765625,1016.5433349609375
3167,378707,128.5292564157853,6.201831298828125,1033.6385498046875
3168,378827,132.26439683062463,6.378655517578125,1063.1092529296875
3169,378947,127.00395057542715,6.130673217773437,1021.7788696289062
3170,379067,131.18874523285376,6.328957763671875,1054.8262939453125
3171,379187,119.47491562381019,5.785606201171875,964.2677001953125
3172,379307,127.1482402300157,6.138604614257813,1023.1007690429688
3173,379427,125.10156963063608,6.0398583984375,1006.64306640625
3174,379547,128.8100507923761,6.211083251953125,1035.1805419921875
3175,379667,118.6268984223218,5.75364697265625,958.941162109375
3176,379787,129.76424937724278,6.253207763671875,1042.2012939453125
3177,379907,138.67763017068452,6.66194677734375,1110.324462890625
3178,380027,118.22934488029597,5.72937158203125,954.895263671875
3179,380147,121.13364805332603,5.860307373046875,976.7178955078125
3180,380267,121.85623268104047,5.901985473632813,983.6642456054688
3181,380387,121.32920805563381,5.875670288085938,979.2783813476562
3182,380507,122.09472681996505,5.912437133789062,985.4061889648438
3183,380627,119.76790080251641,5.805802368164063,967.6337280273438
3184,380747,126.96572455524517,6.12800244140625,1021.333740234375
3185,380867,122.9331610505935,5.948104248046875,991.3507080078125
3186,380987,130.56804531052524,6.295745361328125,1049.2908935546875
3187,381107,116.74974270871716,5.658045776367188,943.0076293945312
3188,381227,124.37735331143898,6.0111767578125,1001.86279296875
3189,381347,120.95408484099048,5.849262451171875,974.8770751953125
3190,381467,128.17989557699352,6.19092333984375,1031.820556640625
3191,381587,118.57478640151649,5.745661376953125,957.6102294921875
3192,381707,126.00412513123831,6.09311572265625,1015.519287109375
3193,381803,-7.605500684945129,0.016227012634277345,2.7045021057128906
3194,381923,127.99655138433496,6.1732294921875,1028.87158203125
3195,382043,118.25451850663518,5.72852197265625,954.753662109375
3196,382163,124.91685199642639,6.040179565429687,1006.6965942382812
3197,382283,119.66906753404064,5.802046875,967.0078125
3198,382403,133.18099600255204,6.419552490234375,1069.9254150390625
3199,382523,125.68621471793568,6.067496704101562,1011.2494506835938
3200,382643,131.44910254554685,6.33385400390625,1055.642333984375
3201,382763,125.87445945803385,6.0806103515625,1013.43505859375
3202,382883,132.0542228965962,6.359736328125,1059.9560546875
3203,383003,118.08892674081302,5.728747192382812,954.7911987304688
3204,383123,125.46920120491298,6.058911254882813,1009.8185424804688
3205,383243,123.59833056846168,5.97327392578125,995.545654296875
3206,383363,127.32326359583847,6.146485107421875,1024.4141845703125
3207,383483,125.31108416843713,6.057779663085937,1009.6299438476562
3208,383603,125.6166184594604,6.077118530273437,1012.8530883789062
3209,383723,127.49699102834464,6.1591669921875,1026.52783203125
3210,383843,118.23415297077477,5.731692993164063,955.2821655273438
3211,383963,127.39749656423481,6.144949951171875,1024.1583251953125
3212,384083,126.57714740255054,6.1091015625,1018.18359375
3213,384203,130.9851649837798,6.312217529296875,1052.0362548828125
3214,384323,121.1669687261164,5.8653585205078125,977.5597534179688
3215,384443,118.38005612085408,5.739997924804688,956.6663208007812
3216,384563,131.17501730949039,6.323203857421875,1053.8673095703125
3217,384683,118.9364444909245,5.761752319335938,960.2920532226562
3218,384803,124.81724610923985,6.0299747314453125,1004.9957885742188
3219,384923,132.52990365734337,6.387645263671875,1064.6075439453125
3220,385043,123.13335484718303,5.9533271484375,992.22119140625
3221,385163,132.3405018007443,6.37268701171875,1062.114501953125
3222,385283,119.9057875160523,5.814758422851562,969.1264038085938
3223,385403,127.97334022389771,6.17991064453125,1029.985107421875
3224,385523,28.420958698698115,1.6963154296875,282.71923828125
3225,385643,120.92166661897807,5.8551005859375,975.85009765625
3226,385763,127.29137465599479,6.139846435546875,1023.3077392578125
3227,385883,124.31650830555097,6.0105787353515625,1001.7631225585938
3228,386003,121.66777892250116,5.888691650390625,981.4486083984375
3229,386123,120.38027514189554,5.827894409179687,971.3157348632812
3230,386243,131.7575396497348,6.3470859375,1057.84765625
3231,386363,129.9569048684439,6.266422119140625,1044.4036865234375
3232,386483,125.90900092128311,6.083485107421875,1013.9141845703125
3233,386603,126.58602357344594,6.116326904296875,1019.3878173828125
3234,386723,128.1971202848921,6.18526904296875,1030.878173828125
3235,386843,134.2770466775143,6.466406982421875,1077.7344970703125
3236,386963,124.0628089351022,5.9944522705078125,999.0753784179688
3237,387083,131.41715144293278,6.33063720703125,1055.106201171875
3238,387203,123.36955718311464,5.972474487304687,995.4124145507812
3239,387323,119.40566347495054,5.782620849609375,963.7701416015625
3240,387443,129.9085840852271,6.267268798828125,1044.5447998046875
3241,387563,132.3546363224391,6.37605322265625,1062.675537109375
3242,387683,129.63706338148754,6.254108642578125,1042.3514404296875
3243,387803,121.96081238051976,5.900671875,983.4453125
3244,387923,121.22792705776317,5.872855590820312,978.8092651367188
3245,388043,124.69705602039564,6.028660400390625,1004.7767333984375
3246,388163,122.85903470404227,5.938582397460937,989.7637329101562
3247,388283,125.94401205016004,6.081219360351563,1013.5365600585938
3248,388403,127.48712129501652,6.1498125,1024.96875
3249,388523,123.2274083303493,5.957070556640625,992.8450927734375
3250,388643,121.22140606613985,5.872188354492187,978.6980590820312
3251,388763,122.39987526114058,5.9170751953125,986.17919921875
3252,388883,124.41507789564695,6.0135347900390625,1002.2557983398438
3253,389003,127.98672065523104,6.186017578125,1031.0029296875
3254,389123,127.0446654838139,6.134932250976562,1022.4887084960938
3255,389243,121.33132823321093,5.869501831054688,978.2503051757812
3256,389363,128.16232775626392,6.19174658203125,1031.957763671875
3257,389483,130.6960973125303,6.302091064453125,1050.3485107421875
3258,389603,122.5018702890627,5.93379052734375,988.965087890625
3259,389723,125.43041972417204,6.061467041015625,1010.2445068359375
3260,389843,123.50552198943407,5.981451416015625,996.9085693359375
3261,389963,128.66267826406926,6.205357177734375,1034.2261962890625
3262,390083,130.57284970145034,6.292924072265625,1048.8206787109375
3263,390203,123.8933692471634,5.989828857421875,998.3048095703125
3264,390323,128.8883127774043,6.217897705078125,1036.3162841796875
3265,390443,124.09469346396415,6.0055986328125,1000.93310546875
3266,390563,131.347855185916,6.33504931640625,1055.841552734375
3267,390683,126.37845102506023,6.101594970703125,1016.9324951171875
3268,390803,130.98152757611922,6.312548583984375,1052.0914306640625
3269,390923,119.92873098227217,5.81568017578125,969.280029296875
3270,391043,116.22186345613383,5.645482543945312,940.9137573242188
3271,391163,132.11876666050847,6.36344384765625,1060.573974609375
3272,391283,128.92445467825678,6.216857666015625,1036.1429443359375
3273,391403,125.07282119887735,6.05373193359375,1008.955322265625
3274,391523,131.32090132627536,6.330298828125,1055.0498046875
3275,391643,124.66431597045879,6.031092407226563,1005.1820678710938
3276,391763,122.0665911772958,5.905628173828125,984.2713623046875
3277,391883,122.26648685827567,5.921735229492188,986.9558715820312
3278,392003,126.39120619121655,6.107329833984375,1017.8883056640625
3279,392123,120.07057646969908,5.815585327148438,969.2642211914062
3280,392243,125.37720218699252,6.05923095703125,1009.871826171875
3281,392363,118.78163678839474,5.75599072265625,959.331787109375
3282,392483,130.1394077412466,6.2714326171875,1045.23876953125
3283,392603,136.00077414763297,6.54238037109375,1090.396728515625
3284,392723,125.16869117999423,6.052373291015625,1008.7288818359375
3285,392843,122.05136352547044,5.906960815429687,984.4934692382812
3286,392963,117.00079760702994,5.679192260742187,946.5320434570312
3287,393083,126.25256719121104,6.109547973632813,1018.2579956054688
3288,393203,124.38850279105169,6.008674072265625,1001.4456787109375
3289,393323,124.22052063707577,6.008069091796875,1001.3448486328125
3290,393443,117.57949333342667,5.711372314453125,951.8953857421875
3291,393563,129.3811314490453,6.246998291015625,1041.1663818359375
3292,393683,127.44574226402946,6.16190478515625,1026.984130859375
3293,393803,126.5645700100337,6.1137410888671875,1018.9568481445312
3294,393923,128.77282600719244,6.21577294921875,1035.962158203125
3295,394043,123.42801448178669,5.968713134765625,994.7855224609375
3296,394163,117.29476817541901,5.689506958007812,948.2511596679688
3297,394283,123.87951776506989,5.991425537109375,998.5709228515625
3298,394403,129.8358750690549,6.258213134765625,1043.0355224609375
3299,394523,122.18923871603316,5.921686889648438,986.9478149414062
3300,394643,123.88384156170125,5.994810791015625,999.1351318359375
3301,394763,115.21846663747108,5.6050264892578125,934.1710815429688
3302,394883,121.55269503600695,5.889713012695313,981.6188354492188
3303,395003,116.54663717519871,5.659880493164063,943.3134155273438
3304,395123,120.2530362847786,5.829156372070313,971.5260620117188
3305,395243,119.81602922272256,5.8050146484375,967.50244140625
3306,395363,128.1520405473178,6.185712158203125,1030.9520263671875
3307,395483,132.61717686101335,6.386575927734375,1064.4293212890625
3308,395603,120.88428714536442,5.856036254882812,976.0060424804688
3309,395723,122.80911870188,5.938592651367188,989.7654418945312
3310,395843,132.28522302811405,6.3716455078125,1061.94091796875
3311,395963,127.20847260830124,6.14614599609375,1024.357666015625
3312,396083,130.53461640365165,6.296000244140625,1049.3333740234375
3313,396203,127.43271704386447,6.156041015625,1026.0068359375
3314,396323,127.69385501315227,6.166493408203125,1027.7489013671875
3315,396443,117.2686634960927,5.694234375,949.0390625
3316,396563,137.9820073346234,6.632386962890625,1105.3978271484375
3317,396683,123.48248837449188,5.971982299804687,995.3303833007812
3318,396803,128.69023064532976,6.20867578125,1034.779296875
3319,396923,125.47587079003573,6.061918579101563,1010.3197631835938
3320,397043,122.02752848768809,5.910725830078125,985.1209716796875
3321,397163,128.59756127064827,6.2040205078125,1034.00341796875
3322,397283,127.11139517023128,6.136523071289062,1022.7538452148438
3323,397403,130.52889899777063,6.289644287109375,1048.2740478515625
3324,397523,120.28706111303977,5.828980224609375,971.4967041015625
3325,397643,127.12328394113914,6.140736328125,1023.4560546875
3326,397763,126.92801619484972,6.12499951171875,1020.833251953125
3327,397883,121.11231899346963,5.861348876953125,976.8914794921875
3328,398003,129.8314069430578,6.261409423828125,1043.5682373046875
3329,398123,124.97632681910468,6.036521484375,1006.0869140625
3330,398243,129.4236096131323,6.24087451171875,1040.145751953125
3331,398363,129.43452524424885,6.24202734375,1040.337890625
3332,398483,121.05926409573156,5.862606079101562,977.1010131835938
3333,398603,134.1958845995996,6.460568115234375,1076.7613525390625
3334,398723,124.96082887450504,6.038161376953125,1006.3602294921875
3335,398843,125.639003857697,6.0667998046875,1011.13330078125
3336,398963,120.21545809459919,5.82622412109375,971.037353515625
3337,399083,132.03224236908505,6.365918701171875,1060.9864501953125
3338,399203,131.35915566914542,6.327352294921875,1054.5587158203125
3339,399323,128.4820995329133,6.194795654296875,1032.4659423828125
3340,399443,133.14107317805363,6.40821826171875,1068.036376953125
3341,399563,132.2871278302273,6.37205712890625,1062.009521484375
3342,399683,125.88389907274404,6.076885986328125,1012.8143310546875
3343,399803,122.17206270234237,5.918634155273438,986.4390258789062
3344,399923,126.89958663532362,6.1269422607421875,1021.1570434570312
3345,400043,123.6265298494739,5.97839208984375,996.398681640625
3346,400163,119.55242522833503,5.79293115234375,965.488525390625
3347,400283,120.21300242165682,5.827716064453125,971.2860107421875
3348,400403,125.05951191040029,6.041143432617187,1006.8572387695312
3349,400523,124.07058793056541,5.992840576171875,998.8067626953125
3350,400643,122.71923238787323,5.934094116210938,989.0156860351562
3351,400763,127.57447614542131,6.155058837890625,1025.8431396484375
3352,400883,126.69748378388785,6.119006469726562,1019.8344116210938
3353,401003,120.7085404992292,5.843081176757813,973.8468627929688
3354,401123,123.91155698939808,5.990272705078125,998.3787841796875
3355,401243,130.88103177333656,6.311022216796875,1051.8370361328125
3356,401363,122.08329324342951,5.910287475585937,985.0479125976562
3357,401483,124.74275763750724,6.02500341796875,1004.167236328125
3358,401603,120.6975011004213,5.847338745117187,974.5564575195312
3359,401723,130.0381958257795,6.27006298828125,1045.010498046875
3360,401843,125.37912135563803,6.05551171875,1009.251953125
3361,401963,129.84789709241645,6.266184814453125,1044.3641357421875
3362,402083,128.11777465259806,6.179193603515625,1029.8656005859375
3363,402203,120.00294383651007,5.814588500976562,969.0980834960938
3364,402323,126.4812875987336,6.106374755859375,1017.7291259765625
3365,402443,126.27739018085131,6.107006103515625,1017.8343505859375
3366,402563,132.18103000666792,6.3653642578125,1060.89404296875
3367,402683,128.2937506571001,6.194578125,1032.4296875
3368,402803,123.15244791825246,5.9555126953125,992.58544921875
3369,402923,117.60068054886058,5.704205932617188,950.7009887695312
3370,403043,119.92600314293017,5.808127075195313,968.0211791992188
3371,403163,126.69583205880933,6.110390625,1018.3984375
3372,403283,125.24543984892719,6.049369262695312,1008.2282104492188
3373,403403,125.02442038008127,6.034931396484375,1005.8218994140625
3374,403523,126.36632106690286,6.098428344726562,1016.4047241210938
3375,403643,122.01441168740872,5.908015869140625,984.6693115234375
3376,403763,130.27223634043156,6.28192822265625,1046.988037109375
3377,403883,139.03964061798615,6.67967138671875,1113.278564453125
3378,404003,122.55967258196584,5.922325927734375,987.0543212890625
3379,404123,130.75804007820517,6.3011865234375,1050.19775390625
3380,404243,119.24756391766678,5.784288940429687,964.0481567382812
3381,404363,123.70894314497865,5.981048217773438,996.8413696289062
3382,404483,120.25220170839673,5.823750732421875,970.6251220703125
3383,404603,127.88787530261918,6.171695068359375,1028.6158447265625
3384,404723,136.3321759664643,6.55644287109375,1092.740478515625
3385,404843,125.5081362287698,6.064066772460937,1010.6777954101562
3386,404963,123.6843309488122,5.977634765625,996.2724609375
3387,405083,132.17436756027243,6.365545166015625,1060.9241943359375
3388,405203,125.32422332618415,6.0529588623046875,1008.8264770507812
3389,405323,127.7201461251573,6.16065966796875,1026.776611328125
3390,405443,129.48904243784605,6.250992919921875,1041.8321533203125
3391,405563,126.07038404458493,6.09556494140625,1015.927490234375
3392,405683,123.87137043533264,5.988568725585938,998.0947875976562
3393,405803,122.66048556470528,5.935008544921875,989.1680908203125
3394,405923,117.92352525724422,5.719427124023437,953.2378540039062
3395,406043,112.68514874609909,5.483342651367187,913.8904418945312
3396,406163,133.57671919425502,6.430601806640625,1071.7669677734375
3397,406283,125.49982541788768,6.066652587890625,1011.1087646484375
3398,406403,117.05314113895604,5.677707275390625,946.2845458984375
3399,406523,128.92908125694407,6.217172607421875,1036.1954345703125
3400,406643,131.13168296725402,6.317449951171875,1052.9083251953125
3401,406763,125.92602459574937,6.079380981445312,1013.2301635742188
3402,406883,130.40415153907378,6.282576416015625,1047.0960693359375
3403,407003,123.74207855439428,5.9851875,997.53125
3404,407123,133.58643720700834,6.430428955078125,1071.7381591796875
3405,407243,127.68969403253259,6.158716552734375,1026.4527587890625
3406,407363,125.79141097303057,6.077994140625,1012.9990234375
3407,407483,126.33671464461409,6.103115478515625,1017.1859130859375
3408,407603,125.11579942120487,6.048732421875,1008.1220703125
3409,407723,122.12742783404548,5.905492309570312,984.2487182617188
3410,407843,121.93230994076504,5.9043662109375,984.06103515625
3411,407963,121.13923251085862,5.8668896484375,977.81494140625
3412,408083,119.00371847276872,5.764487915039062,960.7479858398438
3413,408203,130.5791577018097,6.293659423828125,1048.9432373046875
3414,408323,124.32397348052396,6.006817016601563,1001.1361694335938
3415,408443,129.48367928269974,6.24559130859375,1040.931884765625
3416,408563,133.7267998485325,6.4385654296875,1073.09423828125
3417,408683,125.09688600466308,6.040787109375,1006.7978515625
3418,408803,125.60510752097471,6.066685913085937,1011.1143188476562
3419,408923,121.77543541891033,5.897943603515625,982.9906005859375
3420,409043,122.86364646309552,5.944009643554687,990.6682739257812
3421,409163,131.21903322066157,6.32156982421875,1053.594970703125
3422,409283,128.24789231459482,6.185400146484375,1030.9000244140625
3423,409403,121.26871273079314,5.867890869140625,977.9818115234375
3424,409523,121.70746921702846,5.887582763671875,981.2637939453125
3425,409643,125.5905293478793,6.064706176757812,1010.7843627929688
3426,409763,124.75800509610801,6.0384371337890625,1006.4061889648438
3427,409883,128.48108090634335,6.1971767578125,1032.86279296875
3428,410003,120.43809814648273,5.833726684570313,972.2877807617188
3429,410123,128.446172234507,6.191628662109375,1031.9381103515625
3430,410243,118.47779947085193,5.74428369140625,957.380615234375
3431,410363,117.7250626765813,5.712806396484375,952.1343994140625
3432,410483,119.16342868451326,5.776714233398438,962.7857055664062
3433,410603,135.93380583079127,6.53685791015625,1089.476318359375
3434,410723,129.0134015909453,6.221104248046875,1036.8507080078125
3435,410843,124.29581999611644,6.008042724609375,1001.3404541015625
3436,410963,139.08771823603115,6.683608154296875,1113.9346923828125
3437,411083,122.04860717257779,5.90494482421875,984.157470703125
3438,411203,116.29097129657785,5.640910034179687,940.1516723632812
3439,411323,114.79057584328838,5.576634155273437,929.4390258789062
3440,411443,119.2029401947971,5.775350463867188,962.5584106445312
3441,411563,124.48471899342073,6.01588916015625,1002.648193359375
3442,411683,121.40450319439589,5.877884399414063,979.6473999023438
3443,411803,130.22208840671297,6.27668115234375,1046.113525390625
3444,411923,136.26219691454241,6.55167041015625,1091.945068359375
3445,412043,124.73910898858404,6.027286743164063,1004.5477905273438
3446,412163,127.42817938825237,6.147686279296875,1024.6143798828125
3447,412283,117.29011276837409,5.687192138671875,947.8653564453125
3448,412403,116.1601010862162,5.634776000976562,939.1293334960938
3449,412523,130.8227674093909,6.309711181640625,1051.6185302734375
3450,412643,125.9027733105458,6.0757423095703125,1012.6237182617188
3451,412763,127.49739220235686,6.149779541015625,1024.9632568359375
3452,412883,129.60808096665073,6.24738427734375,1041.230712890625
3453,413003,126.68892704595882,6.113727172851562,1018.9545288085938
3454,413123,131.63537054244662,6.344386962890625,1057.3978271484375
3455,413243,125.02072293810907,6.043517944335938,1007.2529907226562
3456,413363,127.4811083183032,6.152982421875,1025.4970703125
3457,413483,125.72312124528187,6.074002075195312,1012.3336791992188
3458,413603,133.19072570097129,6.411885498046875,1068.6475830078125
3459,413723,132.55845226501006,6.382866943359375,1063.8111572265625
3460,413843,121.90247331895355,5.900457641601562,983.4096069335938
3461,413963,134.7421205728226,6.477864990234375,1079.6441650390625
3462,414083,131.1663299420215,6.314882080078125,1052.4803466796875
3463,414203,131.88055970158385,6.3529892578125,1058.83154296875
3464,414323,130.0997288178969,6.2741953125,1045.69921875
3465,414443,125.54864891408668,6.062570434570312,1010.4284057617188
3466,414563,127.2969741021519,6.140903686523438,1023.4839477539062
3467,414683,129.65127759684762,6.248413330078125,1041.4022216796875
3468,414803,127.65047567772851,6.155360595703125,1025.8934326171875
3469,414923,133.42763236682035,6.420369873046875,1070.0616455078125
3470,415043,122.96860945607258,5.9451361083984375,990.8560180664062
3471,415163,132.15564010275222,6.367412109375,1061.2353515625
3472,415283,124.66829282967642,6.029089233398437,1004.8482055664062
3473,415403,123.17078021906273,5.956158325195313,992.6930541992188
3474,415523,125.61576018795665,6.066457397460938,1011.0762329101562
3475,415643,130.10846743943057,6.278343017578125,1046.3905029296875
3476,415763,130.25716205138053,6.284638916015625,1047.4398193359375
3477,415883,133.0786087776695,6.404895263671875,1067.4825439453125
3478,416003,121.453520904096,5.886528076171875,981.0880126953125
3479,416123,126.27047923917948,6.095097290039062,1015.8495483398438
3480,416243,131.81931159251917,6.349844970703125,1058.3074951171875
3481,416363,134.70125407973535,6.48569091796875,1080.948486328125
3482,416483,123.90803873285508,5.98531787109375,997.552978515625
3483,416603,126.95646422692163,6.12620361328125,1021.033935546875
3484,416723,127.14276179038379,6.141553344726563,1023.5922241210938
3485,416843,129.3687801658153,6.236587646484375,1039.4312744140625
3486,416963,124.90551680089618,6.033206176757813,1005.5343627929688
3487,417083,127.52378946496671,6.153339111328125,1025.5565185546875
3488,417203,127.82628412519057,6.1675400390625,1027.92333984375
3489,417323,131.56271749314263,6.33795849609375,1056.326416015625
3490,417443,134.35290374311012,6.466134521484375,1077.6890869140625
3491,417563,131.3111268249601,6.332734130859375,1055.4556884765625
3492,417683,121.96416994973686,5.898172485351562,983.0287475585938
3493,417803,127.29794492676757,6.1423055419921875,1023.7175903320312
3494,417923,127.84400759543415,6.167647705078125,1027.9412841796875
3495,418043,125.46515341287463,6.0611279296875,1010.18798828125
3496,418163,126.9596984083585,6.13969189453125,1023.281982421875
3497,418283,119.28934929673288,5.775567993164063,962.5946655273438
3498,418403,123.90495359654602,5.990867065429687,998.4778442382812
3499,418523,120.15598015866183,5.818359375,969.7265625
3500,418643,128.92732445920504,6.2221318359375,1037.02197265625
3501,418763,119.12792144202767,5.776655639648437,962.7759399414062
3502,418883,120.52600725746431,5.83978271484375,973.297119140625
3503,419003,127.47618611983927,6.154210693359375,1025.7017822265625
3504,419123,124.18622648219456,6.013449096679688,1002.2415161132812
3505,419243,120.93962842243616,5.858851318359375,976.4752197265625
3506,419363,121.82997829561737,5.898435791015625,983.0726318359375
3507,419483,121.94384023845993,5.8988104248046875,983.1350708007812
3508,419603,119.52831051533225,5.793784423828125,965.6307373046875
3509,419723,132.23242409427326,6.372711181640625,1062.1185302734375
3510,419843,121.17094560796181,5.871539428710937,978.5899047851562
3511,419963,123.59035861296951,5.9753873291015625,995.8978881835938
3512,420083,116.79504581905624,5.66572998046875,944.288330078125
3513,420203,125.01770282293748,6.042181640625,1007.0302734375
3514,420323,124.7770868719638,6.02979931640625,1004.966552734375
3515,420443,131.80652768533704,6.357863525390625,1059.6439208984375
3516,420563,124.06044923361644,6.00030029296875,1000.050048828125
3517,420683,126.9068317728761,6.127641723632813,1021.2736206054688
3518,420803,125.17449175554756,6.052913818359375,1008.8189697265625
3519,420923,129.96372550243083,6.2638857421875,1043.98095703125
3520,421043,122.154666039192,5.9119453125,985.32421875
3521,421163,115.68863809391861,5.618514038085937,936.4190063476562
3522,421283,126.56946091510225,6.116634887695312,1019.4391479492188
3523,421403,126.79540037381288,6.123889526367187,1020.6482543945312
3524,421523,129.08901669292604,6.223300048828125,1037.2166748046875
3525,421643,124.49191137592146,6.019456787109375,1003.2427978515625
3526,421763,124.5575269300247,6.027382690429688,1004.5637817382812
3527,421883,125.63541932616411,6.065177124023437,1010.8628540039062
3528,422003,129.87225152349228,6.2674599609375,1044.57666015625
3529,422123,124.67748307243554,6.021978515625,1003.6630859375
3530,422243,129.23005214158786,6.235175537109375,1039.1959228515625
3531,422363,125.79078699826444,6.079864013671875,1013.3106689453125
3532,422483,130.98731979187866,6.310790771484375,1051.7984619140625
3533,422603,130.8018711868922,6.305159912109375,1050.8599853515625
3534,422723,127.04334819575156,6.135711181640625,1022.6185302734375
3535,422843,128.69727823675407,6.211283203125,1035.2138671875
3536,422963,133.18653062013797,6.412601806640625,1068.7669677734375
3537,423083,121.7233445472954,5.890235595703125,981.7059326171875
3538,423203,119.86427220104272,5.809751953125,968.2919921875
3539,423323,125.73230668406543,6.074221435546875,1012.3702392578125
3540,423443,122.79433472423105,5.942098022460938,990.3496704101562
3541,423563,123.55289514502202,5.975745483398438,995.9575805664062
3542,423683,123.05434266093317,5.951687255859375,991.9478759765625
3543,423803,122.45456663361972,5.919331420898438,986.5552368164062
3544,423923,122.65107701736893,5.93076123046875,988.460205078125
3545,424043,124.93275717986228,6.03314208984375,1005.523681640625
3546,424163,128.79303427586873,6.216230712890625,1036.0384521484375
3547,424283,126.33628492433687,6.105365478515625,1017.5609130859375
3548,424403,130.8897346594277,6.31206591796875,1052.010986328125
3549,424523,130.32880401658193,6.282498046875,1047.0830078125
3550,424643,127.44048318705117,6.159466552734375,1026.5777587890625
3551,424763,126.68263122617773,6.1219808349609375,1020.3301391601562
3552,424883,117.95670133739003,5.721759155273437,953.6265258789062
3553,425003,121.19126838984265,5.870609252929688,978.4348754882812
3554,425123,132.75551157170142,6.399331787109375,1066.5552978515625
3555,425243,133.42716845437798,6.426788818359375,1071.1314697265625
3556,425363,134.15723237445462,6.45887255859375,1076.478759765625
3557,425483,121.26262045897367,5.865570190429687,977.5950317382812
3558,425603,134.12029006697298,6.45628857421875,1076.048095703125
3559,425723,130.4556075457681,6.2882431640625,1048.04052734375
3560,425843,130.36867619997963,6.2821640625,1047.02734375
3561,425963,126.14680525826478,6.091998413085937,1015.3330688476562
3562,426083,122.5927680329757,5.928429931640625,988.0716552734375
3563,426203,125.58977028135703,6.066227783203125,1011.0379638671875
3564,426323,132.50011765244764,6.382546142578125,1063.7576904296875
3565,426443,123.16577021722672,5.956342163085938,992.7236938476562
3566,426563,125.74751087309484,6.071867431640625,1011.9779052734375
3567,426683,127.08282723847623,6.13614697265625,1022.691162109375
3568,426803,118.80370633783956,5.76627685546875,961.046142578125
3569,426923,129.0989323035949,6.22935498046875,1038.225830078125
3570,427043,124.05878466991246,5.995012573242187,999.1687622070312
3571,427163,129.91924802922787,6.269950927734375,1044.9918212890625
3572,427283,123.6929177721496,5.987872924804687,997.9788208007812
3573,427403,125.54404582575056,6.064579467773438,1010.7632446289062
3574,427523,124.46037104070477,6.015702758789063,1002.6171264648438
3575,427643,119.79349314104128,5.807717651367187,967.9529418945312
3576,427763,125.96439710827988,6.086113403320312,1014.3522338867188
3577,427883,134.26113853649062,6.460045166015625,1076.6741943359375
3578,428003,126.28499735415346,6.101044555664062,1016.8407592773438
3579,428123,126.5786533209192,6.110001708984375,1018.3336181640625
3580,428243,121.66297484945348,5.888965209960937,981.4942016601562
3581,428363,132.5485737548118,6.385825927734375,1064.3043212890625
3582,428483,125.08971460310048,6.038232421875,1006.3720703125
3583,428603,125.02277162364791,6.045810424804688,1007.6350708007812
3584,428723,127.10465350368762,6.139795166015625,1023.2991943359375
3585,428843,119.62508714193304,5.799463623046875,966.5772705078125
3586,428963,127.18936168154835,6.137946899414063,1022.9911499023438
3587,429083,125.62778392386645,6.068842529296875,1011.4737548828125
3588,429203,131.83668678857669,6.354651123046875,1059.1085205078125
3589,429323,119.06066845653373,5.7712335205078125,961.8722534179688
3590,429443,124.51715049170812,6.02123876953125,1003.539794921875
3591,429563,134.28583244071342,6.46300341796875,1077.167236328125
3592,429683,127.55320328348796,6.15571728515625,1025.952880859375
3593,429803,127.46292247671671,6.154508056640625,1025.7513427734375
3594,429923,124.176777505934,6.007799926757812,1001.2999877929688
3595,430043,124.9636265762243,6.055198974609375,1009.1998291015625
3596,430163,126.5131335238429,6.1084617919921875,1018.0769653320312
3597,430283,125.02261919791056,6.047669311523437,1007.9448852539062
3598,430403,124.75224260648524,6.033375732421875,1005.5626220703125
3599,430523,133.29361852367285,6.419225830078125,1069.8709716796875
3600,430643,127.35091542076506,6.15155712890625,1025.259521484375
3601,430763,122.61979839715232,5.93471923828125,989.119873046875
3602,430883,127.60775767277161,6.16113134765625,1026.855224609375
3603,431003,130.73464725755224,6.30458349609375,1050.763916015625
3604,431123,126.52225079038044,6.112314331054687,1018.7190551757812
3605,431243,122.1072447216774,5.918601928710937,986.4336547851562
3606,431363,121.23887368807736,5.870820556640625,978.4700927734375
3607,431483,123.34259789150364,5.965947509765625,994.3245849609375
3608,431603,125.84615206012134,6.080763793945312,1013.4606323242188
3609,431723,125.31426804498948,6.058308471679688,1009.7180786132812
3610,431843,124.53438260744107,6.020410766601563,1003.4017944335938
3611,431963,131.3795427630691,6.33119384765625,1055.198974609375
3612,432083,119.83008355386711,5.8087265625,968.12109375
3613,432203,129.8692679196349,6.2685791015625,1044.76318359375
3614,432323,125.32372269261244,6.057927612304687,1009.6546020507812
3615,432443,125.74241036807729,6.081850708007813,1013.6417846679688
3616,432563,121.14791011763275,5.8741083984375,979.01806640625
3617,432683,122.06377468302654,5.906303833007812,984.3839721679688
3618,432803,131.54927196608537,6.33994921875,1056.658203125
3619,432923,126.33596373375656,6.097461547851562,1016.2435913085938
3620,433043,126.52666134399936,6.106903198242187,1017.8171997070312
3621,433163,119.44380932401828,5.785643188476563,964.2738647460938
3622,433283,122.07259525871137,5.910940795898438,985.1567993164062
3623,433403,122.15107681979873,5.907711181640625,984.6185302734375
3624,433523,124.65180004619589,6.031377685546875,1005.2296142578125
3625,433643,129.92680490283942,6.269108642578125,1044.8514404296875
3626,433763,123.90907854587446,5.990142700195313,998.3571166992188
3627,433883,132.24494725648412,6.37378857421875,1062.298095703125
3628,434003,131.65296853703657,6.344575927734375,1057.4293212890625
3629,434123,126.64362140364861,6.118627075195312,1019.7711791992188
3630,434243,128.5165668224798,6.20210888671875,1033.684814453125
3631,434363,131.59265413776362,6.34632275390625,1057.720458984375
3632,434483,133.13275977806975,6.410143798828125,1068.3572998046875
3633,434603,130.51397103019363,6.29246923828125,1048.744873046875
3634,434723,117.86527439204295,5.71769384765625,952.948974609375
3635,434843,133.867437908645,6.445323486328125,1074.2205810546875
3636,434963,129.97279742167012,6.268483154296875,1044.7471923828125
3637,435083,125.95033243275111,6.083408935546875,1013.9014892578125
3638,435203,125.56073546572605,6.059727172851563,1009.9545288085938
3639,435323,124.36975796834547,6.00855029296875,1001.425048828125
3640,435443,130.32081767898794,6.281968505859375,1046.9947509765625
3641,435563,126.23521905824951,6.094039306640625,1015.6732177734375
3642,435683,127.0702749280884,6.1292310791015625,1021.5385131835938
3643,435803,127.42689975551468,6.15106494140625,1025.177490234375
3644,435923,127.20177791759735,6.140885375976563,1023.4808959960938
3645,436043,124.26634965262332,6.007766235351562,1001.2943725585938
3646,436163,128.53087399206348,6.197994873046875,1032.9991455078125
3647,436283,126.97805231414267,6.1302099609375,1021.70166015625
3648,436403,129.6949820159554,6.257281494140625,1042.8802490234375
3649,436523,122.3793580968882,5.9232550048828125,987.2091674804688
3650,436643,129.26018238093866,6.233776611328125,1038.9627685546875
3651,436763,128.46634229301938,6.199915283203125,1033.3192138671875
3652,436883,130.20518045402483,6.273725830078125,1045.6209716796875
3653,437003,133.96727562124937,6.447322998046875,1074.5538330078125
3654,437123,127.98588681591814,6.1745595703125,1029.09326171875
3655,437243,128.1754546124311,6.189314208984375,1031.5523681640625
3656,437363,124.71979260013678,6.036303955078125,1006.0506591796875
3657,437483,128.1705260200349,6.19172900390625,1031.954833984375
3658,437603,112.93974821394984,5.486757202148437,914.4595336914062
3659,437723,122.80950735414731,5.948262817382813,991.3771362304688
3660,437843,127.64829403107251,6.157166015625,1026.1943359375
3661,437963,133.23742646956111,6.41706298828125,1069.510498046875
3662,438083,121.4771407379222,5.88034130859375,980.056884765625
3663,438203,125.2655558942265,6.054509399414062,1009.0848999023438
3664,438323,122.23044574615665,5.916738647460938,986.1231079101562
3665,438443,120.41136513148744,5.829350463867187,971.5584106445312
3666,438563,123.94748337127037,5.99039208984375,998.398681640625
3667,438683,130.53748176296892,6.292975341796875,1048.8292236328125
3668,438803,122.91438430459982,5.948315551757813,991.3859252929688
3669,438923,123.08773254966229,5.95027294921875,991.712158203125
3670,439043,122.5991723992255,5.933117797851563,988.8529663085938
3671,439163,126.25532734501867,6.09354931640625,1015.591552734375
3672,439283,123.36635355162551,5.962248046875,993.7080078125
3673,439403,125.33348468023601,6.055768798828125,1009.2947998046875
3674,439523,134.58149202268802,6.477579345703125,1079.5965576171875
3675,439643,127.68939269197372,6.161754638671875,1026.9591064453125
3676,439763,123.23214692949841,5.956522338867187,992.7537231445312
3677,439883,134.9376245236791,6.494712890625,1082.4521484375
3678,440003,123.11354931837987,5.953836547851562,992.3060913085938
3679,440123,133.0468423844997,6.407209716796875,1067.8682861328125
3680,440243,122.39691424887265,5.926613525390625,987.7689208984375
3681,440363,131.87908169289216,6.347173095703125,1057.8621826171875
3682,440483,118.84474002371898,5.770045532226563,961.6742553710938
3683,440603,127.39598403616489,6.14773095703125,1024.621826171875
3684,440723,120.43626929537865,5.830377685546875,971.7296142578125
3685,440843,126.51762166251592,6.116032470703125,1019.3387451171875
3686,440963,132.0970643263285,6.3648193359375,1060.80322265625
3687,441083,119.7061693985149,5.800821166992187,966.8035278320312
3688,441203,121.65173439558669,5.889154907226563,981.5258178710938
3689,441323,131.6646253587038,6.34069189453125,1056.781982421875
3690,441443,125.73229634628038,6.070012573242187,1011.6687622070312
3691,441563,138.67366732407038,6.666277587890625,1111.0462646484375
3692,441683,129.49005370958758,6.242540771484375,1040.4234619140625
3693,441803,128.67390283053226,6.211950439453125,1035.3250732421875
3694,441923,128.6235331126187,6.2055498046875,1034.25830078125
3695,442043,135.639464049596,6.525462890625,1087.5771484375
3696,442163,135.53651716914453,6.523178466796875,1087.1964111328125
3697,442283,123.2892761848652,5.9606824951171875,993.4470825195312
3698,442403,122.98344922097299,5.946127075195313,991.0211791992188
3699,442523,131.42087859104905,6.330396240234375,1055.0660400390625
3700,442643,133.9580686476026,6.447311279296875,1074.5518798828125
3701,442763,135.44789416224606,6.520866943359375,1086.8111572265625
3702,442883,129.3576011860036,6.238279541015625,1039.7132568359375
3703,443003,123.41034897108023,5.965820434570312,994.3034057617188
3704,443123,128.52105530716693,6.196544677734375,1032.7574462890625
3705,443243,123.86065496079925,5.99152294921875,998.587158203125
3706,443363,125.99655165134186,6.088845336914063,1014.8075561523438
3707,443483,133.9805273116022,6.447299560546875,1074.5499267578125
3708,443603,129.17794161201294,6.232239990234375,1038.7066650390625
3709,443723,123.16529556423777,5.952153076171875,992.0255126953125
3710,443843,130.19084931857498,6.276623291015625,1046.1038818359375
3711,443963,130.22939781828177,6.2752294921875,1045.87158203125
3712,444083,127.33153362893708,6.148037841796875,1024.6729736328125
3713,444203,118.36642257068385,5.73966796875,956.611328125
3714,444323,131.55352496956496,6.344820556640625,1057.4700927734375
3715,444443,116.81348009264319,5.663500854492187,943.9168090820312
3716,444563,127.32345915069476,6.147427001953125,1024.5711669921875
3717,444683,123.71764143315556,5.97930029296875,996.550048828125
3718,444803,129.10258490308445,6.22182568359375,1036.970947265625
3719,444923,125.30888456584161,6.051678588867188,1008.6130981445312
3720,445043,134.74484111908816,6.48132568359375,1080.220947265625
3721,445163,126.61942369414439,6.116829711914063,1019.4716186523438
3722,445283,128.78581699204977,6.2140283203125,1035.67138671875
3723,445403,132.90485848826643,6.40125439453125,1066.875732421875
3724,445523,120.70511193390101,5.845520874023437,974.2534790039062
3725,445643,126.41508706318393,6.098737426757813,1016.4562377929688
3726,445763,127.97293937463778,6.182984619140625,1030.4974365234375
3727,445883,130.56898707553898,6.287408203125,1047.9013671875
3728,446003,129.3732088678961,6.2373427734375,1039.55712890625
3729,446123,122.5530834806347,5.9266029052734375,987.7671508789062
3730,446243,130.63859926427796,6.3008671875,1050.14453125
3731,446363,134.75382593589254,6.48406640625,1080.677734375
3732,446483,126.34070111264415,6.101156982421875,1016.8594970703125
3733,446603,120.32803014914212,5.825190307617188,970.8650512695312
3734,446723,126.85227205417021,6.122163208007812,1020.3605346679688
3735,446843,129.6864255586055,6.24859130859375,1041.431884765625
3736,446963,120.67408539422433,5.845118408203125,974.1864013671875
3737,447083,116.52312603360207,5.657959350585937,942.9932250976562
3738,447203,130.4841017835591,6.285758056640625,1047.6263427734375
3739,447323,124.88522007537249,6.02971435546875,1004.952392578125
3740,447443,132.04275343923197,6.3561533203125,1059.35888671875
3741,447563,127.12461982383462,6.13254931640625,1022.091552734375
3742,447683,120.6463629783606,5.841949951171875,973.6583251953125
3743,447803,130.69657542975338,6.298171142578125,1049.6951904296875
3744,447923,126.88705153580844,6.124046630859375,1020.6744384765625
3745,448043,125.58438285838368,6.07411669921875,1012.352783203125
3746,448163,123.28730599380565,5.962583862304688,993.7639770507812
3747,448283,121.26150716508721,5.86920263671875,978.200439453125
3748,448403,132.51365642602036,6.3778271484375,1062.97119140625
3749,448523,127.15809577035049,6.1353826904296875,1022.5637817382812
3750,448643,125.60486349857932,6.068968505859375,1011.4947509765625
3751,448763,137.29768392977,6.604106689453125,1100.6844482421875
3752,448883,125.80721762261149,6.074926025390625,1012.4876708984375
3753,449003,122.8041858527918,5.933748046875,988.9580078125
3754,449123,123.58207424041004,5.974848999023438,995.8081665039062
3755,449243,123.0771371204485,5.9473377685546875,991.2229614257812
3756,449363,138.17201407785825,6.64205712890625,1107.009521484375
3757,449483,128.50124218826022,6.195029296875,1032.5048828125
3758,449603,128.0464316957288,6.183998291015625,1030.6663818359375
3759,449723,127.53619753649748,6.151119873046875,1025.1866455078125
3760,449843,126.46199856767274,6.109994018554688,1018.3323364257812
3761,449963,131.7294663540285,6.3415927734375,1056.93212890625
3762,450083,119.79564573274898,5.8036871337890625,967.2811889648438
3763,450203,131.1645347407525,6.321563232421875,1053.5938720703125
3764,450323,128.60807861257757,6.2038740234375,1033.97900390625
3765,450443,131.86558251934176,6.3561591796875,1059.35986328125
3766,450563,129.74829857581983,6.252197021484375,1042.0328369140625
3767,450683,124.3512035020855,6.008964111328125,1001.4940185546875
3768,450803,126.24972965536946,6.095751342773437,1015.9585571289062
3769,450923,126.50207438674423,6.114762084960938,1019.1270141601562
3770,451043,125.1742506706092,6.045708984375,1007.6181640625
3771,451163,124.87709148719453,6.036447143554687,1006.0745239257812
3772,451283,126.14416881469371,6.094629638671875,1015.7716064453125
3773,451403,123.07569004600919,5.952262573242187,992.0437622070312
3774,451523,123.88071028105252,5.990889038085937,998.4815063476562
3775,451643,127.37411775786785,6.147629150390625,1024.6048583984375
3776,451763,126.2299920709418,6.0988919677734375,1016.4819946289062
3777,451883,130.87943781963654,6.307015869140625,1051.1693115234375
3778,452003,123.43011688652224,5.963174560546875,993.8624267578125
3779,452123,113.5150315017253,5.512458251953125,918.7430419921875
3780,452243,130.7642662054668,6.300441650390625,1050.0736083984375
3781,452363,119.40843239569695,5.783380737304688,963.8967895507812
3782,452483,117.31453718795896,5.687452514648437,947.9087524414062
3783,452603,129.6795361624173,6.25396728515625,1042.327880859375
3784,452723,130.8598777593803,6.31102587890625,1051.837646484375
3785,452843,129.11601188127548,6.2267431640625,1037.79052734375
3786,452963,132.0149050398243,6.362959716796875,1060.4932861328125
3787,453083,128.01759765039748,6.175475830078125,1029.2459716796875
3788,453203,129.8632634384401,6.257747314453125,1042.9578857421875
3789,453323,122.44124464548464,5.916820678710938,986.1367797851562
3790,453443,116.14075796504483,5.643705688476563,940.6176147460938
3791,453563,125.70145417200494,6.07189306640625,1011.982177734375
3792,453683,129.75215164766746,6.26115087890625,1043.525146484375
3793,453803,130.38180573146536,6.28365087890625,1047.275146484375
3794,453923,126.93941293167748,6.12960498046875,1021.600830078125
3795,454043,125.25411367654098,6.048658813476562,1008.1098022460938
3796,454163,132.69840103756914,6.397193115234375,1066.1988525390625
3797,454283,125.73981289637769,6.07571923828125,1012.619873046875
3798,454403,128.42641259285003,6.1994560546875,1033.24267578125
3799,454523,128.53464578719704,6.1992275390625,1033.20458984375
3800,454643,126.93876433932355,6.126963134765625,1021.1605224609375
3801,454763,131.33839309596544,6.32605078125,1054.341796875
3802,454883,124.74282356724332,6.029197631835937,1004.8662719726562
3803,455003,119.23979810224718,5.774928588867187,962.4880981445312
3804,455123,124.96118991092334,6.034625244140625,1005.7708740234375
3805,455243,121.99201081674319,5.8974814453125,982.91357421875
3806,455363,128.4328789465757,6.196880859375,1032.8134765625
3807,455483,126.31712576405984,6.098043090820313,1016.3405151367188
3808,455603,129.36628035434393,6.2373134765625,1039.55224609375
3809,455723,123.63561999842464,5.97624755859375,996.041259765625
3810,455843,128.98820214928844,6.21968994140625,1036.614990234375
3811,455963,120.99038592512099,5.857115112304688,976.1858520507812
3812,456083,121.0232517540191,5.867894165039062,977.9823608398438
3813,456203,122.00925294693197,5.910104370117187,985.0173950195312
3814,456323,126.73570867296601,6.121617553710937,1020.2695922851562
3815,456443,132.44002992486764,6.382427490234375,1063.7379150390625
3816,456563,136.2843944401183,6.5531953125,1092.19921875
3817,456683,124.70321114801497,6.028729248046875,1004.7882080078125
3818,456803,125.23406196694432,6.053564208984375,1008.9273681640625
3819,456923,133.82466036873566,6.44012255859375,1073.353759765625
3820,457043,126.37948801322403,6.104047119140625,1017.3411865234375
3821,457163,122.7690257161646,5.93814990234375,989.691650390625
3822,457283,130.9600811218343,6.312258544921875,1052.0430908203125
3823,457403,126.18542187436327,6.092687622070312,1015.4479370117188
3824,457523,125.56739908461783,6.06283740234375,1010.472900390625
3825,457643,130.3359975661006,6.286177001953125,1047.6961669921875
3826,457763,128.81604740077364,6.214335205078125,1035.7225341796875
3827,457883,124.45711412272482,6.014185913085938,1002.3643188476562
3828,458003,126.389211012294,6.102203247070313,1017.0338745117188
3829,458123,126.70231962290148,6.120027099609375,1020.0045166015625
3830,458243,125.48347621593817,6.05811767578125,1009.686279296875
3831,458363,133.25943962916716,6.4151396484375,1069.18994140625
3832,458483,120.53677145776145,5.834792358398437,972.4653930664062
3833,458603,123.37271000999209,5.966164672851563,994.3607788085938
3834,458723,122.18325132018629,5.91689794921875,986.149658203125
3835,458843,129.10973040238136,6.22840869140625,1038.068115234375
3836,458963,126.0473448532536,6.0893052978515625,1014.8842163085938
3837,459083,127.49151351657795,6.154951171875,1025.8251953125
3838,459203,134.31756060958534,6.465474609375,1077.5791015625
3839,459323,131.39390234377746,6.33477392578125,1055.795654296875
3840,459443,126.95431383590622,6.125954223632813,1020.9923706054688
3841,459563,121.7128311435483,5.8897705078125,981.62841796875
3842,459683,135.01949096963878,6.50457568359375,1084.095947265625
3843,459803,128.2739709553229,6.188284423828125,1031.3807373046875
3844,459923,133.78653756820395,6.446364990234375,1074.3941650390625
3845,460043,123.21647931365314,5.957712524414062,992.9520874023438
3846,460163,115.68889085054474,5.6073848876953125,934.5641479492188
3847,460283,120.46563102617242,5.8355478515625,972.59130859375
3848,460403,122.26847315346359,5.915112670898438,985.8521118164062
3849,460523,124.8161140233835,6.030251953125,1005.0419921875
3850,460643,123.79155221120398,5.989236328125,998.2060546875
3851,460763,125.2339468935869,6.0497900390625,1008.29833984375
3852,460883,123.98059472820714,5.994775634765625,999.1292724609375
3853,461003,128.58822742145233,6.20477783203125,1034.129638671875
3854,461123,127.03828683233131,6.134961181640625,1022.4935302734375
3855,461243,121.83149794217996,5.89273388671875,982.122314453125
3856,461363,125.49887029164351,6.064006713867188,1010.6677856445312
3857,461483,129.1190872918687,6.224691650390625,1037.4486083984375
3858,461603,131.04279021771978,6.317771484375,1052.9619140625
3859,461723,127.91512071157848,6.174169189453125,1029.0281982421875
3860,461843,127.41044921463099,6.145152099609375,1024.1920166015625
3861,461963,133.18965910522155,6.406611328125,1067.7685546875
3862,462083,117.67702333300414,5.7056396484375,950.93994140625
3863,462203,130.05892144275592,6.272035400390625,1045.3392333984375
3864,462323,122.76905503125478,5.939912475585937,989.9854125976562
3865,462443,128.644114744165,6.203895263671875,1033.9825439453125
3866,462563,125.66271035855577,6.072560302734375,1012.0933837890625
3867,462683,128.9387863858554,6.220311767578125,1036.7186279296875
3868,462803,130.63130304662192,6.2975537109375,1049.59228515625
3869,462923,121.47205505333177,5.877035888671875,979.5059814453125
3870,463043,123.40172625465118,5.968009643554687,994.6682739257812
3871,463163,128.9646292202483,6.21962255859375,1036.603759765625
3872,463283,130.45300219340834,6.288498046875,1048.0830078125
3873,463403,119.715462908819,5.796926879882813,966.1544799804688
3874,463523,130.1081001384544,6.269414794921875,1044.9024658203125
3875,463643,123.75538338409999,5.975203491210937,995.8672485351562
3876,463763,128.16867480246103,6.194545166015625,1032.4241943359375
3877,463883,124.21494900950468,6.003868286132812,1000.6447143554688
3878,464003,130.7296258824227,6.30187353515625,1050.312255859375
3879,464123,130.9183158476387,6.3088798828125,1051.47998046875
3880,464243,126.992904052596,6.125315551757812,1020.8859252929688
3881,464363,125.87757641076645,6.079113647460938,1013.1856079101562
3882,464483,130.02112966190248,6.26419482421875,1044.032470703125
3883,464603,126.12250203296699,6.09271875,1015.453125
3884,464723,126.249249524446,6.0935625,1015.59375
3885,464843,128.215856166087,6.18590771484375,1030.984619140625
3886,464963,137.44765421613488,6.60945703125,1101.576171875
3887,465083,123.10493098129112,5.953051025390625,992.1751708984375
3888,465203,134.07782466457127,6.455647705078125,1075.9412841796875
3889,465323,129.25929295437857,6.228966796875,1038.1611328125
3890,465443,131.9758286533419,6.35357373046875,1058.928955078125
3891,465563,128.10775244860727,6.17828466796875,1029.714111328125
3892,465683,127.375371242274,6.1447705078125,1024.12841796875
3893,465803,125.27792185171958,6.053231689453125,1008.8719482421875
3894,465923,131.75740481893996,6.347406005859375,1057.9010009765625
3895,466043,126.28755776817151,6.0972747802734375,1016.2124633789062
3896,466163,121.733801135775,5.893172241210937,982.1953735351562
3897,466283,126.52898134040854,6.109033813476563,1018.1723022460938
3898,466403,125.68135346679645,6.064982666015625,1010.8304443359375
3899,466523,126.61092549758536,6.108302490234375,1018.0504150390625
3900,466643,120.38743772978415,5.831464599609375,971.9107666015625
3901,466763,122.4150990258924,5.915514038085938,985.9190063476562
3902,466883,129.6298215440966,6.25034033203125,1041.723388671875
3903,467003,126.18394991609641,6.0881162109375,1014.68603515625
3904,467123,131.82685589929122,6.349604736328125,1058.2674560546875
3905,467243,123.68762679582667,5.98148583984375,996.914306640625
3906,467363,117.58825340082801,5.698453125,949.7421875
3907,467483,125.10124690532595,6.041196899414063,1006.8661499023438
3908,467603,128.85665427129322,6.211077392578125,1035.1795654296875
3909,467723,127.59112991708588,6.15263818359375,1025.439697265625
3910,467843,123.66201816811177,5.97685546875,996.142578125
3911,467963,122.27066949064108,5.911188720703125,985.1981201171875
3912,468083,135.79534699122013,6.526697021484375,1087.7828369140625
3913,468203,125.23220726498448,6.05185400390625,1008.642333984375
3914,468323,122.44686485576861,5.918790893554688,986.4651489257812
3915,468443,128.53245992886767,6.198812255859375,1033.1353759765625
3916,468563,129.665667547372,6.25293896484375,1042.156494140625
3917,468683,128.50275583059835,6.197729736328125,1032.9549560546875
3918,468803,128.50567955634736,6.199921142578125,1033.3201904296875
3919,468923,129.6497056994472,6.2542412109375,1042.37353515625
3920,469043,127.94645322815647,6.169576171875,1028.2626953125
3921,469163,123.83884563794953,5.984630493164063,997.4384155273438
3922,469283,127.03117787231943,6.1333377685546875,1022.2229614257812
3923,469403,131.5365385487922,6.335785400390625,1055.9642333984375
3924,469523,132.26612505662217,6.377354736328125,1062.8924560546875
3925,469643,127.83256451607387,6.16273681640625,1027.122802734375
3926,469763,121.87848945229467,5.8976070556640625,982.9345092773438
3927,469883,125.24311454595485,6.051167724609375,1008.5279541015625
3928,470003,124.74264983715874,6.021383056640625,1003.5638427734375
3929,470123,127.50683635546193,6.15703564453125,1026.172607421875
3930,470243,123.89447708638691,5.986020263671875,997.6700439453125
3931,470363,135.27094590461382,6.506745849609375,1084.4576416015625
3932,470483,120.9342204993136,5.84772802734375,974.621337890625
3933,470603,132.14053398317623,6.364461181640625,1060.7435302734375
3934,470723,130.69282313999452,6.2975185546875,1049.58642578125
3935,470843,130.36160180078633,6.28573388671875,1047.622314453125
3936,470963,128.7706968962617,6.21775634765625,1036.292724609375
3937,471083,123.71347642997746,5.979431396484375,996.5718994140625
3938,471203,123.13353427267757,5.950761474609375,991.7935791015625
3939,471323,127.75052663478323,6.162895751953125,1027.1492919921875
3940,471443,126.51764541239854,6.10787548828125,1017.979248046875
3941,471563,130.87262576780432,6.301493408203125,1050.2489013671875
3942,471683,128.132837050231,6.18830859375,1031.384765625
3943,471803,129.9041791551216,6.2627607421875,1043.79345703125
3944,471923,129.53511149738742,6.24281103515625,1040.468505859375
3945,472043,134.0859448785136,6.44945361328125,1074.908935546875
3946,472163,123.45482842714208,5.96476171875,994.126953125
3947,472283,120.1230855214637,5.813077880859375,968.8463134765625
3948,472403,120.34162311000567,5.824458251953125,970.7430419921875
3949,472523,125.13918550263104,6.04325537109375,1007.209228515625
3950,472643,127.24782449680083,6.14773095703125,1024.621826171875
3951,472763,128.344224833418,6.190220947265625,1031.7034912109375
3952,472883,122.42208164371408,5.917481689453125,986.2469482421875
3953,473003,122.54031258175195,5.929973876953125,988.3289794921875
3954,473123,129.9893008651305,6.265024658203125,1044.1707763671875
3955,473243,124.35368449183636,6.0077537841796875,1001.2922973632812
3956,473363,128.09302761232493,6.17795654296875,1029.659423828125
3957,473483,124.12075964054007,6.00008056640625,1000.013427734375
3958,473603,126.88911848128106,6.1254598388671875,1020.9099731445312
3959,473723,119.11664978240465,5.77532080078125,962.553466796875
3960,473843,122.84531670466883,5.940032592773438,990.0054321289062
3961,473963,126.92543715946506,6.120323364257812,1020.0538940429688
3962,474083,118.09648534333246,5.720332763671875,953.3887939453125
3963,474203,129.59512682231755,6.2480654296875,1041.34423828125
3964,474323,113.29783691343125,5.500770629882813,916.7951049804688
3965,474443,133.706907349317,6.43297265625,1072.162109375
3966,474563,126.90804144494209,6.1207386474609375,1020.1231079101562
3967,474683,128.40262867629448,6.193707275390625,1032.2845458984375
3968,474803,124.00469123369285,5.99197119140625,998.661865234375
3969,474923,135.63741155617842,6.524779541015625,1087.4632568359375
3970,475043,117.8758892535923,5.708188110351562,951.3646850585938
3971,475163,123.8628780063132,5.9876685791015625,997.9447631835938
3972,475283,118.62720237734639,5.751735717773437,958.6226196289062
3973,475403,126.20484510138596,6.092207153320312,1015.3678588867188
3974,475523,125.39088868624455,6.055921875,1009.3203125
3975,475643,128.60184951558307,6.202845703125,1033.8076171875
3976,475763,125.4656003971658,6.064084716796875,1010.6807861328125
3977,475883,127.9947927955587,6.172998779296875,1028.8331298828125
3978,476003,131.45065033030235,6.3347314453125,1055.78857421875
3979,476123,131.3398854854721,6.3304072265625,1055.06787109375
3980,476243,128.74837386025303,6.211049560546875,1035.1749267578125
3981,476363,133.14023916475813,6.4132998046875,1068.88330078125
3982,476483,132.19560828129954,6.3661787109375,1061.02978515625
3983,476603,129.18620851459187,6.2247333984375,1037.45556640625
3984,476723,123.62130272303,5.974647583007813,995.7745971679688
3985,476843,138.57570677646672,6.65863916015625,1109.773193359375
3986,476963,121.36769195904675,5.871948852539062,978.6581420898438
3987,477083,123.38075388052329,5.965631103515625,994.2718505859375
3988,477203,125.45738950005938,6.058329711914062,1009.7216186523438
3989,477323,125.05794257616796,6.0399287109375,1006.65478515625
3990,477443,123.5870743729223,5.97402685546875,995.671142578125
3991,477563,125.19650953440392,6.0472957763671875,1007.8826293945312
3992,477683,119.21094924834547,5.775743408203125,962.6239013671875
3993,477803,124.33142814698019,6.0032138671875,1000.53564453125
3994,477923,129.19678121100316,6.233044189453125,1038.8406982421875
3995,478043,131.47213365015457,6.331231201171875,1055.2052001953125
3996,478163,125.1735853476217,6.049411743164063,1008.2352905273438
3997,478283,130.86437691640037,6.30622119140625,1051.036865234375
3998,478403,129.12423679529152,6.228466552734375,1038.0777587890625
3999,478523,128.48164049759097,6.19574560546875,1032.624267578125
4000,478643,116.82903683270693,5.665917114257812,944.3195190429688
4001,478763,126.2043212135252,6.08989453125,1014.982421875
4002,478883,127.13297393742157,6.133498168945312,1022.2496948242188
4003,479003,132.61412492393987,6.384145751953125,1064.0242919921875
4004,479123,132.13796179244807,6.363412353515625,1060.5687255859375
4005,479243,120.4609064100726,5.828129150390625,971.3548583984375
4006,479363,128.77389640404763,6.213814453125,1035.6357421875
4007,479483,124.42934273766765,6.010152099609375,1001.6920166015625
4008,479603,123.05708054011006,5.94966943359375,991.611572265625
4009,479723,127.70200886471395,6.164719482421875,1027.4532470703125
4010,479843,121.03683019167184,5.859112426757813,976.5187377929688
4011,479963,135.64489430933963,6.524176025390625,1087.3626708984375
4012,480083,128.97625181780225,6.2181357421875,1036.35595703125
4013,480203,129.16934073974386,6.228651123046875,1038.1085205078125
4014,480323,125.90541699279295,6.07605908203125,1012.676513671875
4015,480443,127.83715661604646,6.16802783203125,1028.004638671875
4016,480563,122.31911466803605,5.916659912109375,986.1099853515625
4017,480683,129.66675956708707,6.24933837890625,1041.556396484375
4018,480803,127.9535000916245,6.1703525390625,1028.39208984375
4019,480923,130.857441604111,6.305314453125,1050.8857421875
4020,481043,132.73284078614293,6.39172705078125,1065.287841796875
4021,481163,123.28008835601598,5.961841186523437,993.6401977539062
4022,481283,127.1509131396715,6.134927490234375,1022.4879150390625
4023,481403,126.80071515947027,6.117706420898437,1019.6177368164062
4024,481523,128.4332186177795,6.194543701171875,1032.4239501953125
4025,481643,120.89612025452746,5.855073852539062,975.8456420898438
4026,481763,117.9365155276755,5.71261376953125,952.102294921875
4027,481883,123.47361296116081,5.9751298828125,995.85498046875
4028,482003,130.19403287038847,6.272584716796875,1045.4307861328125
4029,482123,118.07590075266036,5.723217041015625,953.8695068359375
4030,482243,125.64884822499013,6.067187622070312,1011.1979370117188
4031,482363,130.4648129789299,6.2891015625,1048.18359375
4032,482483,127.93209609924801,6.1755234375,1029.25390625
4033,482603,125.09385962568756,6.037885620117187,1006.3142700195312
4034,482723,132.20844725690947,6.364724853515625,1060.7874755859375
4035,482843,123.38286980855503,5.965849731445313,994.3082885742188
4036,482963,125.61134334593044,6.067805053710938,1011.3008422851562
4037,483083,128.5851018081237,6.20330712890625,1033.884521484375
4038,483203,123.10815063897869,5.94997998046875,991.663330078125
4039,483323,123.29065318289312,5.958126708984375,993.0211181640625
4040,483443,127.38035916576376,6.149099853515625,1024.8499755859375
4041,483563,128.9853893205688,6.225129638671875,1037.5216064453125
4042,483683,130.7279296699242,6.303535400390625,1050.5892333984375
4043,483803,123.23310664115492,5.958818481445313,993.1364135742188
4044,483923,127.08509961593657,6.13395263671875,1022.325439453125
4045,484043,131.441523491321,6.33153076171875,1055.255126953125
4046,484163,128.2679002966837,6.185159912109375,1030.8599853515625
4047,484283,130.01388115651181,6.262048828125,1043.6748046875
4048,484403,122.67575806313265,5.935334106445312,989.2223510742188
4049,484523,128.1877854632604,6.193010009765625,1032.1683349609375
4050,484643,129.6334637571806,6.248435302734375,1041.4058837890625
4051,484763,119.3582315895335,5.786467895507813,964.4113159179688
4052,484883,123.45566423769358,5.962894775390625,993.8157958984375
4053,485003,126.50390161527326,6.105099609375,1017.5166015625
4054,485123,128.60827063505883,6.20775732421875,1034.626220703125
4055,485243,122.96512564830704,5.9457568359375,990.95947265625
4056,485363,129.25545259301063,6.230707763671875,1038.4512939453125
4057,485483,132.97317559785895,6.40032275390625,1066.720458984375
4058,485603,124.99284962436988,6.042896118164062,1007.1493530273438
4059,485723,122.43467426219203,5.922441650390625,987.0736083984375
4060,485843,130.735035552289,6.304809814453125,1050.8016357421875
4061,485963,134.23839496713728,6.4574912109375,1076.24853515625
4062,486083,130.18537044566455,6.273595458984375,1045.5992431640625
4063,486203,130.3594805046696,6.2841474609375,1047.35791015625
4064,486323,121.41233710216505,5.871014282226563,978.5023803710938
4065,486443,128.3515235526154,6.1889501953125,1031.49169921875
4066,486563,128.87486699704613,6.216686279296875,1036.1143798828125
4067,486683,123.62324944527481,5.973775634765625,995.6292724609375
4068,486803,130.35543533199518,6.282711181640625,1047.1185302734375
4069,486923,124.9888420639928,6.038555053710938,1006.4258422851562
4070,487043,120.3451279349021,5.8272158203125,971.20263671875
4071,487163,131.85568149968074,6.35277978515625,1058.796630859375
4072,487283,128.17493488835026,6.17783349609375,1029.638916015625
4073,487403,135.01610665289775,6.491662353515625,1081.9437255859375
4074,487523,128.61782652630706,6.20178515625,1033.630859375
4075,487643,124.1196051144425,5.9978353271484375,999.6392211914062
4076,487763,129.79381144038285,6.252478271484375,1042.0797119140625
4077,487883,123.52154528969588,5.969271606445313,994.8786010742188
4078,488003,125.25936984281304,6.054370239257812,1009.0617065429688
4079,488123,124.06406734214508,5.997804565429687,999.6340942382812
4080,488243,119.06633560481629,5.769346801757813,961.5578002929688
4081,488363,127.09572430525805,6.135434326171875,1022.5723876953125
4082,488483,123.86554231993142,5.985398071289063,997.5663452148438
4083,488603,122.2696587918407,5.91458203125,985.763671875
4084,488723,117.2855674154225,5.6844052734375,947.40087890625
4085,488843,124.5716494863224,6.019059814453125,1003.1766357421875
4086,488963,130.08523997369247,6.269934814453125,1044.9891357421875
4087,489083,129.70567340831352,6.25438623046875,1042.397705078125
4088,489203,128.63043679901065,6.2015712890625,1033.59521484375
4089,489323,126.48048809242577,6.106243286132813,1017.7072143554688
4090,489443,124.16585760367758,6.000938598632812,1000.1564331054688
4091,489563,121.46475962338837,5.879868530273438,979.9780883789062
4092,489683,135.32074314253066,6.509599365234375,1084.9332275390625
4093,489803,120.90428844610588,5.854466674804687,975.7444458007812
4094,489923,127.20451971087525,6.139320922851563,1023.2201538085938
4095,490043,123.84526057983632,5.980821166992188,996.8035278320312
4096,490163,126.56532521918687,6.1109912109375,1018.49853515625
4097,490283,121.97000987187221,5.8978447265625,982.97412109375
4098,490403,127.29903616011148,6.14671875,1024.453125
4099,490523,126.04922386458853,6.0871259765625,1014.52099609375
4100,490643,123.35150124664898,5.9680927734375,994.68212890625
4101,490763,127.62449033876852,6.15865576171875,1026.442626953125
4102,490883,129.27452622836864,6.235959228515625,1039.3265380859375
4103,491003,130.31975743291264,6.28389111328125,1047.315185546875
4104,491123,125.40134685236039,6.054932739257812,1009.1554565429688
4105,491243,128.39419714391227,6.19559765625,1032.599609375
4106,491363,124.44961171209684,6.015197387695313,1002.5328979492188
4107,491483,125.03631966160482,6.040703247070312,1006.7838745117188
4108,491603,135.780514586163,6.53303466796875,1088.839111328125
4109,491723,137.47468191904565,6.60748095703125,1101.246826171875
4110,491843,125.72644244565157,6.075300659179687,1012.5501098632812
4111,491963,121.12029821505374,5.858268310546875,976.3780517578125
4112,492083,116.28147624121283,5.6417314453125,940.28857421875
4113,492203,121.52175413254588,5.882738159179688,980.4563598632812
4114,492323,125.23154926646399,6.051041381835938,1008.5068969726562
4115,492443,126.42677427966221,6.101295043945313,1016.8825073242188
4116,492563,127.46676280407138,6.15283740234375,1025.472900390625
4117,492683,126.22962283117685,6.093823608398438,1015.6372680664062
4118,492803,123.34186435609851,5.96081396484375,993.468994140625
4119,492923,128.83342401852622,6.213429931640625,1035.5716552734375
4120,493043,121.44604325942326,5.872694091796875,978.7823486328125
4121,493163,133.53131867856825,6.42712060546875,1071.186767578125
4122,493283,129.44077435868613,6.24253125,1040.421875
4123,493403,123.25220741503573,5.956888549804687,992.8147583007812
4124,493523,129.13898435932305,6.233337890625,1038.8896484375
4125,493643,127.76705902890924,6.17022509765625,1028.370849609375
4126,493763,123.31033470407304,5.960345581054687,993.3909301757812
4127,493883,131.88300377782033,6.35399267578125,1058.998779296875
4128,494003,124.39397739358186,6.01110791015625,1001.851318359375
4129,494123,125.77025210694445,6.071319946289062,1011.8866577148438
4130,494243,121.5810161417709,5.882121826171875,980.3536376953125
4131,494363,132.55910301346057,6.38505322265625,1064.175537109375
4132,494483,126.5671451160008,6.110219604492188,1018.3699340820312
4133,494603,125.64681997034921,6.067662963867187,1011.2771606445312
4134,494723,119.93664076113909,5.8075975341796875,967.9329223632812
4135,494843,122.76636299677997,5.9365345458984375,989.4224243164062
4136,494963,123.72556567155533,5.980493408203125,996.7489013671875
4137,495083,124.87996490547931,6.0350928955078125,1005.8488159179688
4138,495203,128.54495120450827,6.198528076171875,1033.0880126953125
4139,495323,126.742573210795,6.117096313476562,1019.5160522460938
4140,495443,125.50407106458438,6.062429809570313,1010.4049682617188
4141,495563,119.45603544957606,5.79196728515625,965.327880859375
4142,495683,123.88558455086668,5.985000732421875,997.5001220703125
4143,495803,124.41199191690555,6.010739135742187,1001.7898559570312
4144,495923,127.63976578266957,6.158445556640625,1026.4075927734375
4145,496043,128.56212983913278,6.204721435546875,1034.1202392578125
4146,496163,130.58123250573178,6.29548828125,1049.248046875
4147,496283,123.71835288562774,5.980220581054687,996.7034301757812
4148,496403,120.16599715986717,5.816250732421875,969.3751220703125
4149,496523,134.95547621084756,6.49660693359375,1082.767822265625
4150,496643,130.20066579751727,6.280276611328125,1046.7127685546875
4151,496763,130.09413555528312,6.271989990234375,1045.3316650390625
4152,496883,121.2919351961645,5.86951611328125,978.252685546875
4153,497003,132.52778873827768,6.38251904296875,1063.753173828125
4154,497123,130.5947280903152,6.292805419921875,1048.8009033203125
4155,497243,130.7936743860751,6.301172607421875,1050.1954345703125
4156,497363,132.4847176485295,6.3796845703125,1063.28076171875
4157,497483,120.14241233026245,5.816453979492188,969.4089965820312
4158,497603,132.18752915660633,6.367329345703125,1061.2215576171875
4159,497723,125.55075901815798,6.066362915039062,1011.0604858398438
4160,497843,126.16439545220435,6.09337060546875,1015.561767578125
4161,497963,127.3676027929626,6.14889697265625,1024.816162109375
4162,498083,125.7439245586268,6.074125854492188,1012.3543090820312
4163,498203,132.64095931447088,6.388412841796875,1064.7354736328125
4164,498323,134.95618875024783,6.49285546875,1082.142578125
4165,498443,128.666233200633,6.209595703125,1034.9326171875
4166,498563,127.95844835734454,6.171771240234375,1028.6285400390625
4167,498683,130.27368432559237,6.280946044921875,1046.8243408203125
4168,498803,128.16102985894375,6.188991943359375,1031.4986572265625
4169,498923,122.84368041242146,5.940973022460938,990.1621704101562
4170,499043,119.72794030048803,5.80323779296875,967.206298828125
4171,499163,128.2154856404122,6.18753662109375,1031.256103515625
4172,499283,127.014604005145,6.12945849609375,1021.576416015625
4173,499403,127.11853292059617,6.137543334960937,1022.9238891601562
4174,499523,128.97088096486073,6.22162060546875,1036.936767578125
4175,499643,124.91770436080043,6.03653466796875,1006.089111328125
