episode,global_step,reward,yield_ton_ha,biomass_g_m2
1,111,1.2267503196229546,0.4482600402832031,74.71000671386719
2,224,0.22269524759146875,0.4229088134765625,70.48480224609375
3,339,-2.5211625696509534,0.3060469665527344,51.00782775878906
4,447,0.8525012691368847,0.4504297027587891,75.07161712646484
5,558,-3.6271827495512294,0.25682558441162107,42.804264068603516
6,669,-5.111817845917828,0.18151257705688476,30.25209617614746
7,781,-1.052164282385069,0.3753600769042969,62.56001281738281
8,890,-2.873623061133567,0.266537841796875,44.4229736328125
9,1002,-4.735397000045424,0.19348853302001953,32.24808883666992
10,1114,-1.93666268664469,0.3272304153442383,54.53840255737305
11,1224,-3.036753897498464,0.26163047790527344,43.605079650878906
12,1335,-2.585941580870277,0.28877947998046877,48.129913330078125
13,1450,-2.025674450954712,0.3207571563720703,53.45952606201172
14,1560,-1.7423654650774503,0.32452738952636717,54.08789825439453
15,1671,0.2217781523028386,0.4206784057617188,70.11306762695312
16,1784,-2.2596787444218642,0.30358653259277346,50.597755432128906
17,1896,-1.6815754264672316,0.34082837677001954,56.80472946166992
18,2007,-2.6048716114144885,0.2819488906860352,46.99148178100586
19,2119,-0.19339252126482287,0.39985066223144533,66.64177703857422
20,2231,0.05890707447981214,0.40293992614746094,67.15665435791016
21,2345,-1.0415188597950233,0.3670472030639648,61.17453384399414
22,2455,-0.939603462568471,0.3624119338989258,60.4019889831543
23,2566,-0.044550349702560776,0.39987757873535157,66.6462631225586
24,2679,0.4288363835305897,0.42696963500976565,71.16160583496094
25,2791,-4.716753601445805,0.20143789672851561,33.57298278808594
26,2904,1.2555850539205982,0.4658735961914062,77.64559936523438
27,3017,-1.3554370633645365,0.35172599029541013,58.62099838256836
28,3131,2.668027142242973,0.5534134826660156,92.23558044433594
29,3241,-1.2173577794990653,0.35994376373291015,59.99062728881836
30,3354,1.2188346478291712,0.46666159057617185,77.77693176269531
31,3469,-0.7857877462753249,0.377909912109375,62.9849853515625
32,3580,-2.24089112283081,0.313864631652832,52.31077194213867
33,3691,-3.367351096215234,0.252173583984375,42.0289306640625
34,3807,-1.1076344528534174,0.3724220352172852,62.07033920288086
35,3921,-2.4413009062359707,0.308520378112793,51.42006301879883
36,4035,-2.314228201865756,0.3195830841064453,53.26384735107422
37,4150,1.6067653392141115,0.4873019714355469,81.21699523925781
38,4261,2.2808906874549257,0.5156465148925782,85.94108581542969
39,4374,1.1149504127960876,0.4628532257080078,77.14220428466797
40,4489,-2.066856682993204,0.3273951187133789,54.565853118896484
41,4593,3.442281771251688,0.5594438781738281,93.24064636230469
42,4708,1.2338075924087955,0.47493951416015623,79.15658569335938
43,4822,2.1443361308664555,0.5222114868164063,87.03524780273438
44,4939,-0.7228742255272922,0.39437562561035155,65.7292709350586
45,5049,5.345098489946002,0.6653323516845703,110.88872528076172
46,5161,-0.18026931249905975,0.4005809326171875,66.76348876953125
47,5277,2.50637694937423,0.5325996551513672,88.76660919189453
48,5395,0.9671989882361773,0.4732115936279297,78.86859893798828
49,5512,0.9181205482066876,0.45884170532226565,76.47361755371094
50,5624,2.5742901563440777,0.5425210418701172,90.42017364501953
51,5738,-1.911186502037219,0.3417670669555664,56.961177825927734
52,5855,1.3496031340120322,0.48882952880859376,81.47158813476562
53,5972,3.5670690058320855,0.6015357055664062,100.25595092773438
54,6086,3.373363960066708,0.5725447082519531,95.42411804199219
55,6203,6.091078433835385,0.7055450592041016,117.5908432006836
56,6317,2.0978519203246426,0.522469253540039,87.07820892333984
57,6436,5.9066637259826,0.7042697296142578,117.37828826904297
58,6553,7.72212002017187,0.7942455139160156,132.37425231933594
59,6666,5.594551494403893,0.676618148803711,112.76969146728516
60,6783,4.902039546858006,0.6681660461425781,111.36100769042969
61,6899,7.025301594761972,0.7545346069335938,125.75576782226562
62,7018,5.842311199098376,0.7133782196044922,118.89636993408203
63,7135,-0.15666170800712953,0.40702505493164065,67.83750915527344
64,7251,7.545745823368548,0.783397705078125,130.5662841796875
65,7366,3.7019312362334365,0.5916368408203125,98.60614013671875
66,7483,7.900119045633649,0.80333056640625,133.888427734375
67,7601,11.548744472006966,0.9678125610351562,161.30209350585938
68,7719,1.9994827205357477,0.5324784851074219,88.74641418457031
69,7831,4.338540911153878,0.623630355834961,103.93839263916016
70,7949,10.473738319613414,0.9322740783691407,155.37901306152344
71,8066,1.7987766678235815,0.5139074249267578,85.65123748779297
72,8186,1.4001380715867753,0.4941108856201172,82.35181427001953
73,8306,21.57739443845102,1.4506136169433594,241.76893615722656
74,8425,13.170805904121927,1.0727243957519532,178.7873992919922
75,8542,6.904683711607718,0.7610985717773437,126.84976196289062
76,8659,4.299394899979513,0.6284762878417969,104.74604797363281
77,8776,6.222479197381037,0.7194535675048828,119.90892791748047
78,8896,13.175443609972476,1.059970184326172,176.6616973876953
79,9012,10.270212374470091,0.9233156433105468,153.8859405517578
80,9131,12.620867646985667,1.0357224426269531,172.6204071044922
81,9247,14.123634160303226,1.0990626525878906,183.17710876464844
82,9367,6.59501999894548,0.7419423065185546,123.65705108642578
83,9483,7.4730439687673265,0.7742693481445313,129.04489135742188
84,9603,5.898908982542837,0.7101217346191406,118.35362243652344
85,9721,14.571228277171784,1.1272340698242187,187.87234497070312
86,9841,23.32081632698884,1.511331756591797,251.8886260986328
87,9961,10.391316969617781,0.919550537109375,153.2584228515625
88,10080,14.503119859587306,1.121150665283203,186.8584442138672
89,10200,13.848107399358831,1.0820478515625,180.34130859375
90,10320,19.780246862858448,1.339092041015625,223.1820068359375
91,10437,18.251757423784476,1.2743779907226562,212.39633178710938
92,10557,17.202791358016626,1.2457530212402343,207.62550354003906
93,10675,12.576029210302366,1.0174796447753907,169.57994079589844
94,10795,14.836145160814315,1.125661376953125,187.6102294921875
95,10915,20.323048914211693,1.3711506042480468,228.5251007080078
96,11035,21.04970813518279,1.4060650634765626,234.34417724609375
97,11154,15.064467409350904,1.1525078430175781,192.0846405029297
98,11274,19.374064356617463,1.33058935546875,221.764892578125
99,11393,16.33731525029999,1.190024139404297,198.3373565673828
100,11513,21.70793654462244,1.4411949462890625,240.19915771484375
101,11632,23.460386311971583,1.522862091064453,253.8103485107422
102,11752,12.61457538250132,1.004928955078125,167.4881591796875
103,11871,10.682685159074289,0.9361083068847657,156.01805114746094
104,11991,21.680739457110548,1.4397639770507813,239.96066284179688
105,12110,15.43838074872573,1.1524282836914062,192.07138061523438
106,12229,17.909398792759106,1.265176300048828,210.8627166748047
107,12348,14.659722146964146,1.1078800048828126,184.64666748046875
108,12468,19.032441164623226,1.311678497314453,218.6130828857422
109,12588,27.10698020271876,1.6811553955078125,280.19256591796875
110,12708,18.713031111617685,1.2910015869140625,215.16693115234375
111,12828,26.803592849067186,1.6573156127929687,276.2192687988281
112,12948,27.20040857567311,1.6813452758789063,280.2242126464844
113,13068,22.403558807443375,1.4439592895507813,240.65988159179688
114,13188,30.761611101582446,1.8472285766601562,307.8714294433594
115,13308,20.954107013346913,1.3963050842285156,232.71751403808594
116,13428,26.633413786650006,1.6730619506835938,278.8436584472656
117,13548,27.59320845400618,1.6990512084960938,283.1752014160156
118,13668,32.99132019797092,1.9445758666992188,324.0959777832031
119,13788,20.818406896166017,1.3871120910644532,231.1853485107422
120,13908,26.315250082436247,1.6320100708007812,272.0016784667969
121,14028,22.304499261700073,1.453364501953125,242.2274169921875
122,14148,22.02058665102431,1.432420166015625,238.7366943359375
123,14268,19.190740180149827,1.3157125854492187,219.28543090820312
124,14388,23.68477365143738,1.5276261291503905,254.60435485839844
125,14508,45.0366812226354,2.491716247558594,415.2860412597656
126,14628,26.940756145250646,1.6687056884765625,278.11761474609375
127,14748,25.432132722654725,1.5949189453125,265.81982421875
128,14868,19.735627108492636,1.3434575500488282,223.9095916748047
129,14988,36.00611352382029,2.059908142089844,343.3180236816406
130,15108,33.527346375550245,1.9601282958984374,326.68804931640625
131,15228,33.39544706792944,1.9545111694335937,325.7518615722656
132,15348,31.22124794327491,1.8550045166015625,309.16741943359375
133,15468,39.616529615984255,2.2386904907226564,373.1150817871094
134,15588,29.213150421318858,1.7535545654296876,292.25909423828125
135,15708,35.33321242557048,2.048642761230469,341.4404602050781
136,15828,29.60206774734785,1.7852964477539062,297.5494079589844
137,15948,26.063330982958036,1.6338638305664062,272.3106384277344
138,16068,38.250376527665644,2.1788232421875,363.13720703125
139,16188,33.92623165765103,1.9723427124023438,328.7237854003906
140,16308,28.267035105079135,1.7124970092773437,285.4161682128906
141,16427,27.098197809384803,1.6815287475585938,280.2547912597656
142,16547,32.216702899463826,1.907439697265625,317.9066162109375
143,16667,42.156355273350655,2.3487821044921877,391.46368408203125
144,16787,37.75387871195466,2.144940124511719,357.4900207519531
145,16907,40.564367107540335,2.2649804077148437,377.4967346191406
146,17027,23.487690962064548,1.5097734375,251.62890625
147,17147,47.33291508155604,2.5648619384765623,427.47698974609375
148,17267,31.562603736840167,1.8823108520507812,313.7184753417969
149,17387,39.208211509621414,2.2046517333984377,367.44195556640625
150,17507,36.865407248287106,2.0989215087890627,349.82025146484375
151,17627,46.64444189008936,2.5387088012695314,423.1181335449219
152,17746,23.658405172569978,1.5216123962402344,253.60206604003906
153,17866,39.770287170088686,2.222380187988281,370.3966979980469
154,17986,41.213328805492026,2.2993621215820315,383.2270202636719
155,18106,32.0916606942919,1.890010986328125,315.0018310546875
156,18226,46.49489776342185,2.538602783203125,423.1004638671875
157,18346,37.23359191478099,2.1238018798828127,353.96697998046875
158,18466,37.068665831639166,2.113950439453125,352.3250732421875
159,18586,48.259690632657126,2.6174284057617188,436.2380676269531
160,18706,60.33170584550004,3.16580859375,527.634765625
161,18826,40.86296615240748,2.2852135620117187,380.8689270019531
162,18946,47.299929635309205,2.560210693359375,426.7017822265625
163,19066,51.27161547986184,2.74834130859375,458.056884765625
164,19186,37.49114207361678,2.1414904174804685,356.9150695800781
165,19306,45.33135715570723,2.49245361328125,415.408935546875
166,19426,44.66824126422346,2.4644529418945313,410.7421569824219
167,19546,32.31378832262898,1.9070247802734375,317.83746337890625
168,19666,36.59225599514451,2.092845703125,348.8076171875
169,19786,37.45252655178905,2.1262315063476565,354.3719177246094
170,19906,46.95768288985693,2.5636884155273436,427.2814025878906
171,20026,44.82457880558094,2.4657581176757812,410.9596862792969
172,20146,43.298311077791254,2.3990379638671877,399.83966064453125
173,20266,37.98174626930329,2.1588466186523436,359.8077697753906
174,20386,32.39152090790748,1.8970618286132812,316.1769714355469
175,20506,48.88197888297536,2.6516392822265624,441.93988037109375
176,20626,45.41569565176181,2.4762024536132814,412.7004089355469
177,20746,35.79504764185764,2.045064514160156,340.8440856933594
178,20866,49.30272740556327,2.6575762939453127,442.92938232421875
179,20986,49.940812065629295,2.6942048950195314,449.0341491699219
180,21106,46.27200499734697,2.5262431640625,421.04052734375
181,21226,48.19426494823544,2.617795166015625,436.2991943359375
182,21346,37.34096475759753,2.1224946899414063,353.7491149902344
183,21466,49.706254012995934,2.6731093139648436,445.5182189941406
184,21586,47.71674428463921,2.5792509155273438,429.8751525878906
185,21706,43.75894934727957,2.4056744384765625,400.94573974609375
186,21826,46.16177236734354,2.5316625366210936,421.9437561035156
187,21946,36.2925338419358,2.0795608520507813,346.5934753417969
188,22066,34.5191992048273,2.0081826782226564,334.6971130371094
189,22186,37.32980919948896,2.1257308959960937,354.2884826660156
190,22306,35.94943901607858,2.0691974487304687,344.8662414550781
191,22426,47.46898181688593,2.5879581298828125,431.32635498046875
192,22546,36.238925115467765,2.077385925292969,346.2309875488281
193,22666,49.07759969004022,2.6437516479492187,440.6252746582031
194,22786,53.59068855998312,2.8394190673828126,473.23651123046875
195,22906,35.846878877482766,2.066729736328125,344.4549560546875
196,23026,43.50143244670608,2.39518212890625,399.197021484375
197,23146,47.64317513238788,2.5789002685546873,429.81671142578125
198,23266,45.82680396224392,2.5047903442382813,417.4650573730469
199,23386,48.884249378916905,2.647768615722656,441.2947692871094
200,23506,53.29999673431974,2.832230529785156,472.0384216308594
201,23626,57.10468455597005,3.016986145019531,502.8310241699219
202,23746,36.66062322313697,2.091205261230469,348.5342102050781
203,23866,42.78833991797403,2.3594337158203125,393.23895263671875
204,23986,51.02705418273261,2.7293710327148437,454.8951721191406
205,24106,32.89855141723059,1.9187537841796876,319.79229736328125
206,24226,34.36346023785897,1.9930316162109376,332.17193603515625
207,24346,50.664507691118,2.717101501464844,452.8502502441406
208,24466,44.40496944934828,2.450322509765625,408.3870849609375
209,24586,40.937193876398474,2.2710298461914062,378.5049743652344
210,24706,47.24982287917068,2.56627734375,427.712890625
211,24826,60.177217991984556,3.152537841796875,525.4229736328125
212,24946,53.35228572618281,2.839306640625,473.2177734375
213,25066,62.18379181198003,3.245028076171875,540.8380126953125
214,25186,58.610381151895524,3.082904296875,513.8173828125
215,25306,43.9952600486668,2.4239207153320312,403.9867858886719
216,25426,60.92617514476302,3.1832266845703123,530.5377807617188
217,25546,52.63064983263064,2.8034342651367186,467.2390441894531
218,25666,50.87480983077165,2.73049658203125,455.082763671875
219,25786,57.03742632687446,3.0081866455078123,501.36444091796875
220,25906,47.48102429012488,2.5759872436523437,429.3312072753906
221,26026,57.450302001620656,3.0196798095703126,503.27996826171875
222,26146,55.80141809254649,2.9512153930664065,491.8692321777344
223,26266,49.5135564944084,2.65941796875,443.236328125
224,26386,65.03106391386542,3.3611953125,560.19921875
225,26506,61.73992110990266,3.21948779296875,536.581298828125
226,26626,43.33637225067581,2.3962994384765626,399.38323974609375
227,26746,57.07499663364748,3.0091697387695313,501.5282897949219
228,26866,56.69884032690682,2.982665954589844,497.1109924316406
229,26986,62.5890490732873,3.2668740234375,544.47900390625
230,27106,59.367464590155976,3.10208203125,517.013671875
231,27226,55.5952451717782,2.9408675537109374,490.14459228515625
232,27346,53.81585494172828,2.85155712890625,475.259521484375
233,27466,56.12188417029142,2.9644658203125,494.07763671875
234,27586,51.65551661467202,2.7567659912109375,459.46099853515625
235,27706,53.7043587799275,2.8486810913085936,474.7801818847656
236,27826,58.320897634581236,3.055877746582031,509.3129577636719
237,27946,69.34479790045279,3.5534388427734376,592.2398071289062
238,28066,60.57617496527848,3.168491455078125,528.0819091796875
239,28186,67.15089949832841,3.4553865966796873,575.8977661132812
240,28306,56.08259866513178,2.9658099975585936,494.3016662597656
241,28426,64.38120872493747,3.331856689453125,555.3094482421875
242,28546,38.40288362621304,2.1709854125976564,361.8309020996094
243,28666,53.50120239509109,2.8426880493164064,473.7813415527344
244,28786,49.51891300790953,2.6604136962890625,443.40228271484375
245,28906,45.963111873680006,2.5024736938476564,417.0789489746094
246,29026,66.77867066444719,3.44518212890625,574.197021484375
247,29146,53.94662470787403,2.862025634765625,477.0042724609375
248,29266,63.56959190844968,3.2863033447265626,547.7172241210938
249,29386,52.877209110417496,2.807776611328125,467.9627685546875
250,29506,67.93209163621603,3.498599853515625,583.0999755859375
251,29626,63.25729099310786,3.2791182861328125,546.5197143554688
252,29746,70.17684363654318,3.59324853515625,598.874755859375
253,29866,60.95675589301456,3.1914188232421874,531.9031372070312
254,29986,51.08352376633087,2.736756591796875,456.1260986328125
255,30106,60.80724543132954,3.1706180419921877,528.4363403320312
256,30226,59.05813529864395,3.0946365966796874,515.7727661132812
257,30346,69.66294600606496,3.558541259765625,593.0902099609375
258,30466,59.600769597399335,3.1180283203125,519.67138671875
259,30586,56.47168401803966,2.9708756103515626,495.14593505859375
260,30706,59.480901364796665,3.1110560302734376,518.5093383789062
261,30826,53.37886906871184,2.8532363891601564,475.5393981933594
262,30946,65.49587285536,3.3753885498046876,562.5647583007812
263,31066,64.22275607504466,3.3226937255859377,553.7822875976562
264,31186,64.87294212482462,3.3445792236328127,557.4298706054688
265,31306,72.73469294664478,3.722278564453125,620.3797607421875
266,31426,68.59641111576582,3.51760546875,586.267578125
267,31546,59.250395224404734,3.113249267578125,518.8748779296875
268,31666,63.398821741269614,3.289929931640625,548.3216552734375
269,31786,68.27886857663594,3.5072032470703123,584.5338745117188
270,31906,63.148907345284506,3.2735712890625,545.59521484375
271,32026,60.29604494467182,3.151190185546875,525.1983642578125
272,32146,59.53240003802652,3.1099669189453123,518.3278198242188
273,32266,57.03205231026415,2.994796142578125,499.1326904296875
274,32386,57.43727794866405,3.016858154296875,502.8096923828125
275,32506,57.999401920677386,3.0540721435546874,509.01202392578125
276,32626,66.67896786778262,3.4474244384765624,574.5707397460938
277,32746,60.473501204078715,3.16469091796875,527.448486328125
278,32866,70.18876445438883,3.595932861328125,599.3221435546875
279,32986,67.04151372439479,3.445840576171875,574.3067626953125
280,33106,61.56291653345136,3.2121785888671877,535.3630981445312
281,33226,56.92188190103546,2.985725830078125,497.6209716796875
282,33346,69.90831997466867,3.5889345703125,598.15576171875
283,33466,66.93839535360473,3.4455128173828125,574.2521362304688
284,33586,58.01715072293932,3.037440673828125,506.2401123046875
285,33706,63.66829704667871,3.2930614013671873,548.8435668945312
286,33826,69.12426657366034,3.5418892822265624,590.3148803710938
287,33946,58.89069847917975,3.0761590576171876,512.6931762695312
288,34066,65.00942615020097,3.3570362548828125,559.5060424804688
289,34186,62.985893372803574,3.2755784912109376,545.9297485351562
290,34306,62.919322355428974,3.270958740234375,545.1597900390625
291,34426,76.68087842277959,3.88391015625,647.318359375
292,34546,66.61759480047174,3.43782275390625,572.970458984375
293,34666,67.57390744158278,3.466365966796875,577.7276611328125
294,34786,62.367898078074816,3.238779052734375,539.7965087890625
295,34906,65.85329405686505,3.3895096435546876,564.9182739257812
296,35026,70.90113471462055,3.6226787109375,603.77978515625
297,35146,60.5252138766741,3.154175537109375,525.6959228515625
298,35266,79.5568761546142,4.019697875976562,669.9496459960938
299,35386,71.54930356429145,3.6427078857421873,607.1179809570312
300,35506,65.92798503459758,3.3967620849609377,566.1270141601562
301,35626,75.25514713228864,3.814376953125,635.7294921875
302,35746,79.07094684890757,4.003298583984375,667.2164306640625
303,35866,66.61266727009263,3.4230509033203127,570.5084838867188
304,35986,68.25380725326632,3.5077357177734374,584.6226196289062
305,36106,70.7870299615918,3.61913525390625,603.189208984375
306,36226,62.15645586808959,3.21972216796875,536.620361328125
307,36346,67.83997996308479,3.474609375,579.1015625
308,36466,69.23316664837417,3.5479248046875,591.32080078125
309,36586,65.96316691756395,3.389431640625,564.9052734375
310,36706,73.05624748538187,3.7161075439453124,619.3512573242188
311,36826,78.4145836139511,3.9624129638671874,660.4021606445312
312,36946,66.23812116665289,3.4031455078125,567.19091796875
313,37066,73.02182662955245,3.711643798828125,618.6072998046875
314,37186,73.92604942106033,3.7523243408203126,625.3873901367188
315,37306,72.39217147083541,3.6885875244140625,614.7645874023438
316,37426,68.71113170561698,3.534214599609375,589.0357666015625
317,37546,74.18191201922428,3.7646510009765626,627.4418334960938
318,37666,76.96225609181509,3.8961104736328127,649.3517456054688
319,37786,71.52543144885277,3.6435267333984376,607.2544555664062
320,37906,74.58084667607974,3.790639892578125,631.7733154296875
321,38026,75.10812199855235,3.8119456787109374,635.3242797851562
322,38146,75.70281221739982,3.8283511962890624,638.0585327148438
323,38266,67.09231344030079,3.4400357666015626,573.3392944335938
324,38386,69.52309771739081,3.56484228515625,594.140380859375
325,38506,70.16779729061363,3.593930419921875,598.9884033203125
326,38626,76.63150486889766,3.8796236572265625,646.6039428710938
327,38746,72.99614296425668,3.71688134765625,619.480224609375
328,38866,70.30713261446473,3.5936378173828123,598.9396362304688
329,38986,74.06863084831078,3.7615924072265625,626.9320678710938
330,39106,74.4720956303139,3.776953125,629.4921875
331,39226,77.26126762773671,3.9007137451171876,650.1189575195312
332,39346,77.24229550513519,3.9083876953125,651.39794921875
333,39466,77.3883046232375,3.90683935546875,651.139892578125
334,39586,76.58578409686159,3.874790771484375,645.7984619140625
335,39706,81.53758543063756,4.09826513671875,683.044189453125
336,39826,82.39109264340121,4.142965209960938,690.4942016601562
337,39946,71.16352357313605,3.6258292236328127,604.3048706054688
338,40066,83.07755512933524,4.166812866210938,694.4688110351562
339,40186,78.60407566299031,3.962285888671875,660.3809814453125
340,40306,76.77356772352923,3.886486083984375,647.7476806640625
341,40426,76.50952289676324,3.865837646484375,644.3062744140625
342,40546,71.71182060940876,3.6438790283203124,607.3131713867188
343,40666,79.7314625504552,4.012615356445313,668.7692260742188
344,40786,78.38302199900352,3.9657216796875,660.95361328125
345,40906,69.43465486934542,3.5541771240234374,592.3628540039062
346,41026,82.31933180402683,4.139253662109375,689.8756103515625
347,41146,78.21812352249881,3.946234130859375,657.7056884765625
348,41266,84.0792135435126,4.220497192382813,703.4161987304688
349,41386,75.52919021544189,3.827156982421875,637.8594970703125
350,41506,79.51341037854348,4.014618896484375,669.1031494140625
351,41626,84.35497222413491,4.2314432373046875,705.2405395507812
352,41746,78.95362295038579,3.985447265625,664.2412109375
353,41866,75.48791977242873,3.8333228759765623,638.8871459960938
354,41986,78.59265008636798,3.9697884521484377,661.6314086914062
355,42106,76.82636938214122,3.884935546875,647.4892578125
356,42226,78.37991778213099,3.960900146484375,660.1500244140625
357,42346,68.81115581967074,3.5218707275390626,586.9784545898438
358,42466,76.47781680644746,3.8646602783203123,644.1100463867188
359,42586,81.9429601163112,4.116117553710938,686.0195922851562
360,42706,78.13750869928765,3.9469478759765626,657.8246459960938
361,42826,79.20904348399871,3.995893798828125,665.9822998046875
362,42946,84.79476225778426,4.253058837890625,708.8431396484375
363,43066,81.14286754193411,4.077603515625,679.6005859375
364,43186,89.37233564253675,4.450036743164063,741.6727905273438
365,43306,97.42439441677777,4.807236694335938,801.2061157226562
366,43426,75.54263378172055,3.822054931640625,637.0091552734375
367,43546,86.2267072368,4.308169921875,718.0283203125
368,43666,81.63263093297536,4.105079223632813,684.1798706054688
369,43786,83.1050614387411,4.169369384765625,694.8948974609375
370,43906,96.3784564075383,4.7711572265625,795.19287109375
371,44026,81.83511111475303,4.11479150390625,685.798583984375
372,44146,80.80538685897369,4.062034790039062,677.0057983398438
373,44266,83.216265472878,4.167404663085938,694.5674438476562
374,44386,80.06742273013504,4.029905639648438,671.6509399414062
375,44506,86.47273243207532,4.3186754150390625,719.7792358398438
376,44626,83.65862548009281,4.191706787109375,698.6177978515625
377,44746,82.75652233633214,4.151873657226562,691.9789428710938
378,44866,88.75056659128738,4.4252958984375,737.54931640625
379,44986,83.72639435686281,4.193938110351563,698.9896850585938
380,45106,85.3564860256691,4.26736376953125,711.227294921875
381,45226,83.74816998414983,4.197213134765625,699.5355224609375
382,45346,86.73573191759641,4.34362646484375,723.937744140625
383,45466,84.69081982820437,4.23814599609375,706.357666015625
384,45586,86.73447196101502,4.336193481445313,722.6989135742188
385,45706,77.70519553878573,3.9248924560546876,654.1487426757812
386,45826,86.38006859934924,4.315300415039062,719.2167358398438
387,45946,90.14886976576028,4.489942749023437,748.3237915039062
388,46066,81.97021175839934,4.12620263671875,687.700439453125
389,46186,87.93271555240175,4.396653076171875,732.7755126953125
390,46306,82.49693602156714,4.144649780273437,690.7749633789062
391,46426,84.85744453087518,4.244872192382813,707.4786987304688
392,46546,85.65949447970257,4.282411010742187,713.7351684570312
393,46666,92.42694975724301,4.585432983398437,764.2388305664062
394,46786,76.4602960833614,3.8734720458984375,645.5786743164062
395,46906,83.78345747386817,4.210637329101562,701.7728881835938
396,47026,88.19924693846932,4.40766943359375,734.611572265625
397,47146,92.64706200548315,4.597315063476563,766.2191772460938
398,47266,91.57924845588953,4.541566040039062,756.9276733398438
399,47386,83.87631604161183,4.205170166015625,700.8616943359375
400,47506,80.73164468855646,4.05981591796875,676.635986328125
401,47626,94.81270552683232,4.700843994140625,783.4739990234375
402,47746,92.96160801774037,4.604436767578125,767.4061279296875
403,47866,90.15811514120395,4.481960083007812,746.9933471679688
404,47986,92.82534952611338,4.608722534179687,768.1204223632812
405,48106,85.7857662095092,4.296789184570312,716.1315307617188
406,48226,88.99462067508198,4.434369506835938,739.0615844726562
407,48346,83.568205859118,4.183489379882812,697.2482299804688
408,48466,85.96982250005543,4.30031103515625,716.718505859375
409,48586,87.42735007949246,4.372807250976562,728.8012084960938
410,48706,88.24427648981869,4.400438598632812,733.4064331054688
411,48826,91.04281446664648,4.523117431640625,753.8529052734375
412,48946,88.52358069264848,4.4155283203125,735.92138671875
413,49066,94.04175576717923,4.671965698242188,778.6609497070312
414,49186,93.83441478150753,4.649988647460938,774.9981079101562
415,49306,94.21678383612158,4.668444946289062,778.0741577148438
416,49426,93.61004690140744,4.643788696289063,773.9647827148438
417,49546,93.51733753540007,4.63697314453125,772.828857421875
418,49666,87.77170758520994,4.381879028320313,730.3131713867188
419,49786,88.72238715509707,4.413535034179687,735.5891723632812
420,49906,94.09640220456444,4.662787719726563,777.1312866210938
421,50026,81.26827354088226,4.07380517578125,678.967529296875
422,50146,92.79100227530287,4.598691650390625,766.4486083984375
423,50266,93.27177197363629,4.6242000732421875,770.7000122070312
424,50386,91.03240737033812,4.528267456054688,754.7112426757812
425,50506,88.51684391572454,4.40213232421875,733.688720703125
426,50626,88.06080059994247,4.3921201171875,732.02001953125
427,50746,95.47393490562244,4.723431518554688,787.2385864257812
428,50866,79.9000653936653,4.014250122070313,669.0416870117188
429,50986,94.81042486886665,4.696840576171875,782.8067626953125
430,51106,92.45064186010704,4.587954345703125,764.6590576171875
431,51226,92.61508916643476,4.607577026367188,767.9295043945312
432,51346,87.06946906035873,4.349413696289062,724.9022827148438
433,51466,101.71096687099981,5.010416748046875,835.0694580078125
434,51586,93.28022373156364,4.632099243164062,772.0165405273438
435,51706,91.91615277823607,4.567840209960938,761.3067016601562
436,51826,85.08675838077625,4.251896484375,708.6494140625
437,51946,86.0527579606406,4.293639404296875,715.6065673828125
438,52066,90.62757501181878,4.497252685546875,749.5421142578125
439,52186,93.62377612732435,4.641226318359375,773.5377197265625
440,52306,95.50720713202149,4.73503564453125,789.172607421875
441,52426,97.72034408419776,4.8208729248046875,803.4788208007812
442,52546,95.97616542510411,4.7446007080078125,790.7667846679688
443,52666,87.53366202315598,4.371677856445313,728.6129760742188
444,52786,89.59528528913344,4.458232177734375,743.0386962890625
445,52906,94.60697568977433,4.676863403320312,779.4772338867188
446,53026,93.65774733066881,4.63935498046875,773.225830078125
447,53146,92.3186128609588,4.584775634765625,764.1292724609375
448,53266,96.57407544199204,4.773045043945313,795.5075073242188
449,53386,103.71123967558923,5.099496826171875,849.9161376953125
450,53506,102.22093876599041,5.036840698242187,839.4734497070312
451,53626,97.60054791667866,4.819192016601563,803.1986694335938
452,53746,92.35818835957376,4.580472290039062,763.4120483398438
453,53866,93.37606935623586,4.62702392578125,771.170654296875
454,53986,89.0934417902914,4.43127099609375,738.545166015625
455,54106,87.11803431088276,4.339150634765625,723.1917724609375
456,54226,97.14731719063072,4.799251098632812,799.8751831054688
457,54346,94.9888472983067,4.7072197265625,784.53662109375
458,54466,91.99624608048701,4.555332275390625,759.2220458984375
459,54586,88.37711343475482,4.400992309570312,733.4987182617188
460,54706,93.59360918418905,4.639930297851563,773.3217163085938
461,54826,93.5831496468702,4.634171997070313,772.3619995117188
462,54946,93.08039043224011,4.607478881835937,767.9131469726562
463,55066,88.84535533472692,4.428086059570313,738.0143432617188
464,55186,86.59245945842517,4.319465698242188,719.9109497070312
465,55306,96.55649523092104,4.777174072265625,796.1956787109375
466,55426,98.11908760086027,4.843651611328125,807.2752685546875
467,55546,100.62781130730056,4.953225219726563,825.5375366210938
468,55666,102.18790063055916,5.02466162109375,837.443603515625
469,55786,91.04079703555483,4.51611474609375,752.685791015625
470,55906,93.21326527266902,4.616343017578125,769.3905029296875
471,56026,90.29904915068227,4.486481323242187,747.7468872070312
472,56146,93.82698164943997,4.648141845703125,774.6903076171875
473,56266,101.21818529846226,4.979647338867188,829.9412231445312
474,56386,91.19761090845063,4.532997436523438,755.4995727539062
475,56506,92.41844076395125,4.582821899414062,763.8036499023438
476,56626,95.60169268745007,4.727757202148437,787.9595336914062
477,56746,93.77839190296204,4.642181030273438,773.6968383789062
478,56866,92.21724383600824,4.571259521484375,761.8765869140625
479,56986,97.79655332483647,4.829048950195313,804.8414916992188
480,57106,92.39588846017145,4.580749145507813,763.4581909179688
481,57226,92.15505237021512,4.566576049804688,761.0960083007812
482,57346,95.00509627468763,4.695197021484375,782.5328369140625
483,57466,89.17445172866661,4.432860717773438,738.8101196289062
484,57586,101.21334482654125,4.975837646484375,829.3062744140625
485,57706,92.74752680270262,4.59948193359375,766.580322265625
486,57826,89.47314505739735,4.446207275390625,741.0345458984375
487,57946,102.32827087377342,5.025903076171875,837.6505126953125
488,58066,95.96563921336194,4.746436889648438,791.0728149414062
489,58186,96.50366668006203,4.767064453125,794.5107421875
490,58306,90.93893866143208,4.516593383789062,752.7655639648438
491,58426,97.7043603546839,4.828965087890625,804.8275146484375
492,58546,100.53187814189832,4.950880737304687,825.1467895507812
493,58666,97.06748823387899,4.797826538085937,799.6377563476562
494,58786,97.80332127465374,4.822857421875,803.8095703125
495,58906,99.46390030578316,4.90204541015625,817.007568359375
496,59026,103.17591201604068,5.067555908203125,844.5926513671875
497,59146,97.61732129004612,4.815919189453125,802.6531982421875
498,59266,100.2972586753216,4.946741088867188,824.4568481445312
499,59386,95.31080852864991,4.707087890625,784.5146484375
500,59506,97.94405556225705,4.827548950195313,804.5914916992188
501,59626,101.99652105396451,5.011364501953125,835.2274169921875
502,59746,95.9718950762687,4.734957275390625,789.1595458984375
503,59866,100.52799452219602,4.944191528320313,824.0319213867188
504,59986,95.76760110881483,4.7278985595703125,787.9830932617188
505,60106,97.4163677734053,4.8079156494140625,801.3192749023438
506,60226,96.8619790158581,4.780795532226563,796.7992553710938
507,60346,97.6576971380884,4.81986474609375,803.310791015625
508,60466,105.83560102400337,5.184765014648438,864.1275024414062
509,60586,91.382422239932,4.53700634765625,756.167724609375
510,60706,99.8527830820521,4.91373046875,818.955078125
511,60826,103.09400812199678,5.062607666015625,843.7679443359375
512,60946,100.0463747884467,4.9266947021484375,821.1157836914062
513,61066,99.61535752120979,4.901195068359375,816.8658447265625
514,61186,97.65957545335755,4.818444580078125,803.0740966796875
515,61306,95.79643586463675,4.72526953125,787.544921875
516,61426,96.54451752638892,4.760572998046875,793.4288330078125
517,61546,94.50437348999004,4.671082763671875,778.5137939453125
518,61666,103.06538633451666,5.0606883544921875,843.4480590820312
519,61786,99.89706258603321,4.912372192382812,818.7286987304688
520,61906,109.5241274693311,5.347224975585937,891.2041625976562
521,62026,89.09429707447914,4.417870239257812,736.3117065429688
522,62146,96.37150038763488,4.749652221679687,791.6087036132812
523,62266,107.9957911145482,5.282763061523437,880.4605102539062
524,62386,102.64323466941806,5.043659912109375,840.6099853515625
525,62506,100.95299696837385,4.9665703125,827.76171875
526,62626,101.87806389101571,5.006280395507813,834.3800659179688
527,62746,96.20688104437906,4.738033447265625,789.6722412109375
528,62866,94.97989351491518,4.69440380859375,782.400634765625
529,62986,100.6324972878216,4.94759033203125,824.598388671875
530,63106,102.6423210688605,5.040038452148438,840.0064086914062
531,63226,101.33422133114934,4.990044067382812,831.6740112304688
532,63346,104.10571640678248,5.105040161132813,850.8400268554688
533,63466,101.33399687242004,4.97583984375,829.306640625
534,63586,103.5320156130501,5.075205322265625,845.8675537109375
535,63706,105.94221549702752,5.18968212890625,864.947021484375
536,63826,101.25718963408067,4.977630981445312,829.6051635742188
537,63946,95.61553832678409,4.71640576171875,786.067626953125
538,64066,102.87789209020232,5.0508662109375,841.81103515625
539,64186,91.32996099675299,4.52709814453125,754.516357421875
540,64306,101.04006101672763,4.956542358398438,826.0903930664062
541,64426,104.43301894110976,5.122662963867188,853.7771606445312
542,64546,98.78425216599162,4.860589965820313,810.0983276367188
543,64666,103.52115692474786,5.088837524414062,848.1395874023438
544,64786,101.27825614693717,4.97279443359375,828.799072265625
545,64906,104.55162926215354,5.130771240234375,855.1285400390625
546,65026,98.05691554988617,4.832653198242188,805.4421997070312
547,65146,99.46379442631593,4.893225952148438,815.5376586914062
548,65266,100.03925435805743,4.918585327148437,819.7642211914062
549,65386,100.6694167769423,4.946190673828125,824.3651123046875
550,65506,102.22464678939772,5.0220791015625,837.01318359375
551,65626,100.25360090823123,4.929551513671875,821.5919189453125
552,65746,102.63588784176886,5.033536376953125,838.9227294921875
553,65866,95.01877373414297,4.691121459960938,781.8535766601562
554,65986,100.86479711911228,4.954672119140625,825.7786865234375
555,66106,103.42501115846645,5.0667835693359375,844.4639282226562
556,66226,99.90955186143702,4.9094871826171875,818.2478637695312
557,66346,104.55018564356675,5.1201533203125,853.35888671875
558,66466,98.45845418935379,4.8462286376953125,807.7047729492188
559,66586,104.24731239294752,5.11138623046875,851.897705078125
560,66706,103.38188523175074,5.074145141601562,845.6908569335938
561,66826,96.92975588790705,4.7703544921875,795.05908203125
562,66946,104.1046585458366,5.1035570068359375,850.5928344726562
563,67066,102.1324268384278,5.007876342773438,834.6460571289062
564,67186,111.73266131098201,5.455452026367188,909.2420043945312
565,67306,105.10355455236976,5.148542724609375,858.0904541015625
566,67426,97.25777606223154,4.80187646484375,800.312744140625
567,67546,100.05665864095148,4.921273315429688,820.2122192382812
568,67666,102.68232955878574,5.0336978759765625,838.9496459960938
569,67786,103.91463608279895,5.0976280517578125,849.6046752929688
570,67906,107.15711035867805,5.236175903320312,872.6959838867188
571,68026,103.33163840041396,5.065207397460937,844.2012329101562
572,68146,104.30430706120089,5.109427734375,851.5712890625
573,68266,102.72382937283179,5.044554565429688,840.7590942382812
574,68386,104.56851926092405,5.121383056640625,853.5638427734375
575,68506,101.34043724904114,4.973798583984375,828.9664306640625
576,68626,101.0583823540646,4.9656474609375,827.60791015625
577,68746,102.33064547525139,5.023119140625,837.1865234375
578,68866,104.66568563512712,5.12391943359375,853.986572265625
579,68986,101.9876644602062,5.0049638671875,834.16064453125
580,69106,106.73430542483678,5.222507080078125,870.4178466796875
581,69226,102.435599798393,5.026782348632812,837.7970581054688
582,69346,105.70660709871655,5.170922607421875,861.8204345703125
583,69466,104.59746301481954,5.120295776367188,853.3826293945312
584,69586,103.66689850052356,5.086642456054688,847.7737426757812
585,69706,111.43382631326624,5.42709375,904.515625
586,69826,102.1875813253606,5.014820068359375,835.8033447265625
587,69946,100.34936949427475,4.930210693359375,821.7017822265625
588,70066,95.48226751952063,4.71045263671875,785.075439453125
589,70186,98.30874451721516,4.839392944335938,806.5654907226562
590,70306,100.23797847137226,4.926299560546875,821.0499267578125
591,70426,101.55039677839639,4.987857421875,831.3095703125
592,70546,103.06089876526326,5.0572965087890625,842.8827514648438
593,70666,103.97911780623548,5.09472802734375,849.121337890625
594,70786,109.66227319315726,5.355243530273437,892.5405883789062
595,70906,101.12268076051316,4.9619560546875,826.99267578125
596,71026,100.34855464178973,4.93061572265625,821.769287109375
597,71146,104.23167051495378,5.10856640625,851.427734375
598,71266,108.15177840014424,5.285993774414062,880.9989624023438
599,71386,108.76894641953787,5.31644970703125,886.074951171875
600,71506,108.0163081725552,5.2803955078125,880.06591796875
601,71626,99.99083422135348,4.911195556640625,818.5325927734375
602,71746,100.57854610516267,4.949429077148437,824.9048461914062
603,71866,108.5149814528645,5.294633422851563,882.4389038085938
604,71986,111.07245158258961,5.41196337890625,901.993896484375
605,72106,102.61083820832204,5.035794067382812,839.2990112304688
606,72226,101.07673077006942,4.967054443359375,827.8424072265625
607,72346,104.39314546500644,5.115458129882812,852.5763549804688
608,72466,98.8599492958589,4.85649169921875,809.415283203125
609,72586,105.41014816754395,5.1557464599609375,859.2910766601562
610,72706,97.46683433876095,4.805754638671875,800.9591064453125
611,72826,93.78898643211247,4.632925415039063,772.1542358398438
612,72946,108.90064647738453,5.3158809814453125,885.9801635742188
613,73066,97.04390756070913,4.780953369140625,796.8255615234375
614,73186,105.27326688722923,5.156155883789062,859.3593139648438
615,73306,101.59516024334887,4.986418579101563,831.0697631835938
616,73426,101.39404399988447,4.97825830078125,829.709716796875
617,73546,101.17772490158188,4.971006958007813,828.5011596679688
618,73666,103.6237536200454,5.074599243164062,845.7665405273438
619,73786,104.21267997206965,5.1057392578125,850.95654296875
620,73906,102.03004151287848,5.004990600585938,834.1651000976562
621,74026,94.19817762264599,4.648139282226563,774.6898803710938
622,74146,108.12370421551343,5.287324951171875,881.2208251953125
623,74266,109.62306171807744,5.358863525390625,893.1439208984375
624,74386,104.555870495906,5.123838134765625,853.9730224609375
625,74506,104.2090927539433,5.105072387695312,850.8453979492188
626,74626,107.03940936883832,5.231965942382812,871.9943237304688
627,74746,105.91597185010428,5.18871826171875,864.786376953125
628,74866,109.43161944062433,5.345893798828125,890.9822998046875
629,74986,106.1794699398499,5.196071044921875,866.0118408203125
630,75106,104.80001110407534,5.123600830078125,853.9334716796875
631,75226,107.86117031651747,5.271546020507812,878.5910034179688
632,75346,104.96922135117993,5.133415283203125,855.5692138671875
633,75466,103.62170772928812,5.081738891601563,846.9564819335938
634,75586,107.96151224765113,5.274604248046875,879.1007080078125
635,75706,109.06198936070354,5.327442626953125,887.9071044921875
636,75826,106.16807806895477,5.193151245117187,865.5252075195312
637,75946,104.94124093064741,5.141295043945313,856.8825073242188
638,76066,105.75750567620321,5.1823359375,863.72265625
639,76186,108.24557082690008,5.285382202148438,880.8970336914062
640,76306,108.94077945834097,5.320883422851563,886.8139038085938
641,76426,104.53542047706283,5.116845703125,852.8076171875
642,76546,106.61296234349402,5.210188110351562,868.3646850585938
643,76666,106.84958936117582,5.2193712158203125,869.8952026367188
644,76786,101.41840738944958,4.97495947265625,829.159912109375
645,76906,108.0294945298586,5.27356201171875,878.927001953125
646,77026,104.59556369179835,5.1175037841796875,852.9172973632812
647,77146,103.29624597047345,5.065610595703125,844.2684326171875
648,77266,107.31269608223191,5.243968505859375,873.9947509765625
649,77386,104.56545720237868,5.116692993164063,852.7821655273438
650,77506,102.42482633057028,5.01922705078125,836.537841796875
651,77626,107.57095722567512,5.254794067382813,875.7990112304688
652,77746,107.36091902262477,5.250022338867187,875.0037231445312
653,77866,106.89161780929938,5.224399291992188,870.7332153320312
654,77986,110.86341951331444,5.398165283203125,899.6942138671875
655,78106,103.57828674325594,5.064260375976563,844.0433959960938
656,78226,110.55306922838135,5.395279541015625,899.2132568359375
657,78346,106.37887224538613,5.198437133789063,866.4061889648438
658,78466,110.91231324816609,5.40518994140625,900.864990234375
659,78586,110.37870837907244,5.382128540039062,897.0214233398438
660,78706,114.84708767827017,5.58680859375,931.134765625
661,78826,107.20863195984283,5.237366455078125,872.8944091796875
662,78946,106.90049345514,5.221361572265625,870.2269287109375
663,79066,99.0641720633403,4.861647583007812,810.2745971679688
664,79186,112.7743907485831,5.488905395507812,914.8175659179688
665,79306,98.41961878770186,4.840691162109375,806.7818603515625
666,79426,110.8938381051486,5.410701416015625,901.7835693359375
667,79546,105.66112500456212,5.173792236328125,862.2987060546875
668,79666,111.45363699968998,5.429073120117187,904.8455200195312
669,79786,108.0543871816214,5.277611572265625,879.6019287109375
670,79906,104.50078250990558,5.112704956054688,852.1174926757812
671,80026,112.67778615286002,5.48928515625,914.880859375
672,80146,110.5218424947108,5.385136962890625,897.5228271484375
673,80266,112.61271844753065,5.479889282226562,913.3148803710938
674,80386,110.2390029470281,5.377844970703125,896.3074951171875
675,80506,114.43040637536158,5.566855590820312,927.8092651367188
676,80626,116.66728748913827,5.669946899414063,944.9911499023438
677,80746,108.07409469374869,5.273110473632813,878.8517456054688
678,80866,105.14887170277852,5.14270751953125,857.117919921875
679,80986,110.75507539065212,5.397387084960937,899.5645141601562
680,81106,109.76050710397692,5.356337768554687,892.7229614257812
681,81226,105.61239242172523,5.162955322265625,860.4925537109375
682,81346,116.07955854588567,5.639141967773438,939.8569946289062
683,81466,112.1158206894739,5.459110473632813,909.8517456054688
684,81586,104.71150582509736,5.121110961914063,853.5184936523438
685,81706,105.42019228398661,5.152837280273437,858.8062133789062
686,81826,109.38016241286333,5.337977783203125,889.6629638671875
687,81946,113.06669412310394,5.502269897460938,917.0449829101562
688,82066,105.77158002438713,5.168656860351563,861.4428100585938
689,82186,105.60482372330297,5.162927490234375,860.4879150390625
690,82306,111.66970410005715,5.438457275390625,906.4095458984375
691,82426,113.7047823461224,5.532645263671875,922.1075439453125
692,82546,99.21311059103323,4.87188720703125,811.981201171875
693,82666,113.67510859892565,5.535246459960938,922.5410766601562
694,82786,107.93419709660742,5.268849975585938,878.1416625976562
695,82906,109.13947265369009,5.32122509765625,886.870849609375
696,83026,107.46323571780815,5.2503603515625,875.06005859375
697,83146,106.793064037921,5.219029174804687,869.8381958007812
698,83266,108.97242369878009,5.32050146484375,886.750244140625
699,83386,109.50889187156311,5.3394052734375,889.90087890625
700,83506,103.71302885365985,5.083235595703125,847.2059326171875
701,83626,103.89904782148251,5.083216918945313,847.2028198242188
702,83746,112.16872870504645,5.461883422851563,910.3139038085938
703,83866,107.69735474359682,5.2561669921875,876.02783203125
704,83986,109.15785714708448,5.3239189453125,887.31982421875
705,84106,111.5089523307978,5.430708618164062,905.1181030273438
706,84226,110.18140525964262,5.369451416015625,894.9085693359375
707,84346,112.36435616420928,5.469621459960938,911.6035766601562
708,84466,111.73979890186894,5.44600341796875,907.667236328125
709,84586,106.71277845478261,5.216396484375,869.3994140625
710,84706,104.00993448338892,5.0823427734375,847.05712890625
711,84826,116.44128802629427,5.6581790771484375,943.0298461914062
712,84946,110.49619893784434,5.384866333007812,897.4777221679688
713,85066,110.58099320209999,5.3881728515625,898.02880859375
714,85186,103.36326793749211,5.057355102539063,842.8925170898438
715,85306,108.19510036240085,5.275518310546875,879.2530517578125
716,85426,101.18451490730531,4.959181274414062,826.5302124023438
717,85546,108.9475541380553,5.317259765625,886.2099609375
718,85666,104.49517695191655,5.113671752929688,852.2786254882812
719,85786,105.2202357485324,5.145202514648438,857.5337524414062
720,85906,104.83786127671203,5.12171630859375,853.619384765625
721,86026,109.72844915282904,5.3488355712890625,891.4725952148438
722,86146,103.91336530365979,5.078572631835938,846.4287719726562
723,86266,114.51442389827996,5.573217041015625,928.8695068359375
724,86386,112.29986929792497,5.470641357421875,911.7735595703125
725,86506,109.65626339581276,5.349077270507813,891.5128784179688
726,86626,115.14448435144136,5.596468872070313,932.7448120117188
727,86746,100.21141458866472,4.913115234375,818.8525390625
728,86866,103.43459033977346,5.067633178710937,844.6055297851562
729,86986,108.40765803692257,5.287735107421875,881.2891845703125
730,87106,106.09574891806545,5.187660278320313,864.6100463867188
731,87226,107.72042898138685,5.257119140625,876.1865234375
732,87346,120.29202794438933,5.834960815429688,972.4934692382812
733,87466,106.18889327750081,5.190027465820313,865.0045776367188
734,87586,109.13688713040926,5.322948486328125,887.1580810546875
735,87706,99.92568297430088,4.898655029296875,816.4425048828125
736,87826,107.57849883434824,5.250234375,875.0390625
737,87946,107.51177110164562,5.245397827148437,874.2329711914062
738,88066,105.76203722818028,5.167751220703125,861.2918701171875
739,88186,113.47291992264832,5.522017822265625,920.3363037109375
740,88306,107.37610313108819,5.247197021484375,874.5328369140625
741,88426,113.56835230806075,5.5278035888671875,921.3005981445312
742,88546,109.6391423076901,5.344779418945312,890.7965698242188
743,88666,104.22126547164123,5.098367797851562,849.7279663085938
744,88786,103.51243906481349,5.067230712890625,844.5384521484375
745,88906,112.55043043743967,5.480649169921875,913.4415283203125
746,89026,110.28984954358273,5.383012573242188,897.1687622070312
747,89146,113.7485795414543,5.532810424804688,922.1350708007812
748,89266,105.00821568345276,5.1372216796875,856.20361328125
749,89386,108.37651192685685,5.290239990234375,881.7066650390625
750,89506,107.16462363410558,5.239053588867187,873.1755981445312
751,89626,111.8050130553689,5.45004345703125,908.340576171875
752,89746,111.90108554776995,5.451987670898437,908.6646118164062
753,89866,110.70454759014271,5.396183715820312,899.3639526367188
754,89986,113.13334028640477,5.508253784179687,918.0422973632812
755,90106,108.52668662651539,5.295565795898438,882.5942993164062
756,90226,116.5845067807383,5.664016845703125,944.0028076171875
757,90346,107.99047571514483,5.271583740234375,878.5972900390625
758,90466,110.36244427830768,5.378561279296875,896.4268798828125
759,90586,107.28682020789992,5.243696411132812,873.9494018554688
760,90706,111.99034911948795,5.453397216796875,908.8995361328125
761,90826,109.7217169041945,5.3522794189453125,892.0465698242188
762,90946,110.37082087955025,5.3827056884765625,897.1176147460938
763,91066,115.101087369024,5.592299560546875,932.0499267578125
764,91186,111.70051048058068,5.442789916992187,907.1316528320312
765,91306,107.89480962846619,5.269164916992188,878.1941528320312
766,91426,112.93135312851922,5.49667822265625,916.113037109375
767,91546,113.21239647048148,5.515288696289063,919.2147827148438
768,91666,110.68534744200471,5.389815307617187,898.3025512695312
769,91786,113.73019861101287,5.532902709960937,922.1504516601562
770,91906,111.53402237791711,5.434897705078125,905.8162841796875
771,92026,117.62269085847959,5.713156494140625,952.1927490234375
772,92146,107.78327041966655,5.26761474609375,877.935791015625
773,92266,113.46659291727053,5.52330615234375,920.551025390625
774,92386,108.66762026532217,5.300936645507813,883.4894409179688
775,92506,115.1490622065912,5.601239135742188,933.5398559570312
776,92626,101.8652922339058,4.998727294921875,833.1212158203125
777,92746,107.12274862225813,5.238641235351563,873.1068725585938
778,92866,102.79953327883554,5.043378295898438,840.5630493164062
779,92986,103.03004489843312,5.051753173828125,841.9588623046875
780,93106,111.20130423098999,5.415530639648438,902.5884399414062
781,93226,108.96712546004284,5.318968139648438,886.4946899414062
782,93346,107.67708602114732,5.25353759765625,875.589599609375
783,93466,108.01444337479761,5.273537841796875,878.9229736328125
784,93586,111.83705012645486,5.4507425537109375,908.4570922851562
785,93706,110.42224918201279,5.394086059570313,899.0143432617188
786,93826,110.03929443397053,5.367396606445313,894.5661010742188
787,93946,116.4427346575428,5.6601591796875,943.35986328125
788,94066,110.18207083528091,5.376942626953125,896.1571044921875
789,94186,108.06762780230565,5.277453735351562,879.5756225585938
790,94306,114.51230379673339,5.568195556640625,928.0325927734375
791,94426,111.2710737263084,5.421420043945313,903.5700073242188
792,94546,102.35471958715452,5.011699951171875,835.2833251953125
793,94666,111.38719518792954,5.424689208984375,904.1148681640625
794,94786,104.6009190194532,5.113198974609375,852.1998291015625
795,94906,112.86064797393706,5.489674438476563,914.9457397460938
796,95026,113.49515799943367,5.526841186523438,921.1401977539062
797,95146,119.00159795512714,5.774315185546875,962.3858642578125
798,95266,113.81164489016597,5.541309814453125,923.5516357421875
799,95386,109.66055904035797,5.345817626953125,890.9696044921875
800,95506,115.158261973704,5.5986533203125,933.10888671875
801,95626,104.97704784898293,5.133272827148438,855.5454711914062
802,95746,115.38838297190426,5.608880859375,934.8134765625
803,95866,108.91599481729784,5.31311865234375,885.519775390625
804,95986,108.09700263787235,5.278152099609375,879.6920166015625
805,96106,108.33063020704839,5.290387573242188,881.7312622070312
806,96226,114.42965431914497,5.565019409179688,927.5032348632812
807,96346,106.31769112478298,5.204193603515625,867.3656005859375
808,96466,108.13240434710019,5.281838012695313,880.3063354492188
809,96586,109.53957583210676,5.3411715087890625,890.1952514648438
810,96706,106.9308684209561,5.225965576171875,870.9942626953125
811,96826,111.04503010329391,5.4092109375,901.53515625
812,96946,110.37297907412554,5.381171630859375,896.8619384765625
813,97066,112.02850938157901,5.453776245117187,908.9627075195312
814,97186,110.91546138653045,5.404869873046875,900.8116455078125
815,97306,113.3763189556831,5.517548583984375,919.5914306640625
816,97426,115.02418569341872,5.596027587890625,932.6712646484375
817,97546,112.86560088353747,5.495735961914063,915.9559936523438
818,97666,115.36780295016769,5.606137939453125,934.3563232421875
819,97786,106.39812298515662,5.200386108398438,866.7310180664062
820,97906,114.7604510450544,5.57812353515625,929.687255859375
821,98026,111.84995523817464,5.449638793945312,908.2731323242188
822,98146,109.65966061801716,5.3542265625,892.37109375
823,98266,113.60075454184307,5.52528076171875,920.880126953125
824,98386,109.96083778330573,5.365376586914063,894.2294311523438
825,98506,112.92467664750465,5.492124755859375,915.3541259765625
826,98626,117.06814389317961,5.68526513671875,947.544189453125
827,98746,112.69330427577502,5.487894653320312,914.6491088867188
828,98866,111.95260104257925,5.448855102539063,908.1425170898438
829,98986,105.7052268186308,5.159413696289063,859.9022827148438
830,99106,108.40738915841008,5.290055053710938,881.6758422851562
831,99226,114.07690120458092,5.548586791992188,924.7644653320312
832,99346,115.46490240765277,5.616474975585938,936.0791625976562
833,99466,110.34132713431924,5.376873779296875,896.1456298828125
834,99586,106.59916449939249,5.209154663085937,868.1924438476562
835,99706,108.34386604261394,5.287802856445312,881.3004760742188
836,99826,107.78082645346605,5.26018359375,876.697265625
837,99946,116.89203293117936,5.676598388671875,946.0997314453125
838,100066,108.17161880115314,5.274718505859375,879.1197509765625
839,100186,112.35818048763403,5.46913330078125,911.522216796875
840,100306,112.4440151902059,5.470365966796875,911.7276611328125
841,100426,115.28079397623476,5.594652099609375,932.4420166015625
842,100546,102.45695883558172,5.015249633789063,835.8749389648438
843,100666,109.96397201410029,5.360352172851562,893.3920288085938
844,100786,113.66485410357801,5.524315063476562,920.7191772460938
845,100906,106.98875276562393,5.219841796875,869.9736328125
846,101026,111.1467361951307,5.414072021484375,902.3453369140625
847,101146,113.9083542973668,5.53378271484375,922.297119140625
848,101266,108.86076510315623,5.304948852539063,884.1581420898438
849,101386,117.82503360650968,5.720553588867188,953.4255981445312
850,101506,113.44059119047618,5.520476440429688,920.0794067382812
851,101626,111.41488889791857,5.426018188476562,904.3363647460938
852,101746,111.48895000297892,5.42116845703125,903.528076171875
853,101866,108.6416886900961,5.297164306640625,882.8607177734375
854,101986,109.7597408989303,5.350881958007813,891.8136596679688
855,102106,109.4406755554864,5.33367626953125,888.946044921875
856,102226,108.18320917192409,5.271066284179687,878.5110473632812
857,102346,118.43998210311663,5.751140991210938,958.5234985351562
858,102466,113.8857682662209,5.541955078125,923.6591796875
859,102586,121.65802532369185,5.888232055664062,981.3720092773438
860,102706,109.46876706977628,5.336744018554688,889.4573364257812
861,102826,109.23774245329884,5.32432470703125,887.387451171875
862,102946,104.14349818790828,5.09042138671875,848.403564453125
863,103066,111.52714264198279,5.428298583984375,904.7164306640625
864,103186,104.05908828405705,5.090191040039063,848.3651733398438
865,103306,110.51807041737173,5.383478393554688,897.2463989257812
866,103426,109.84144318842755,5.350144775390625,891.6907958984375
867,103546,113.88705424829533,5.542343994140625,923.7239990234375
868,103666,116.92412449912551,5.681471923828125,946.9119873046875
869,103786,113.93644320708546,5.546451416015625,924.4085693359375
870,103906,112.13134986719726,5.454834228515625,909.1390380859375
871,104026,112.83925644834868,5.486008666992188,914.3347778320312
872,104146,117.42334559242957,5.6991943359375,949.86572265625
873,104266,113.88524656761545,5.540575927734375,923.4293212890625
874,104386,113.24139186503604,5.511919189453125,918.6531982421875
875,104506,101.86653251451428,4.98669287109375,831.115478515625
876,104626,118.79233436393945,5.769879638671875,961.6466064453125
877,104746,109.50163791022703,5.341287231445312,890.2145385742188
878,104866,111.96371632101585,5.447851318359375,907.9752197265625
879,104986,114.07958519026299,5.549533813476563,924.9223022460938
880,105106,107.6552011863712,5.2500087890625,875.00146484375
881,105226,109.97665207146522,5.363256225585937,893.8760375976562
882,105346,114.95834204909625,5.584714599609375,930.7857666015625
883,105466,116.20445900084215,5.6464775390625,941.07958984375
884,105586,109.22453701109012,5.33043603515625,888.406005859375
885,105706,107.9201367124924,5.266228271484375,877.7047119140625
886,105826,107.76309357062091,5.254969482421875,875.8282470703125
887,105946,107.20061024709159,5.2346337890625,872.43896484375
888,106066,117.96828428085738,5.722682739257812,953.7804565429688
889,106186,111.32710397371022,5.426392456054687,904.3987426757812
890,106306,116.71394437700421,5.669520629882813,944.9201049804688
891,106426,111.580663325932,5.4356971435546875,905.9495239257812
892,106546,114.26803819194643,5.556592529296875,926.0987548828125
893,106666,110.3652548922502,5.379918823242187,896.6531372070312
894,106786,112.13530796821316,5.459184448242188,909.8640747070312
895,106906,107.52043474680244,5.2473720703125,874.56201171875
896,107026,110.50562830196625,5.382547119140625,897.0911865234375
897,107146,107.07781246744696,5.228912109375,871.4853515625
898,107266,120.41763991829814,5.835376831054687,972.5628051757812
899,107386,112.5023439726564,5.473358276367187,912.2263793945312
900,107506,108.87668975574772,5.31190283203125,885.317138671875
901,107626,105.73319433731471,5.162768188476562,860.4613647460938
902,107746,118.70841509343259,5.7588544921875,959.80908203125
903,107866,108.1429899234215,5.2764913330078125,879.4152221679688
904,107986,107.40075144356481,5.242644653320313,873.7741088867188
905,108106,108.28248619125044,5.283180541992188,880.5300903320312
906,108226,120.81083315515629,5.8540887451171875,975.6814575195312
907,108346,112.9708100091801,5.4997884521484375,916.6314086914062
908,108466,108.57751616374662,5.295609375,882.6015625
909,108586,106.60775092983963,5.20754150390625,867.923583984375
910,108706,116.43897985952502,5.652035888671875,942.0059814453125
911,108826,109.05345769612792,5.321898193359375,886.9830322265625
912,108946,112.21603181472865,5.463330322265625,910.5550537109375
913,109066,111.41786269610229,5.425072998046875,904.1788330078125
914,109186,112.46901164306954,5.480209716796875,913.3682861328125
915,109306,113.05542051144923,5.498267578125,916.3779296875
916,109426,107.84504037214339,5.2585986328125,876.43310546875
917,109546,109.19448321998402,5.319853637695313,886.6422729492188
918,109666,108.93076209598655,5.31177392578125,885.295654296875
919,109786,110.95811653860804,5.403280151367188,900.5466918945312
920,109906,113.46370793919115,5.516251831054688,919.3753051757812
921,110026,109.72981019444669,5.345856079101562,890.9760131835938
922,110146,111.85353858116609,5.448277587890625,908.0462646484375
923,110266,113.8180092514847,5.53716943359375,922.861572265625
924,110386,116.92572929377596,5.6786041259765625,946.4340209960938
925,110506,113.9247802669867,5.544704956054687,924.1174926757812
926,110626,115.66526733980791,5.621010498046875,936.8350830078125
927,110746,116.64905876205145,5.667099975585938,944.5166625976562
928,110866,113.50072620571108,5.524627807617187,920.7713012695312
929,110986,113.10494050719157,5.50122216796875,916.870361328125
930,111106,111.59516799975636,5.433098876953125,905.5164794921875
931,111226,118.38304154879019,5.749083618164063,958.1806030273438
932,111346,112.94627068992911,5.492723510742188,915.4539184570312
933,111466,114.34008160023939,5.556521850585938,926.0869750976562
934,111586,108.35409142969513,5.2913448486328125,881.8908081054688
935,111706,112.62226092703,5.479423828125,913.2373046875
936,111826,113.27236608457721,5.516543701171875,919.4239501953125
937,111946,115.8236774874539,5.624151489257812,937.3585815429688
938,112066,119.94481947002997,5.814598754882812,969.0997924804688
939,112186,116.88083044290369,5.674737670898438,945.7896118164062
940,112306,107.12992161970155,5.23505419921875,872.509033203125
941,112426,106.99010726869285,5.219280029296875,869.8800048828125
942,112546,110.06489819244858,5.36325146484375,893.875244140625
943,112666,111.87678522128647,5.448826904296875,908.1378173828125
944,112786,113.05851146745437,5.496112060546875,916.0186767578125
945,112906,112.35513234340175,5.464181762695312,910.6969604492188
946,113026,113.79004209803881,5.53264892578125,922.108154296875
947,113146,113.03570331401697,5.495240112304687,915.8733520507812
948,113266,115.97535177853496,5.631214599609375,938.5357666015625
949,113386,111.42998097498115,5.424548950195312,904.0914916992188
950,113506,113.9714555397354,5.54090625,923.484375
951,113626,117.64582223426137,5.710843139648437,951.8071899414062
952,113746,111.50487335164348,5.426880249023437,904.4800415039062
953,113866,109.32142322642001,5.325615600585937,887.6026000976562
954,113986,117.74761724299974,5.713836181640625,952.3060302734375
955,114106,111.68194393187164,5.434914916992187,905.8191528320312
956,114226,116.9891179928747,5.681533447265625,946.9222412109375
957,114346,118.27962695828217,5.735210815429688,955.8684692382812
958,114466,111.33082905881253,5.420653198242188,903.4421997070312
959,114586,109.57431968775147,5.337276123046875,889.5460205078125
960,114706,114.62460380409168,5.570068359375,928.3447265625
961,114826,109.0032566231831,5.312108276367187,885.3513793945312
962,114946,116.65846288374695,5.658866088867187,943.1443481445312
963,115066,107.31503845343921,5.225954956054688,870.9924926757812
964,115186,115.68226071284285,5.616984008789062,936.1640014648438
965,115306,113.46578212228079,5.512605102539062,918.7675170898438
966,115426,113.55715700446184,5.5128328857421875,918.8054809570312
967,115546,114.37882564819091,5.558121459960938,926.3535766601562
968,115666,119.67791235067767,5.799391845703125,966.5653076171875
969,115786,114.8160695527071,5.57455517578125,929.092529296875
970,115906,114.76706618877816,5.573513305664062,928.9188842773438
971,116026,114.24226205635274,5.553570556640625,925.5950927734375
972,116146,104.38096619084524,5.101434448242188,850.2390747070312
973,116266,116.39899456252569,5.647630737304688,941.2717895507812
974,116386,109.51102147519106,5.337541625976563,889.5902709960938
975,116506,111.34836409877789,5.4245408935546875,904.0901489257812
976,116626,112.43283741893626,5.468681030273437,911.4468383789062
977,116746,127.08396114732426,6.141983642578125,1023.6639404296875
978,116866,116.17119700643431,5.639488037109375,939.9146728515625
979,116986,116.1241822605007,5.638312866210938,939.7188110351562
980,117106,110.47490724118143,5.37658447265625,896.097412109375
981,117226,121.01708813199537,5.86279248046875,977.132080078125
982,117346,118.54888593188942,5.746471435546875,957.7452392578125
983,117466,105.38878305325302,5.14691455078125,857.819091796875
984,117586,115.23558229924572,5.597654296875,932.9423828125
985,117706,113.32353011579943,5.508014282226562,918.0023803710938
986,117826,116.3875351183365,5.64636474609375,941.060791015625
987,117946,114.54935668413682,5.562954345703125,927.1590576171875
988,118066,110.75129067440731,5.3918232421875,898.63720703125
989,118186,116.43898079736388,5.651338256835937,941.8897094726562
990,118306,107.51156444019138,5.245603271484375,874.2672119140625
991,118426,114.32597704881175,5.558712158203125,926.4520263671875
992,118546,115.62084254262672,5.620145141601562,936.6908569335938
993,118666,113.2234180834285,5.508173950195313,918.0289916992188
994,118786,114.94956314351079,5.5835654296875,930.59423828125
995,118906,111.63714611570057,5.43544482421875,905.907470703125
996,119026,114.90022533876683,5.585448120117188,930.9080200195312
997,119146,108.50641565929574,5.290480224609375,881.7467041015625
998,119266,116.14533122923149,5.640733154296875,940.1221923828125
999,119386,115.45038366345096,5.612995239257812,935.4992065429688
1000,119506,108.35293332669754,5.279689819335937,879.9483032226562
1001,119626,120.93898411640151,5.85640869140625,976.068115234375
1002,119746,108.09855034356538,5.27130908203125,878.551513671875
1003,119866,117.24992788815726,5.694668701171875,949.1114501953125
1004,119986,114.82696403722588,5.5821708984375,930.36181640625
1005,120106,122.20330243097128,5.913814086914062,985.6356811523438
1006,120226,114.03697138562262,5.54004931640625,923.341552734375
1007,120346,110.21502647452517,5.369829711914062,894.9716186523438
1008,120466,109.80343541552546,5.348066528320312,891.3444213867188
1009,120586,111.88441235206818,5.441764892578125,906.9608154296875
1010,120706,114.27630240634547,5.556603515625,926.1005859375
1011,120826,112.45028789759402,5.476728149414063,912.7880249023438
1012,120946,114.3025935568187,5.557621948242187,926.2703247070312
1013,121066,112.89470068588152,5.486782470703125,914.4637451171875
1014,121186,111.79532679554038,5.439577880859375,906.5963134765625
1015,121306,111.93985567365091,5.441803344726562,906.9672241210938
1016,121426,110.70698513466985,5.394197387695312,899.0328979492188
1017,121546,112.72791000009336,5.481703125,913.6171875
1018,121666,117.54077534020409,5.702593139648437,950.4321899414062
1019,121786,121.88040256659234,5.89806884765625,983.011474609375
1020,121906,120.56390353036433,5.838792846679688,973.1321411132812
1021,122026,115.09882537893048,5.59140380859375,931.900634765625
1022,122146,120.78430274441357,5.853422241210938,975.5703735351562
1023,122266,117.5145089599768,5.696852416992187,949.4754028320312
1024,122386,119.41736278864649,5.784265502929688,964.0442504882812
1025,122506,113.93142689836014,5.541414184570312,923.5690307617188
1026,122626,110.58585932937024,5.384991943359375,897.4986572265625
1027,122746,122.5126298624996,5.932255737304687,988.7092895507812
1028,122866,114.6362094817582,5.570050048828125,928.3416748046875
1029,122986,116.57651135871168,5.66279296875,943.798828125
1030,123106,116.69997059381694,5.664356323242187,944.0593872070312
1031,123226,114.70597422834308,5.575723022460937,929.2871704101562
1032,123346,117.19235141952886,5.684536743164062,947.4227905273438
1033,123466,115.69436627107864,5.617701049804688,936.2835083007812
1034,123586,117.40652780952635,5.6978997802734375,949.6499633789062
1035,123706,123.54947638717204,5.983247314453125,997.2078857421875
1036,123826,110.41034788131677,5.37757470703125,896.262451171875
1037,123946,115.91738032073809,5.623427490234375,937.2379150390625
1038,124066,113.96812116478539,5.539894409179688,923.3157348632812
1039,124186,113.01093851824322,5.493917724609375,915.6529541015625
1040,124306,116.70252919431576,5.664000366210938,944.0000610351562
1041,124426,114.21127530602581,5.5474248046875,924.57080078125
1042,124546,114.79390306470371,5.57611083984375,929.351806640625
1043,124666,115.28762703692725,5.5994110107421875,933.2351684570312
1044,124786,120.66454585329035,5.844298461914063,974.0497436523438
1045,124906,117.67429651693459,5.709375,951.5625
1046,125026,124.95274250939143,6.04274267578125,1007.123779296875
1047,125146,114.56141150734875,5.565874877929687,927.6458129882812
1048,125266,109.49341039785838,5.33549267578125,889.248779296875
1049,125386,115.67575184788434,5.616027099609375,936.0045166015625
1050,125506,107.4177528544594,5.230996215820313,871.8327026367188
1051,125626,110.21443696536795,5.36089453125,893.482421875
1052,125746,110.27395290297495,5.372963012695313,895.4938354492188
1053,125866,111.89351920496824,5.4423017578125,907.05029296875
1054,125986,116.94610511765904,5.673414916992187,945.5691528320312
1055,126106,113.13240133177624,5.50154296875,916.923828125
1056,126226,114.93096521096405,5.575611328125,929.2685546875
1057,126346,108.5805116753761,5.29235009765625,882.058349609375
1058,126466,110.15604049183275,5.364004760742188,894.0007934570312
1059,126586,117.59615225103305,5.698896240234375,949.8160400390625
1060,126706,116.33445150219018,5.642405639648437,940.4009399414062
1061,126826,112.93142333780236,5.491692260742187,915.2820434570312
1062,126946,114.84497497434776,5.577485595703125,929.5809326171875
1063,127066,118.1979935549618,5.734639892578125,955.7733154296875
1064,127186,112.08875457249191,5.450711059570312,908.4518432617188
1065,127306,114.72295204138784,5.567426147460938,927.9043579101562
1066,127426,118.61948035001109,5.7503291015625,958.38818359375
1067,127546,126.3308155611169,6.102135498046875,1017.0225830078125
1068,127666,118.90471570692243,5.7646812744140625,960.7802124023438
1069,127786,119.21263781358641,5.7739775390625,962.32958984375
1070,127906,113.33553448032458,5.509562255859375,918.2603759765625
1071,128026,119.0822400466127,5.773465209960937,962.2442016601562
1072,128146,115.79503466061284,5.622806396484375,937.1343994140625
1073,128266,117.8025842111402,5.714221435546875,952.3702392578125
1074,128386,112.1064431361538,5.453418823242187,908.9031372070312
1075,128506,120.75168180549943,5.848868774414062,974.8114624023438
1076,128626,108.83829223189068,5.300798217773438,883.4663696289062
1077,128746,113.43345736400826,5.509430419921875,918.2384033203125
1078,128866,118.35457427194093,5.739765014648437,956.6275024414062
1079,128986,107.20839117180677,5.23175830078125,871.959716796875
1080,129106,114.11814303754858,5.540583618164063,923.4306030273438
1081,129226,116.82641826635921,5.669568237304688,944.9280395507812
1082,129346,120.99938479418654,5.864188842773437,977.3648071289062
1083,129466,106.32093664194701,5.189774780273438,864.9624633789062
1084,129586,117.42992897255695,5.693294311523437,948.8823852539062
1085,129706,112.09109260602642,5.450151489257813,908.3585815429688
1086,129826,117.2478171215067,5.68806005859375,948.010009765625
1087,129946,113.81887272840649,5.52956103515625,921.593505859375
1088,130066,117.3184525447023,5.6848974609375,947.48291015625
1089,130186,115.15430151972004,5.588893432617187,931.4822387695312
1090,130306,112.39797793342512,5.464119140625,910.6865234375
1091,130426,111.88602056437557,5.444619140625,907.4365234375
1092,130546,114.073138066648,5.54353125,923.921875
1093,130666,117.41017790788493,5.69164599609375,948.607666015625
1094,130786,109.4439344689844,5.33146875,888.578125
1095,130906,120.62021959991353,5.841891357421875,973.6485595703125
1096,131026,118.84385856717118,5.762341918945313,960.3903198242188
1097,131146,114.1578288167743,5.54030419921875,923.384033203125
1098,131266,117.09303949637557,5.6788681640625,946.47802734375
1099,131386,110.79135682453813,5.388732055664063,898.1220092773438
1100,131506,120.23731030603687,5.820264038085938,970.0440063476562
1101,131626,118.98921385052127,5.769932373046875,961.6553955078125
1102,131746,118.63615196335732,5.749903198242188,958.3171997070312
1103,131866,113.87665507067194,5.52785302734375,921.308837890625
1104,131986,113.64313965638762,5.52659326171875,921.098876953125
1105,132106,114.23857847111293,5.546177856445312,924.3629760742188
1106,132226,111.58853158003848,5.429976928710937,904.9961547851562
1107,132346,106.32764005916226,5.185030883789063,864.1718139648438
1108,132466,115.07842035362584,5.589497314453125,931.5828857421875
1109,132586,117.60659769587645,5.7028436279296875,950.4739379882812
1110,132706,121.93729341229633,5.901315673828125,983.5526123046875
1111,132826,123.50165974050087,5.974905029296875,995.8175048828125
1112,132946,117.51989525965452,5.701083618164063,950.1806030273438
1113,133066,119.12158161066608,5.77106396484375,961.843994140625
1114,133186,117.2012655320063,5.6843411865234375,947.3901977539062
1115,133306,116.87388002990258,5.668050659179688,944.6751098632812
1116,133426,115.64994427640916,5.618417724609375,936.4029541015625
1117,133546,111.63140618041501,5.429431274414062,904.9052124023438
1118,133666,117.22398037485414,5.6808233642578125,946.8038940429688
1119,133786,121.33427309202443,5.877562866210938,979.5938110351562
1120,133906,119.34900554949864,5.78757275390625,964.595458984375
1121,134026,114.16859573906683,5.544025268554687,924.0042114257812
1122,134146,113.94259781240393,5.5383955078125,923.06591796875
1123,134266,112.39583143796199,5.462474853515625,910.4124755859375
1124,134386,120.28348151669773,5.829942260742188,971.6570434570312
1125,134506,113.22505282367734,5.50537353515625,917.562255859375
1126,134626,118.95991463071529,5.763847045898437,960.6411743164062
1127,134746,114.03462064560719,5.54033349609375,923.388916015625
1128,134866,112.23952730961163,5.457381225585937,909.5635375976562
1129,134986,110.28260668449985,5.371591918945312,895.2653198242188
1130,135106,121.06614614088001,5.863525634765625,977.2542724609375
1131,135226,113.4822109790313,5.514081298828125,919.0135498046875
1132,135346,126.49040414779003,6.111603515625,1018.6005859375
1133,135466,117.36301014593316,5.689113647460937,948.1856079101562
1134,135586,115.54389994723769,5.608612426757812,934.7687377929688
1135,135706,115.58349383218335,5.609541870117187,934.9236450195312
1136,135826,118.9181991977922,5.7614326171875,960.23876953125
1137,135946,117.99485204327425,5.719699584960938,953.2832641601562
1138,136066,113.70609131888538,5.521392333984375,920.2320556640625
1139,136186,110.59431748546675,5.376254150390625,896.0423583984375
1140,136306,111.09953251454247,5.4057421875,900.95703125
1141,136426,119.32707409587665,5.78230078125,963.716796875
1142,136546,123.18973186648242,5.961349365234375,993.5582275390625
1143,136666,110.89455466211788,5.394380126953125,899.0633544921875
1144,136786,120.0179791005043,5.814671630859375,969.1119384765625
1145,136906,117.70856421325891,5.707677978515625,951.2796630859375
1146,137026,118.58573052337289,5.748974487304688,958.1624145507812
1147,137146,118.44896085203146,5.740683837890625,956.7806396484375
1148,137266,114.08897296341038,5.544360717773437,924.0601196289062
1149,137386,116.79587066130097,5.66779248046875,944.632080078125
1150,137506,113.82942338901532,5.53862841796875,923.104736328125
1151,137626,118.46664831627103,5.746265258789062,957.7108764648438
1152,137746,113.27911017540934,5.504814697265625,917.4691162109375
1153,137866,112.43519017946853,5.475394775390625,912.5657958984375
1154,137986,113.58025306596763,5.5179290771484375,919.6548461914062
1155,138106,115.75215089385298,5.6211177978515625,936.8529663085938
1156,138226,114.404884584829,5.555061767578125,925.8436279296875
1157,138346,120.42611176669999,5.834063598632812,972.3439331054688
1158,138466,119.63300409576374,5.79883154296875,966.471923828125
1159,138586,117.39408583331432,5.697047241210938,949.5078735351562
1160,138706,116.93849500490802,5.67381005859375,945.635009765625
1161,138826,116.65580354071324,5.661551147460938,943.5918579101562
1162,138946,119.19508564596153,5.7785753173828125,963.0958862304688
1163,139066,115.92698868596439,5.630026611328125,938.3377685546875
1164,139186,112.49621729773389,5.473387573242188,912.2312622070312
1165,139306,116.04288984204457,5.626988525390625,937.8314208984375
1166,139426,119.18408690610426,5.7732392578125,962.20654296875
1167,139546,113.01698701990532,5.49421142578125,915.701904296875
1168,139666,115.08435699622817,5.583588500976562,930.5980834960938
1169,139786,122.81610865435022,5.9404273681640625,990.0712280273438
1170,139906,121.06725255008041,5.862050170898438,977.0083618164062
1171,140026,115.21679634873232,5.590849731445313,931.8082885742188
1172,140146,113.03641999779701,5.49683056640625,916.138427734375
1173,140266,117.80559433161278,5.710386840820313,951.7311401367188
1174,140386,113.29735532625023,5.505676391601562,917.6127319335938
1175,140506,120.2912653422466,5.825683959960937,970.9473266601562
1176,140626,112.79145220106768,5.481513427734375,913.5855712890625
1177,140746,117.26641203414368,5.6911248779296875,948.5208129882812
1178,140866,117.84966002766191,5.711718383789062,951.9530639648438
1179,140986,117.31027946176059,5.690681030273438,948.4468383789062
1180,141106,120.5725013423192,5.8321160888671875,972.0193481445312
1181,141226,113.885446053457,5.535193359375,922.5322265625
1182,141346,113.92414153193698,5.534107177734375,922.3511962890625
1183,141466,117.64820792460728,5.702086303710938,950.3477172851562
1184,141586,117.10743182483698,5.68389697265625,947.316162109375
1185,141706,123.96378979089799,5.99324560546875,998.874267578125
1186,141826,115.5611537270038,5.608625244140625,934.7708740234375
1187,141946,119.43211170506045,5.790526611328125,965.0877685546875
1188,142066,115.48150550312249,5.609706665039062,934.9511108398438
1189,142186,117.53859830732696,5.6985498046875,949.75830078125
1190,142306,116.62881739017206,5.65575439453125,942.625732421875
1191,142426,115.28172386540894,5.5939541015625,932.32568359375
1192,142546,115.25865238877074,5.596458251953125,932.7430419921875
1193,142666,112.24098255651995,5.454625854492187,909.1043090820312
1194,142786,118.2104657919285,5.732349609375,955.3916015625
1195,142906,119.227313869396,5.779873901367187,963.3123168945312
1196,143026,114.18907133869676,5.544549682617188,924.0916137695312
1197,143146,112.81730335436743,5.48258203125,913.763671875
1198,143266,114.83852673077632,5.575701049804687,929.2835083007812
1199,143386,117.4188502189564,5.700251586914063,950.0419311523438
1200,143506,111.4591852308709,5.421132202148438,903.5220336914062
1201,143626,115.01471166397111,5.586149780273438,931.0249633789062
1202,143746,117.21817263985547,5.686150268554687,947.6917114257812
1203,143866,118.81429447873968,5.760668701171875,960.1114501953125
1204,143986,122.440967020767,5.923625244140625,987.2708740234375
1205,144106,123.56968366668718,5.9805498046875,996.75830078125
1206,144226,114.01802477370796,5.539653076171875,923.2755126953125
1207,144346,117.18112250532731,5.68376220703125,947.293701171875
1208,144466,120.47121208202911,5.837389526367187,972.8982543945312
1209,144586,120.5527159765015,5.83287890625,972.146484375
1210,144706,118.6590107329652,5.748081665039063,958.0136108398438
1211,144826,108.77823602301356,5.300271606445312,883.3786010742188
1212,144946,110.37646850455756,5.375241943359375,895.8736572265625
1213,145066,117.51203878849614,5.705166870117187,950.8611450195312
1214,145186,118.06486763369547,5.720244506835938,953.3740844726562
1215,145306,119.01083592816765,5.766382690429688,961.0637817382812
1216,145426,110.77763128390308,5.392925170898438,898.8208618164062
1217,145546,111.67094080106268,5.43493505859375,905.822509765625
1218,145666,115.66855975516626,5.618947265625,936.4912109375
1219,145786,120.158639073995,5.818240356445313,969.7067260742188
1220,145906,117.63045961422158,5.706394775390625,951.0657958984375
1221,146026,120.4139909660508,5.8317275390625,971.95458984375
1222,146146,118.12996717034501,5.7215009765625,953.58349609375
1223,146266,108.75198313641926,5.294721313476563,882.4535522460938
1224,146386,116.85563733188465,5.6689892578125,944.83154296875
1225,146506,112.67695035393845,5.479264526367188,913.2107543945312
1226,146626,116.34582388182412,5.6450244140625,940.83740234375
1227,146746,120.01982453298211,5.815054321289063,969.1757202148438
1228,146866,114.84757586289396,5.577053833007812,929.5089721679688
1229,146986,110.75952408362505,5.38676220703125,897.793701171875
1230,147106,118.18633809270642,5.725763305664063,954.2938842773438
1231,147226,115.7090063728363,5.620421264648438,936.7368774414062
1232,147346,113.27992139715765,5.508571655273437,918.0952758789062
1233,147466,112.90175174745598,5.485248046875,914.2080078125
1234,147586,115.3608604478934,5.6006231689453125,933.4371948242188
1235,147706,115.624477889708,5.61354638671875,935.591064453125
1236,147826,117.80358761974622,5.713051025390625,952.1751708984375
1237,147946,123.39920753081591,5.9669765625,994.49609375
1238,148066,110.71350086257048,5.38686767578125,897.811279296875
1239,148186,113.1269514804864,5.4960435791015625,916.0072631835938
1240,148306,114.29597737599926,5.547873046875,924.6455078125
1241,148426,118.93617140649997,5.768687255859375,961.4478759765625
1242,148546,112.14471784798785,5.458446533203125,909.7410888671875
1243,148666,119.49060118355048,5.790447875976563,965.0746459960938
1244,148786,120.0853828871381,5.817254516601563,969.5424194335938
1245,148906,111.38321753284424,5.4182109375,903.03515625
1246,149026,120.71005413781893,5.841195190429688,973.5325317382812
1247,149146,114.72660369511463,5.567406372070312,927.9010620117188
1248,149266,114.86258905403018,5.5809580078125,930.15966796875
1249,149386,118.5370188823446,5.746405883789063,957.7343139648438
1250,149506,108.18726574052354,5.270488037109375,878.4146728515625
1251,149626,126.1002385200478,6.089782470703125,1014.9637451171875
1252,149746,118.45185495210491,5.7405673828125,956.76123046875
1253,149866,116.98747750649667,5.676767944335937,946.1279907226562
1254,149986,112.93512035252812,5.487806762695312,914.6344604492188
1255,150106,121.92331016476763,5.900508178710938,983.4180297851562
1256,150226,118.62014313646898,5.751056396484375,958.5093994140625
1257,150346,111.98202804907612,5.448198852539062,908.0331420898438
1258,150466,118.99343395286886,5.769599487304688,961.5999145507812
1259,150586,116.41022437338707,5.64810791015625,941.351318359375
1260,150706,115.2512569719965,5.590563720703125,931.7606201171875
1261,150826,116.50407233144296,5.6529085693359375,942.1514282226562
1262,150946,120.19256250139298,5.8256103515625,970.93505859375
1263,151066,118.3868955803873,5.741184448242188,956.8640747070312
1264,151186,119.53904062929041,5.79284765625,965.474609375
1265,151306,120.01317189595923,5.82004833984375,970.008056640625
1266,151426,111.27944876920255,5.41828857421875,903.048095703125
1267,151546,115.97636804725795,5.627400512695313,937.9000854492188
1268,151666,116.48730273731022,5.649958374023438,941.6597290039062
1269,151786,112.01885457618845,5.450777709960938,908.4629516601562
1270,151906,115.96262496634212,5.634406494140625,939.0677490234375
1271,152026,121.90630873864467,5.900521362304688,983.4202270507812
1272,152146,121.23536741263061,5.867464965820313,977.9108276367188
1273,152266,112.96982167565423,5.494455322265625,915.7425537109375
1274,152386,123.03516543125448,5.955671997070312,992.6119995117188
1275,152506,111.76365988171779,5.439526245117188,906.5877075195312
1276,152626,118.9021981907339,5.761383544921875,960.2305908203125
1277,152746,120.49653077707335,5.836246215820313,972.7077026367188
1278,152866,117.95295190403279,5.718381225585937,953.0635375976562
1279,152986,118.55261597247643,5.749746459960938,958.2910766601562
1280,153106,111.01592117502449,5.400132202148438,900.0220336914062
1281,153226,117.41495360734248,5.694689575195312,949.1149291992188
1282,153346,115.14469387709309,5.589472778320313,931.5787963867188
1283,153466,125.94039654789577,6.08631298828125,1014.385498046875
1284,153586,121.53949758357153,5.887071533203125,981.1785888671875
1285,153706,112.97582642084109,5.4903892822265625,915.0648803710938
1286,153826,118.77830898514401,5.755584594726563,959.2640991210938
1287,153946,115.34202145718652,5.598277954101563,933.0463256835938
1288,154066,116.16845639174402,5.63723876953125,939.539794921875
1289,154186,115.44248671701283,5.60598779296875,934.331298828125
1290,154306,116.85158370459507,5.669219604492188,944.8699340820312
1291,154426,120.74284098710616,5.848984497070313,974.8307495117188
1292,154546,118.28332149670712,5.737963989257812,956.3273315429688
1293,154666,117.76564791532738,5.713038208007813,952.1730346679688
1294,154786,116.6009037332976,5.656354614257813,942.7257690429688
1295,154906,121.79017221707969,5.8985654296875,983.09423828125
1296,155026,120.20919561774247,5.823413818359375,970.5689697265625
1297,155146,118.14980453239107,5.7252451171875,954.20751953125
1298,155266,117.6891781237771,5.70600439453125,951.000732421875
1299,155386,121.46029278637955,5.878022094726562,979.6703491210938
1300,155506,118.57329688830859,5.746641723632813,957.7736206054688
1301,155626,111.85930357244843,5.433916259765625,905.6527099609375
1302,155746,121.05767183869501,5.862584106445312,977.0973510742188
1303,155866,115.6020376085402,5.615325073242188,935.8875122070312
1304,155986,115.99259790820406,5.633326904296875,938.8878173828125
1305,156106,115.57532166826545,5.609601928710937,934.9336547851562
1306,156226,121.35258255183848,5.875893310546875,979.3155517578125
1307,156346,112.51643878257393,5.466617065429688,911.1028442382812
1308,156466,118.00546742188445,5.7195325927734375,953.2554321289062
1309,156586,117.41284144201867,5.694385620117187,949.0642700195312
1310,156706,119.7133757773029,5.801220703125,966.8701171875
1311,156826,117.43261533196343,5.694688842773438,949.1148071289062
1312,156946,119.85363566749908,5.803288696289062,967.2147827148438
1313,157066,120.67219496620294,5.84756396484375,974.593994140625
1314,157186,114.77197780216841,5.571065185546875,928.5108642578125
1315,157306,116.48810856991796,5.655589599609375,942.5982666015625
1316,157426,120.93379614352294,5.859123413085937,976.5205688476562
1317,157546,112.19141462956426,5.4590914306640625,909.8485717773438
1318,157666,118.7186159692391,5.755834716796875,959.3057861328125
1319,157786,118.67640864902125,5.752432250976563,958.7387084960938
1320,157906,114.27063251307757,5.550082397460938,925.0137329101562
1321,158026,122.79394399052919,5.942671508789062,990.4452514648438
1322,158146,115.6694868253463,5.616728393554688,936.1213989257812
1323,158266,114.59896854667612,5.56498974609375,927.498291015625
1324,158386,121.12666671008336,5.862955810546875,977.1593017578125
1325,158506,110.29536358784446,5.36943896484375,894.906494140625
1326,158626,114.62253897337364,5.56903271484375,928.172119140625
1327,158746,111.73566015756553,5.435133911132812,905.8556518554688
1328,158866,117.87481104340223,5.716392700195312,952.7321166992188
1329,158986,114.99829917012742,5.585353271484375,930.8922119140625
1330,159106,116.95411007570166,5.677500732421875,946.2501220703125
1331,159226,115.73511249223272,5.619406127929688,936.5676879882812
1332,159346,120.43207954363388,5.833885620117187,972.3142700195312
1333,159466,118.93242282945916,5.767327880859375,961.2213134765625
1334,159586,120.72103114935778,5.84899072265625,974.831787109375
1335,159706,120.89382802593114,5.858672973632813,976.4454956054688
1336,159826,122.39940433195076,5.924764892578125,987.4608154296875
1337,159946,115.71495463451679,5.613945556640625,935.6575927734375
1338,160066,121.03727460608081,5.856662109375,976.1103515625
1339,160186,115.08718512521726,5.5864072265625,931.06787109375
1340,160306,114.04880360716196,5.540378173828125,923.3963623046875
1341,160426,116.47237135559284,5.650306640625,941.7177734375
1342,160546,111.94441506071642,5.4466640625,907.77734375
1343,160666,111.79833151567387,5.43908203125,906.513671875
1344,160786,125.58214894693344,6.0658070068359375,1010.9678344726562
1345,160906,118.17030357321481,5.726932983398438,954.4888305664062
1346,161026,114.75099493534799,5.571810791015625,928.6351318359375
1347,161146,122.47017760857162,5.925778198242187,987.6296997070312
1348,161266,119.87540885950816,5.806878662109375,967.8131103515625
1349,161386,115.28458838480556,5.602268188476563,933.7113647460938
1350,161506,114.67986729599363,5.572874267578125,928.8123779296875
1351,161626,112.6151334762163,5.47372119140625,912.286865234375
1352,161746,123.74136779769964,5.987042724609375,997.8404541015625
1353,161866,120.46622897098058,5.832243530273438,972.0405883789062
1354,161986,122.64829791503965,5.935546508789063,989.2577514648438
1355,162106,113.2481166413913,5.506354614257813,917.7257690429688
1356,162226,118.71478878883745,5.753225830078125,958.8709716796875
1357,162346,114.7679831497201,5.575034545898437,929.1724243164062
1358,162466,119.47641881548128,5.791530395507812,965.2550659179688
1359,162586,112.87855682681536,5.484721435546875,914.1202392578125
1360,162706,117.56184612163797,5.70114111328125,950.190185546875
1361,162826,114.36056779238699,5.555873291015625,925.9788818359375
1362,162946,115.7512048479164,5.61826318359375,936.377197265625
1363,163066,118.81817704741049,5.756738891601563,959.4564819335938
1364,163186,112.51021501417883,5.472095581054687,912.0159301757812
1365,163306,129.90834327886884,6.26661181640625,1044.435302734375
1366,163426,121.61572778113421,5.88852099609375,981.420166015625
1367,163546,124.00291114772652,5.993809204101563,998.9682006835938
1368,163666,111.86362787615268,5.439206176757812,906.5343627929688
1369,163786,117.01984600458344,5.677999877929688,946.3333129882812
1370,163906,116.26068194857598,5.642615844726563,940.4359741210938
1371,164026,123.67672242533868,5.979105102539062,996.5175170898438
1372,164146,121.34894403927672,5.876067993164063,979.3446655273438
1373,164266,117.69407591811628,5.704036376953125,950.6727294921875
1374,164386,113.19904138867474,5.502911499023438,917.1519165039062
1375,164506,121.60163005435376,5.8915250244140625,981.9208374023438
1376,164626,117.07861337125624,5.683375122070313,947.2291870117188
1377,164746,119.86087216320428,5.811450073242187,968.5750122070312
1378,164866,117.85972817596061,5.718317138671875,953.0528564453125
1379,164986,120.47541025347756,5.832884033203125,972.1473388671875
1380,165106,118.77547182881715,5.762975830078125,960.4959716796875
1381,165226,111.57950396849834,5.426467529296875,904.4112548828125
1382,165346,124.69604804818711,6.029184814453125,1004.8641357421875
1383,165466,119.92702113571873,5.806033447265625,967.6722412109375
1384,165586,118.07222782744152,5.72822021484375,954.703369140625
1385,165706,111.10975397129633,5.4084580078125,901.40966796875
1386,165826,120.50831535783786,5.8350721435546875,972.5120239257812
1387,165946,116.1256591219881,5.63900244140625,939.833740234375
1388,166066,119.4602059065459,5.7890123291015625,964.8353881835938
1389,166186,123.14251475124021,5.95864453125,993.107421875
1390,166306,118.23219200530505,5.732255493164063,955.3759155273438
1391,166426,117.67512504244247,5.70376318359375,950.627197265625
1392,166546,111.74893991519725,5.433115356445312,905.5192260742188
1393,166666,117.44566993977207,5.691367309570312,948.5612182617188
1394,166786,120.78389232124643,5.85271435546875,975.452392578125
1395,166906,111.77102781106294,5.438629760742187,906.4382934570312
1396,167026,119.64280749299401,5.796889526367187,966.1482543945312
1397,167146,118.60738360829993,5.75231396484375,958.718994140625
1398,167266,113.19257255326006,5.500336303710937,916.7227172851562
1399,167386,128.4972219165114,6.204697265625,1034.1162109375
1400,167506,123.41180908156014,5.968982666015625,994.8304443359375
1401,167626,125.29841858262768,6.055379516601563,1009.2299194335938
1402,167746,119.0968148450515,5.774697875976562,962.4496459960938
1403,167866,111.15231029423295,5.40428759765625,900.714599609375
1404,167986,119.96260286830895,5.81193310546875,968.655517578125
1405,168106,119.99027237616966,5.81052392578125,968.420654296875
1406,168226,114.61277649058492,5.568829833984375,928.1383056640625
1407,168346,116.64729913033878,5.660304931640625,943.3841552734375
1408,168466,118.66447596775566,5.75554833984375,959.258056640625
1409,168586,124.12141666503575,6.003052734375,1000.5087890625
1410,168706,121.57976260698234,5.881732177734375,980.2886962890625
1411,168826,111.19247081893103,5.4122490234375,902.04150390625
1412,168946,117.69069987725096,5.707031616210937,951.1719360351562
1413,169066,118.42309519589482,5.740073364257812,956.6788940429688
1414,169186,117.90670445451576,5.718205078125,953.0341796875
1415,169306,114.99385363696156,5.581555297851563,930.2592163085938
1416,169426,114.99338314756679,5.579853515625,929.9755859375
1417,169546,117.23803487563609,5.690054077148438,948.3423461914062
1418,169666,121.22316641552385,5.8678212890625,977.97021484375
1419,169786,112.80869296162079,5.481653686523438,913.6089477539062
1420,169906,115.88154249188953,5.62630517578125,937.717529296875
1421,170026,117.73069119258496,5.710953369140625,951.8255615234375
1422,170146,122.32302981316147,5.913439453125,985.5732421875
1423,170266,112.32516965084956,5.46165234375,910.275390625
1424,170386,117.43309200252138,5.6924091796875,948.73486328125
1425,170506,121.54846329941968,5.880187133789063,980.0311889648438
1426,170626,120.29403654523296,5.828357666015625,971.3929443359375
1427,170746,123.43731988733104,5.9711220703125,995.18701171875
1428,170866,120.18281471330465,5.81910205078125,969.850341796875
1429,170986,111.16971482008964,5.406494750976562,901.0824584960938
1430,171106,114.39628885100045,5.5527103271484375,925.4517211914062
1431,171226,120.16819346169437,5.821412841796875,970.2354736328125
1432,171346,127.20401341086479,6.140630859375,1023.4384765625
1433,171466,119.36377564472494,5.78255419921875,963.759033203125
1434,171586,119.32321582064088,5.784084228515625,964.0140380859375
1435,171706,119.72238674588888,5.796681884765625,966.1136474609375
1436,171826,121.06057683732176,5.854090209960938,975.6817016601562
1437,171946,122.92797836164,5.939753540039063,989.9589233398438
1438,172066,115.70393217922178,5.61536279296875,935.893798828125
1439,172186,116.75245980136313,5.664859130859375,944.1431884765625
1440,172306,115.06462078866993,5.584114013671875,930.6856689453125
1441,172426,123.24674094639028,5.960147827148438,993.3579711914062
1442,172546,116.00535711906898,5.628791381835938,938.1318969726562
1443,172666,122.26703978581318,5.916719970703125,986.1199951171875
1444,172786,125.58116249256763,6.065787231445312,1010.9645385742188
1445,172906,115.98362365978603,5.624089233398437,937.3482055664062
1446,173026,126.23545315822255,6.09744287109375,1016.240478515625
1447,173146,123.533099684872,5.97118798828125,995.197998046875
1448,173266,118.75431117411247,5.75591455078125,959.319091796875
1449,173386,116.20049057166091,5.635476196289063,939.2460327148438
1450,173506,121.3955499973531,5.872663696289062,978.7772827148438
1451,173626,125.8245863651039,6.083502685546875,1013.9171142578125
1452,173746,114.05351445140899,5.535160766601562,922.5267944335938
1453,173866,121.96355636276387,5.906208984375,984.3681640625
1454,173986,119.45008154377703,5.787239135742188,964.5398559570312
1455,174106,119.82302853067168,5.797942016601563,966.3236694335938
1456,174226,115.29708805728077,5.5934425048828125,932.2404174804688
1457,174346,128.87802229965953,6.21363134765625,1035.605224609375
1458,174466,117.97639650710525,5.723303100585937,953.8838500976562
1459,174586,113.3452368772008,5.505276123046875,917.5460205078125
1460,174706,123.89274219450786,5.991262573242188,998.5437622070312
1461,174826,121.41814757966338,5.8774130859375,979.56884765625
1462,174946,116.9178409729044,5.667103271484375,944.5172119140625
1463,175066,116.81878568617299,5.665603271484375,944.2672119140625
1464,175186,127.42312746017302,6.152363525390625,1025.3939208984375
1465,175306,112.15479407618744,5.448112060546875,908.0186767578125
1466,175426,119.2700333762476,5.777719116210937,962.9531860351562
1467,175546,114.98815431593067,5.584278076171875,930.7130126953125
1468,175666,123.83847313147218,5.986022094726563,997.6703491210938
1469,175786,115.5771985580714,5.607060424804687,934.5100708007812
1470,175906,118.1228621619544,5.728850830078125,954.8084716796875
1471,176026,118.11047016638105,5.724423706054687,954.0706176757812
1472,176146,117.20388140244816,5.682157836914063,947.0263061523438
1473,176266,122.57316051402616,5.930926391601562,988.4877319335938
1474,176386,114.61299702821371,5.563388305664063,927.2313842773438
1475,176506,115.96006405058476,5.630703735351562,938.4506225585938
1476,176626,114.95649613201573,5.579652465820312,929.9420776367188
1477,176746,116.21089391402394,5.641321655273438,940.2202758789062
1478,176866,114.48911616326775,5.560435546875,926.7392578125
1479,176986,118.50406505583462,5.74475244140625,957.458740234375
1480,177106,119.80743643139307,5.801414428710937,966.9024047851562
1481,177226,123.59466632205394,5.973113159179688,995.5188598632812
1482,177346,116.50091379075384,5.645760131835938,940.9600219726562
1483,177466,115.9208774320863,5.6209522705078125,936.8253784179688
1484,177586,124.69579872618063,6.023783569335937,1003.9639282226562
1485,177706,120.27918107464178,5.828303833007812,971.3839721679688
1486,177826,126.20884572419001,6.099473876953125,1016.5789794921875
1487,177946,109.95595832410245,5.352181274414063,892.0302124023438
1488,178066,112.13197115789704,5.44986328125,908.310546875
1489,178186,125.06283265713861,6.044038330078125,1007.3397216796875
1490,178306,120.2415617492752,5.82045556640625,970.075927734375
1491,178426,121.37154264838547,5.870379638671875,978.3966064453125
1492,178546,121.37645828156528,5.875402221679687,979.2337036132812
1493,178666,115.10244496667885,5.587640625,931.2734375
1494,178786,124.38948321271394,6.01254052734375,1002.090087890625
1495,178906,112.8404299189348,5.48083740234375,913.472900390625
1496,179026,110.3118498005798,5.368225341796875,894.7042236328125
1497,179146,112.00127767998514,5.442283813476562,907.0473022460938
1498,179266,117.88839260406377,5.716772094726562,952.7953491210938
1499,179386,123.9964321873179,5.995561889648437,999.2603149414062
1500,179506,115.85569084665383,5.616790649414063,936.1317749023438
1501,179626,120.90031546188679,5.851430786132813,975.2384643554688
1502,179746,117.7994966608203,5.711467895507813,951.9113159179688
1503,179866,123.46614262085558,5.968222412109375,994.7037353515625
1504,179986,120.08990997327355,5.812131958007813,968.6886596679688
1505,180106,118.99866883350765,5.765405639648438,960.9009399414062
1506,180226,112.28445683589605,5.458362670898437,909.7271118164062
1507,180346,117.82744995872518,5.711372680664063,951.8954467773438
1508,180466,120.64842952825919,5.8454970703125,974.24951171875
1509,180586,114.9121971841349,5.577340942382812,929.5568237304688
1510,180706,118.78112217692205,5.7549609375,959.16015625
1511,180826,118.36661023472361,5.732859741210937,955.4766235351562
1512,180946,116.16201399365052,5.6309091796875,938.48486328125
1513,181066,118.32895402214336,5.7350859375,955.84765625
1514,181186,126.38420199128505,6.103584228515625,1017.2640380859375
1515,181306,119.15788716857259,5.773431884765625,962.2386474609375
1516,181426,111.59122072289352,5.425102294921875,904.1837158203125
1517,181546,125.78589039886722,6.076090209960937,1012.6817016601562
1518,181666,120.93743499637993,5.851219848632812,975.2033081054688
1519,181786,118.70505234899349,5.751526245117187,958.5877075195312
1520,181906,116.06047301322994,5.626298950195313,937.7164916992188
1521,182026,122.16483085572361,5.907973754882812,984.6622924804688
1522,182146,118.38139148186063,5.7348306884765625,955.8051147460938
1523,182266,115.41211030911042,5.598235107421875,933.0391845703125
1524,182386,122.35599934247303,5.919926147460938,986.6543579101562
1525,182506,120.13644493116344,5.814913330078125,969.1522216796875
1526,182626,115.78888538519251,5.614184692382812,935.6974487304688
1527,182746,115.81804118538943,5.618274169921875,936.3790283203125
1528,182866,120.87340127480212,5.852212646484375,975.3687744140625
1529,182986,127.67434819503734,6.16387060546875,1027.311767578125
1530,183106,115.58662299635567,5.608314697265625,934.7191162109375
1531,183226,118.30781770866648,5.732060302734375,955.3433837890625
1532,183346,120.1815557987199,5.8150869140625,969.18115234375
1533,183466,118.8543790085952,5.75546044921875,959.243408203125
1534,183586,123.47432357523897,5.964445678710938,994.0742797851562
1535,183706,111.70335785681095,5.43177099609375,905.295166015625
1536,183826,118.84277255373547,5.760150512695312,960.0250854492188
1537,183946,120.18033522893107,5.8177598876953125,969.6266479492188
1538,184066,118.34152391247106,5.731400024414063,955.2333374023438
1539,184186,117.60340415696808,5.699782836914062,949.9638061523438
1540,184306,112.45701939061695,5.465451049804687,910.9085083007812
1541,184426,122.06636587664345,5.9065576171875,984.42626953125
1542,184546,121.38178171816895,5.871926147460938,978.6543579101562
1543,184666,116.50346530277464,5.646700561523438,941.1167602539062
1544,184786,119.57659918495631,5.7938583984375,965.64306640625
1545,184906,117.85230052754372,5.7083056640625,951.38427734375
1546,185026,117.88874686590079,5.710822265625,951.8037109375
1547,185146,112.93714116148696,5.484928344726563,914.1547241210938
1548,185266,122.45201957546118,5.922197387695313,987.0328979492188
1549,185386,114.60259193546284,5.5586513671875,926.44189453125
1550,185506,121.14771650038561,5.856008056640625,976.0013427734375
1551,185626,123.49701942829059,5.966769287109375,994.4615478515625
1552,185746,116.63794223197546,5.650597045898437,941.7661743164062
1553,185866,120.44022602927933,5.82943505859375,971.572509765625
1554,185986,122.57922054988595,5.925507934570312,987.5846557617188
1555,186106,123.1646024487116,5.957456909179688,992.9094848632812
1556,186226,116.43581335831466,5.64943212890625,941.572021484375
1557,186346,123.0408083196774,5.9514268798828125,991.9044799804688
1558,186466,112.76092650233107,5.476428955078125,912.7381591796875
1559,186586,123.93185497983688,5.9883046875,998.05078125
1560,186706,121.78839665486414,5.89339599609375,982.232666015625
1561,186826,121.02323805566338,5.857434814453125,976.2391357421875
1562,186946,115.59157075360537,5.608812744140625,934.8021240234375
1563,187066,119.75211307570935,5.795378173828125,965.8963623046875
1564,187186,121.80014567333512,5.891339721679688,981.8899536132812
1565,187306,118.60576919699746,5.74674609375,957.791015625
1566,187426,121.17140476161214,5.863670288085937,977.2783813476562
1567,187546,116.31806098961354,5.639021118164062,939.8368530273438
1568,187666,115.8281919674844,5.617370361328125,936.2283935546875
1569,187786,122.15487269912853,5.9081806640625,984.69677734375
1570,187906,121.1539533803111,5.859146484375,976.5244140625
1571,188026,123.98640805492333,5.990671508789062,998.4452514648438
1572,188146,115.84626935908761,5.62374169921875,937.290283203125
1573,188266,118.65599156665343,5.746509155273437,957.7515258789062
1574,188386,122.49739037741661,5.9257745361328125,987.6290893554688
1575,188506,117.04436441459023,5.672827880859375,945.4713134765625
1576,188626,122.51251753521191,5.928042114257813,988.0070190429688
1577,188746,124.87665554229672,6.034047729492188,1005.6746215820312
1578,188866,116.21386709120259,5.63776025390625,939.626708984375
1579,188986,123.13072379672037,5.951249267578125,991.8748779296875
1580,189106,116.13284526117118,5.634562133789062,939.0936889648438
1581,189226,120.23207606009771,5.820920288085937,970.1533813476562
1582,189346,118.77488070543552,5.756928588867187,959.4880981445312
1583,189466,114.15670617326317,5.54307421875,923.845703125
1584,189586,115.20990335442201,5.587503295898437,931.2505493164062
1585,189706,117.59837216074334,5.699945434570313,949.9909057617188
1586,189826,122.47216176626536,5.9236435546875,987.27392578125
1587,189946,121.03842937985185,5.853645629882813,975.6076049804688
1588,190066,111.1945142726517,5.406754760742188,901.1257934570312
1589,190186,123.91872519849692,5.993655029296875,998.9425048828125
1590,190306,115.08333629457564,5.584293823242188,930.7156372070312
1591,190426,120.69246437711098,5.843371948242187,973.8953247070312
1592,190546,118.8230564646672,5.75709814453125,959.516357421875
1593,190666,115.59253072770852,5.6058892822265625,934.3148803710938
1594,190786,126.50069639931468,6.1128017578125,1018.80029296875
1595,190906,121.33286174183908,5.870549926757812,978.4249877929688
1596,191026,117.45496988263267,5.6942255859375,949.03759765625
1597,191146,116.08564339552096,5.632651977539062,938.7753295898438
1598,191266,116.58239953570177,5.650270385742187,941.7117309570312
1599,191386,121.8722158878416,5.898922485351562,983.1537475585938
1600,191506,119.80982995281514,5.802715576171875,967.1192626953125
1601,191626,122.27044076023276,5.91726708984375,986.211181640625
1602,191746,120.17867982776787,5.819619140625,969.9365234375
1603,191866,111.52074994931228,5.417678100585937,902.9463500976562
1604,191986,115.33389269879304,5.595877807617187,932.6463012695312
1605,192106,118.10611013161875,5.7212677001953125,953.5446166992188
1606,192226,117.27813657110542,5.6890986328125,948.18310546875
1607,192346,123.73374227301531,5.983020263671875,997.1700439453125
1608,192466,116.78931574120894,5.65757373046875,942.928955078125
1609,192586,117.91569886964311,5.711037963867187,951.8396606445312
1610,192706,113.89706269709883,5.5322069091796875,922.0344848632812
1611,192826,125.00235531258868,6.043645751953125,1007.2742919921875
1612,192946,128.07411145027407,6.18026806640625,1030.044677734375
1613,193066,125.61291535544817,6.065350708007813,1010.8917846679688
1614,193186,122.89659175550278,5.945703369140625,990.9505615234375
1615,193306,121.06090416477764,5.858612915039062,976.4354858398438
1616,193426,121.23576301263239,5.869677612304687,978.2796020507812
1617,193546,114.61694622335308,5.561206787109375,926.8677978515625
1618,193666,120.14542032609626,5.8168707275390625,969.4784545898438
1619,193786,120.35141928047693,5.82656396484375,971.093994140625
1620,193906,119.3458390264776,5.783379638671875,963.8966064453125
1621,194026,120.18818556763682,5.813726806640625,968.9544677734375
1622,194146,112.05851353530855,5.443881958007813,907.3136596679688
1623,194266,122.30345140650498,5.917739135742187,986.2898559570312
1624,194386,116.0328381290227,5.628419677734375,938.0699462890625
1625,194506,123.95975378540906,5.993953125,998.9921875
1626,194626,111.34103490337414,5.411348876953125,901.8914794921875
1627,194746,125.75650721547082,6.074962646484375,1012.4937744140625
1628,194866,124.19399799781496,6.004840576171875,1000.8067626953125
1629,194986,119.1739240582501,5.771715454101562,961.9525756835938
1630,195106,113.87980750985221,5.5322783203125,922.04638671875
1631,195226,119.37568335486621,5.780887573242188,963.4812622070312
1632,195346,129.31807781375807,6.23676416015625,1039.460693359375
1633,195466,120.2364102555511,5.818976806640625,969.8294677734375
1634,195586,117.98263049501932,5.720193237304687,953.3655395507812
1635,195706,108.18461142098809,5.26844970703125,878.074951171875
1636,195826,120.50736777905345,5.830698120117187,971.7830200195312
1637,195946,122.42961753027535,5.922197387695313,987.0328979492188
1638,196066,121.49125151771686,5.885297973632812,980.8829956054688
1639,196186,121.3364678048082,5.872599609375,978.7666015625
1640,196306,119.49448897392642,5.789902221679688,964.9837036132812
1641,196426,115.78058714743804,5.617701416015625,936.2835693359375
1642,196546,118.1662380273653,5.727803466796875,954.6339111328125
1643,196666,117.64039901956868,5.70475048828125,950.791748046875
1644,196786,118.40903311925227,5.741297241210938,956.8828735351562
1645,196906,126.84295639005258,6.124115844726562,1020.6859741210938
1646,197026,126.17627089778868,6.093020874023438,1015.5034790039062
1647,197146,118.08802813993782,5.720414428710938,953.4024047851562
1648,197266,122.501298671772,5.92686328125,987.810546875
1649,197386,121.19098968580481,5.86851123046875,978.085205078125
1650,197506,118.25103596197289,5.729318481445312,954.8864135742188
1651,197626,123.05330821688591,5.951827514648437,991.9712524414062
1652,197746,124.11104015608426,5.998307373046875,999.7178955078125
1653,197866,118.02070349357268,5.721932006835938,953.6553344726562
1654,197986,119.10776139203611,5.765236450195313,960.8727416992188
1655,198106,116.99788559783825,5.673797973632812,945.6329956054688
1656,198226,120.49280534339144,5.8314404296875,971.90673828125
1657,198346,113.99671039103806,5.533695922851562,922.2826538085938
1658,198466,124.14651013255124,6.003214233398437,1000.5357055664062
1659,198586,123.05252194424276,5.950381713867188,991.7302856445312
1660,198706,118.0300864222864,5.721126342773437,953.5210571289062
1661,198826,116.82966055945207,5.665859985351562,944.3099975585938
1662,198946,122.53932641077141,5.932714233398437,988.7857055664062
1663,199066,123.35100302543518,5.967286743164062,994.5477905273438
1664,199186,122.66565259360894,5.931816650390625,988.6361083984375
1665,199306,119.85950537447336,5.808384521484375,968.0640869140625
1666,199426,119.68773064832749,5.7961270751953125,966.0211791992188
1667,199546,120.54469513505862,5.837524291992188,972.9207153320312
1668,199666,121.26015954272707,5.87340234375,978.900390625
1669,199786,120.05430596529108,5.8128603515625,968.81005859375
1670,199906,120.73016367883594,5.840577758789062,973.4296264648438
1671,200026,116.20307678219429,5.632367797851563,938.7279663085938
1672,200146,119.89179647529934,5.808187866210938,968.0313110351562
1673,200266,124.61284210287295,6.021702392578125,1003.6170654296875
1674,200386,118.5784739008479,5.747834106445312,957.9723510742188
1675,200506,119.51621266938875,5.790797973632812,965.1329956054688
1676,200626,122.1258280834256,5.90783935546875,984.639892578125
1677,200746,120.13832674809396,5.8194169921875,969.90283203125
1678,200866,121.6074207976325,5.88276123046875,980.460205078125
1679,200986,119.68577341128416,5.7975087890625,966.25146484375
1680,201106,119.11499258861673,5.770147705078125,961.6912841796875
1681,201226,115.30712943060131,5.594610717773437,932.4351196289062
1682,201346,128.37990224745718,6.196956298828125,1032.8260498046875
1683,201466,117.83238653602635,5.712756591796875,952.1260986328125
1684,201586,119.55979637733157,5.788576171875,964.7626953125
1685,201706,118.53103466834006,5.741036865234375,956.8394775390625
1686,201826,115.11590587625399,5.590381713867187,931.7302856445312
1687,201946,124.4435899061266,6.018754028320313,1003.1256713867188
1688,202066,122.08148174245831,5.911796997070312,985.2994995117188
1689,202186,113.58483003337265,5.51715234375,919.525390625
1690,202306,120.23803271444667,5.821682739257812,970.2804565429688
1691,202426,125.4634296105892,6.06561767578125,1010.936279296875
1692,202546,119.45899742554039,5.786023315429688,964.3372192382812
1693,202666,121.32537635411036,5.873389526367188,978.8982543945312
1694,202786,121.11021069224773,5.859789184570312,976.6315307617188
1695,202906,122.48137971047265,5.924221069335937,987.3701782226562
1696,203026,114.91128305286209,5.574388916015625,929.0648193359375
1697,203146,114.06374193231511,5.538084228515625,923.0140380859375
1698,203266,123.91656213150154,5.994036254882812,999.0060424804688
1699,203386,122.32704011221227,5.918206787109375,986.3677978515625
1700,203506,115.81014261152863,5.619187866210938,936.5313110351562
1701,203626,120.51633110046663,5.83956591796875,973.260986328125
1702,203746,119.57464010580827,5.79149560546875,965.249267578125
1703,203866,116.23826091878449,5.6359669189453125,939.3278198242188
1704,203986,117.81931564697288,5.712270263671875,952.0450439453125
1705,204106,115.08424898459944,5.581947143554688,930.3245239257812
1706,204226,115.71421468007122,5.616693969726563,936.1156616210938
1707,204346,124.93001280901323,6.040775390625,1006.7958984375
1708,204466,120.35933490597492,5.82801416015625,971.335693359375
1709,204586,115.400179092336,5.601790649414062,933.6317749023438
1710,204706,117.7071682646629,5.708658325195312,951.4430541992188
1711,204826,123.05389108010408,5.95250244140625,992.083740234375
1712,204946,118.61447674837684,5.7459913330078125,957.6652221679688
1713,205066,119.29908372809824,5.77376806640625,962.294677734375
1714,205186,124.25861107884435,6.006140991210938,1001.0234985351562
1715,205306,121.04115062872528,5.860137084960938,976.6895141601562
1716,205426,122.3349434242978,5.921694946289063,986.9491577148438
1717,205546,122.67384234621761,5.929313598632812,988.2189331054688
1718,205666,123.0455986286684,5.950479125976562,991.7465209960938
1719,205786,117.05189859302723,5.67610986328125,946.018310546875
1720,205906,115.0951378074239,5.580494384765625,930.0823974609375
1721,206026,119.44138407352851,5.787611572265625,964.6019287109375
1722,206146,121.39726818309873,5.879848388671875,979.9747314453125
1723,206266,119.19924012080286,5.772119018554688,962.0198364257812
1724,206386,121.37594862169183,5.875977172851562,979.3295288085938
1725,206506,122.64947819036333,5.935940551757812,989.3234252929688
1726,206626,118.63068439614673,5.749172607421875,958.1954345703125
1727,206746,124.76295117345676,6.030518188476562,1005.0863647460938
1728,206866,118.24911395473596,5.73305859375,955.509765625
1729,206986,121.6127247166535,5.88813720703125,981.356201171875
1730,207106,116.37741134001563,5.646399169921875,941.0665283203125
1731,207226,121.92193809024337,5.901195922851563,983.5326538085938
1732,207346,114.17100641596099,5.544655883789063,924.1093139648438
1733,207466,125.96775061724038,6.085354248046875,1014.2257080078125
1734,207586,123.42514586814418,5.970167358398437,995.0278930664062
1735,207706,124.26781780101089,6.003919189453125,1000.6531982421875
1736,207826,124.86382581234747,6.03268212890625,1005.447021484375
1737,207946,121.26424207969265,5.865979248046875,977.6632080078125
1738,208066,116.50141288768172,5.6467525634765625,941.1254272460938
1739,208186,121.84311601980808,5.895147216796875,982.5245361328125
1740,208306,117.46402120899072,5.6949697265625,949.16162109375
1741,208426,123.7478135532003,5.9845426025390625,997.4237670898438
1742,208546,125.38119078505483,6.05720654296875,1009.534423828125
1743,208666,121.37883309392404,5.873289184570313,978.8815307617188
1744,208786,123.69727291056086,5.986724487304688,997.7874145507812
1745,208906,124.15792658329713,5.999200927734375,999.8668212890625
1746,209026,120.04766310527782,5.818739501953125,969.7899169921875
1747,209146,125.4766759921267,6.06290771484375,1010.484619140625
1748,209266,122.35718233505592,5.9199814453125,986.66357421875
1749,209386,121.6271263856298,5.88646875,981.078125
1750,209506,120.57726446710731,5.835061157226563,972.5101928710938
1751,209626,123.3097553488471,5.960566040039063,993.4276733398438
1752,209746,122.57550538901897,5.933443725585938,988.9072875976562
1753,209866,113.20380688513971,5.498221069335938,916.3701782226562
1754,209986,126.33578360478927,6.1042880859375,1017.38134765625
1755,210106,132.23641817853078,6.3740888671875,1062.34814453125
1756,210226,117.61351970872613,5.701547607421875,950.2579345703125
1757,210346,116.56751023784356,5.658177612304687,943.0296020507812
1758,210466,123.20704095794261,5.961240234375,993.5400390625
1759,210586,121.7392382691053,5.894981689453125,982.4969482421875
1760,210706,122.8102660826194,5.941249145507813,990.2081909179688
1761,210826,122.81947601233622,5.938878295898437,989.8130493164062
1762,210946,118.2502278374583,5.733689208984375,955.6148681640625
1763,211066,118.9412868572395,5.76086572265625,960.144287109375
1764,211186,116.20098693695279,5.6377470703125,939.62451171875
1765,211306,122.20730611311458,5.914175903320312,985.6959838867188
1766,211426,126.77991446041966,6.1220888671875,1020.34814453125
1767,211546,120.8211890379134,5.847325927734375,974.5543212890625
1768,211666,113.17259645738798,5.495919799804687,915.9866333007812
1769,211786,122.34727565321224,5.919638671875,986.6064453125
1770,211906,116.34254088819061,5.6441063232421875,940.6843872070312
1771,212026,119.42417402133592,5.785856689453125,964.3094482421875
1772,212146,116.41326458007786,5.644761474609375,940.7935791015625
1773,212266,118.41017336808777,5.736339111328125,956.0565185546875
1774,212386,124.67635074254258,6.023942138671875,1003.9903564453125
1775,212506,114.51166503001876,5.559806762695312,926.6344604492188
1776,212626,121.77120068606246,5.88880810546875,981.468017578125
1777,212746,126.97316125590261,6.13474658203125,1022.457763671875
1778,212866,122.60499232023516,5.9320960693359375,988.6826782226562
1779,212986,127.51499754413925,6.156548583984375,1026.0914306640625
1780,213106,121.05939520685241,5.860130493164062,976.6884155273438
1781,213226,119.96868796319588,5.8115771484375,968.59619140625
1782,213346,115.84224943324664,5.6202198486328125,936.7033081054688
1783,213466,122.12134986554335,5.905862915039062,984.3104858398438
1784,213586,122.98534706174138,5.952049438476562,992.0082397460938
1785,213706,119.989782978085,5.8118221435546875,968.6370239257812
1786,213826,122.58284557194162,5.927933349609375,987.9888916015625
1787,213946,115.93833230447058,5.626751586914063,937.7919311523438
1788,214066,114.32183269283095,5.551082885742187,925.1804809570312
1789,214186,121.30193335427234,5.870428344726562,978.4047241210938
1790,214306,116.42211677964062,5.64596337890625,940.993896484375
1791,214426,122.01966132614301,5.9053798828125,984.22998046875
1792,214546,117.01727034623335,5.67375439453125,945.625732421875
1793,214666,123.55568646514111,5.973498046875,995.5830078125
1794,214786,123.9911139873197,5.997666137695313,999.6110229492188
1795,214906,123.18006074778975,5.958901611328125,993.1502685546875
1796,215026,122.78185681537246,5.936331298828125,989.3885498046875
1797,215146,118.04193734499555,5.7241640625,954.02734375
1798,215266,122.14070824361109,5.909300170898438,984.8833618164062
1799,215386,118.0602284799127,5.724252685546875,954.0421142578125
1800,215506,120.75441006486189,5.849756469726563,974.9594116210938
1801,215626,127.21750770816183,6.14249267578125,1023.748779296875
1802,215746,122.96495751679494,5.947383178710938,991.2305297851562
1803,215866,121.9337182210602,5.89902099609375,983.170166015625
1804,215986,117.77353229206966,5.710915649414063,951.8192749023438
1805,216106,117.09457301872447,5.675628662109375,945.9381103515625
1806,216226,122.46581432139028,5.924880615234375,987.4801025390625
1807,216346,122.61484025629252,5.92768798828125,987.947998046875
1808,216466,121.91964163856524,5.903189575195312,983.8649291992188
1809,216586,121.75512046590993,5.89133349609375,981.888916015625
1810,216706,120.83997108719335,5.85113818359375,975.189697265625
1811,216826,123.63641275747844,5.9766822509765625,996.1137084960938
1812,216946,121.20501689546629,5.866115478515625,977.6859130859375
1813,217066,123.26292780506694,5.96161962890625,993.603271484375
1814,217186,120.05261554174861,5.814745971679687,969.1243286132812
1815,217306,126.0585590319151,6.085805786132813,1014.3009643554688
1816,217426,121.86402851097483,5.896965087890625,982.8275146484375
1817,217546,126.29217791014706,6.09690234375,1016.150390625
1818,217666,123.04685364370599,5.952949584960938,992.1582641601562
1819,217786,122.44311162501043,5.923161254882812,987.1935424804688
1820,217906,108.45205858394439,5.276549926757813,879.4249877929688
1821,218026,128.89298115737674,6.2190703125,1036.51171875
1822,218146,126.78402293780685,6.122266479492188,1020.3777465820312
1823,218266,124.89502686441062,6.035182983398437,1005.8638305664062
1824,218386,114.32265899057464,5.551721557617188,925.2869262695312
1825,218506,118.65381428937863,5.74587744140625,957.646240234375
1826,218626,111.50747231065402,5.419358276367188,903.2263793945312
1827,218746,118.6751665671508,5.748933837890625,958.1556396484375
1828,218866,118.43974006911716,5.736288940429687,956.0481567382812
1829,218986,117.65078058138596,5.700957641601563,950.1596069335938
1830,219106,118.42370413964457,5.735776611328125,955.9627685546875
1831,219226,123.70960904850288,5.975943603515625,995.9906005859375
1832,219346,124.55360743998493,6.016756713867188,1002.7927856445312
1833,219466,119.95904564779488,5.807986450195313,967.9977416992188
1834,219586,123.45476275562126,5.966719848632812,994.4533081054688
1835,219706,117.23418089852764,5.6831597900390625,947.1932983398438
1836,219826,113.93049770105343,5.536587524414062,922.7645874023438
1837,219946,117.51978309236598,5.69343310546875,948.905517578125
1838,220066,124.48683217665807,6.017128051757813,1002.8546752929688
1839,220186,114.81269535763354,5.572037841796875,928.6729736328125
1840,220306,124.40716549163517,6.017300903320312,1002.8834838867188
1841,220426,114.9345418399097,5.580147583007813,930.0245971679688
1842,220546,109.87907810645825,5.3482412109375,891.37353515625
1843,220666,121.18193837364406,5.861005004882813,976.8341674804688
1844,220786,117.8029241394844,5.70930029296875,951.550048828125
1845,220906,108.85892892801398,5.299141479492188,883.1902465820312
1846,221026,123.84664961907623,5.988560302734375,998.0933837890625
1847,221146,124.04238952191838,5.9967191162109375,999.4531860351562
1848,221266,124.60702897814032,6.021746704101562,1003.6244506835938
1849,221386,119.06604450738,5.767329711914062,961.2216186523438
1850,221506,118.01915083268725,5.716988891601562,952.8314819335938
1851,221626,117.02409824967872,5.66752587890625,944.587646484375
1852,221746,118.71242396173017,5.745365844726562,957.5609741210938
1853,221866,120.29446860710291,5.823561767578125,970.5936279296875
1854,221986,112.2480635715544,5.454026000976563,909.0043334960938
1855,222106,119.64480618277118,5.797815307617188,966.3025512695312
1856,222226,117.20692112118195,5.677634033203125,946.2723388671875
1857,222346,124.27410271836303,6.00092431640625,1000.154052734375
1858,222466,116.20034514014276,5.634236572265625,939.0394287109375
1859,222586,123.57447015900934,5.972942504882813,995.4904174804688
1860,222706,126.87686705341858,6.121447631835937,1020.2412719726562
1861,222826,122.284823427488,5.912151123046875,985.3585205078125
1862,222946,126.48969739221737,6.109233032226562,1018.2055053710938
1863,223066,121.90955783756552,5.89621728515625,982.702880859375
1864,223186,123.65113034360601,5.977870239257813,996.3117065429688
1865,223306,117.68614221228378,5.706050903320312,951.0084838867188
1866,223426,124.9794805533889,6.037527465820313,1006.2545776367188
1867,223546,121.53395830431873,5.876834106445313,979.4723510742188
1868,223666,128.4265777045896,6.19233984375,1032.056640625
1869,223786,115.54506648732917,5.605626708984375,934.2711181640625
1870,223906,125.14841962422801,6.04728369140625,1007.880615234375
1871,224026,114.65472450775715,5.563083618164063,927.1806030273438
1872,224146,117.72947537059365,5.704707275390625,950.7845458984375
1873,224266,121.08433943445063,5.856524047851562,976.0873413085938
1874,224386,123.96943543870024,5.992389404296875,998.7315673828125
1875,224506,112.6271279699481,5.470641723632813,911.7736206054688
1876,224626,118.12043271050159,5.722500366210937,953.7500610351562
1877,224746,117.85760292440949,5.704453857421875,950.7423095703125
1878,224866,122.08490204289811,5.905331909179687,984.2219848632812
1879,224986,117.201686176689,5.677558227539063,946.2597045898438
1880,225106,116.12967290037125,5.6327548828125,938.79248046875
1881,225226,125.85486102879898,6.075880737304687,1012.6467895507812
1882,225346,118.85396983587516,5.755406616210937,959.2344360351562
1883,225466,127.63778843757117,6.1593603515625,1026.56005859375
1884,225586,120.41541086129676,5.82507421875,970.845703125
1885,225706,116.57784896586969,5.647682373046875,941.2803955078125
1886,225826,126.90569798060181,6.12501123046875,1020.835205078125
1887,225946,119.06891414436964,5.768399047851562,961.3998413085938
1888,226066,121.08987166603795,5.853242431640625,975.5404052734375
1889,226186,123.57411300125722,5.970807495117188,995.1345825195312
1890,226306,122.8860825082617,5.940901611328125,990.1502685546875
1891,226426,124.01193497777084,5.994894287109375,999.1490478515625
1892,226546,126.0483160861518,6.083691284179688,1013.9485473632812
1893,226666,117.66662972292875,5.697778564453125,949.6297607421875
1894,226786,116.13901992275551,5.630513305664063,938.4188842773438
1895,226906,124.68576116676066,6.02207958984375,1003.679931640625
1896,227026,116.73013621102638,5.657400146484375,942.9000244140625
1897,227146,122.0523739173222,5.90118896484375,983.531494140625
1898,227266,120.05808549568407,5.809597412109375,968.2662353515625
1899,227386,122.71187208418371,5.931754028320312,988.6256713867188
1900,227506,117.90046877157769,5.715939331054687,952.6565551757812
1901,227626,129.4538910655373,6.2435361328125,1040.58935546875
1902,227746,125.09390338406155,6.0411650390625,1006.86083984375
1903,227866,124.57999053901182,6.021484130859375,1003.5806884765625
1904,227986,129.5179473669815,6.24442236328125,1040.737060546875
1905,228106,125.78950049186938,6.077283325195313,1012.8805541992188
1906,228226,116.06621884285656,5.6317705078125,938.62841796875
1907,228346,123.36656615420242,5.967251953125,994.5419921875
1908,228466,122.79858221601687,5.93807958984375,989.679931640625
1909,228586,120.5058142216529,5.829139892578125,971.5233154296875
1910,228706,120.62062081523825,5.83669482421875,972.782470703125
1911,228826,122.48797604896542,5.919419677734375,986.5699462890625
1912,228946,124.20895129512711,6.002705932617188,1000.4509887695312
1913,229066,115.1902106791878,5.588083374023437,931.3472290039062
1914,229186,124.97849152420243,6.040267822265625,1006.7113037109375
1915,229306,125.79223751222693,6.076734741210937,1012.7891235351562
1916,229426,118.00466141651424,5.721800170898438,953.6333618164062
1917,229546,117.87962234396036,5.71001220703125,951.668701171875
1918,229666,121.61412222027315,5.881048828125,980.1748046875
1919,229786,113.58689089145052,5.518877563476562,919.8129272460938
1920,229906,122.37214334180234,5.919062255859375,986.5103759765625
1921,230026,119.94154876794167,5.807255126953125,967.8758544921875
1922,230146,120.82208365661907,5.850354125976563,975.0590209960938
1923,230266,116.58902952083677,5.652036987304688,942.0061645507812
1924,230386,124.03750089484899,5.993990478515625,998.9984130859375
1925,230506,120.63556080631082,5.840619506835938,973.4365844726562
1926,230626,120.57368303063356,5.8375341796875,972.92236328125
1927,230746,117.36814747649348,5.690021118164062,948.3368530273438
1928,230866,125.47671853223797,6.0638818359375,1010.64697265625
1929,230986,116.04654244696272,5.628932373046875,938.1553955078125
1930,231106,126.27566621226592,6.09947314453125,1016.578857421875
1931,231226,117.61181649758802,5.702806274414063,950.4677124023438
1932,231346,114.32060402302207,5.549389892578125,924.8983154296875
1933,231466,122.41595190691848,5.920585327148437,986.7642211914062
1934,231586,123.09612397542674,5.9510771484375,991.84619140625
1935,231706,122.74361147003155,5.9380909423828125,989.6818237304688
1936,231826,115.18380553803652,5.590808715820312,931.8014526367188
1937,231946,113.32366284815303,5.506246215820313,917.7077026367188
1938,232066,117.85934745439917,5.713647583007813,952.2745971679688
1939,232186,122.67726754542329,5.933471557617188,988.9119262695312
1940,232306,120.49731105069796,5.829750366210938,971.6250610351562
1941,232426,113.71917497330145,5.5243095703125,920.71826171875
1942,232546,124.07966336762277,5.9969443359375,999.49072265625
1943,232666,127.25707164092631,6.147460693359375,1024.5767822265625
1944,232786,123.28559206846104,5.965134887695313,994.1891479492188
1945,232906,127.03351909375763,6.129360717773437,1021.5601196289062
1946,233026,122.03720629504545,5.90710400390625,984.517333984375
1947,233146,116.6554165531544,5.6591341552734375,943.1890258789062
1948,233266,118.2548882324119,5.73270849609375,955.451416015625
1949,233386,125.63593022274355,6.068478515625,1011.4130859375
1950,233506,118.82340673458738,5.755105590820312,959.1842651367188
1951,233626,115.67072862697927,5.612877685546875,935.4796142578125
1952,233746,118.65826273679684,5.750284790039062,958.3807983398438
1953,233866,117.098767271164,5.680891479492187,946.8152465820312
1954,233986,122.64741530631754,5.933630493164062,988.9384155273438
1955,234106,124.50157886889198,6.018266235351563,1003.0443725585938
1956,234226,122.2097513452322,5.9123294677734375,985.3882446289062
1957,234346,121.37554178395462,5.877186767578125,979.5311279296875
1958,234466,117.46642008500888,5.697114624023437,949.5191040039062
1959,234586,118.78185212333953,5.7586907958984375,959.7817993164062
1960,234706,117.44838998027322,5.695301879882813,949.2169799804688
1961,234826,115.11380694699854,5.587429321289062,931.2382202148438
1962,234946,121.16513341483213,5.863883422851562,977.3139038085938
1963,235066,120.08483471493912,5.81785693359375,969.642822265625
1964,235186,122.8767284141434,5.942071655273438,990.3452758789062
1965,235306,125.66012220984595,6.06973095703125,1011.621826171875
1966,235426,125.55912389181105,6.06908056640625,1011.513427734375
1967,235546,119.95089713946753,5.808438720703125,968.0731201171875
1968,235666,121.01891371198121,5.863845336914062,977.3075561523438
1969,235786,121.70861965448209,5.8936439208984375,982.2739868164062
1970,235906,126.25464410369182,6.0982646484375,1016.37744140625
1971,236026,120.46978199671895,5.837606323242188,972.9343872070312
1972,236146,119.75066571239611,5.803311767578125,967.2186279296875
1973,236266,124.55365443514236,6.022166381835937,1003.6943969726562
1974,236386,123.25621869201204,5.958469482421875,993.0782470703125
1975,236506,123.67228459274027,5.980981567382813,996.8302612304688
1976,236626,117.08976262380898,5.680241088867188,946.7068481445312
1977,236746,116.98126500568225,5.67621240234375,946.035400390625
1978,236866,125.69284856759762,6.078714111328125,1013.1190185546875
1979,236986,126.62701899904025,6.115607666015625,1019.2679443359375
1980,237106,117.13917425009538,5.678504150390625,946.4173583984375
1981,237226,121.68573406455447,5.889779663085937,981.6299438476562
1982,237346,120.80205752747263,5.851382080078125,975.2303466796875
1983,237466,115.02670030988583,5.581239990234375,930.2066650390625
1984,237586,126.85694637410296,6.126386352539063,1021.0643920898438
1985,237706,108.86332033658829,5.303976196289063,883.9960327148438
1986,237826,121.28598103964839,5.869620483398437,978.2700805664062
1987,237946,116.94476109688601,5.669436767578125,944.9061279296875
1988,238066,118.05319056730355,5.722123901367188,953.6873168945312
1989,238186,122.80169763643443,5.941049560546875,990.1749267578125
1990,238306,110.68405764540513,5.38502197265625,897.503662109375
1991,238426,118.4486773031596,5.740049926757813,956.6749877929688
1992,238546,121.8476244453608,5.897431274414062,982.9052124023438
1993,238666,122.62561812044765,5.930896728515625,988.4827880859375
1994,238786,122.02661186733161,5.905030517578125,984.1717529296875
1995,238906,113.567345884199,5.516409301757813,919.4015502929688
1996,239026,117.09420869238768,5.680033813476562,946.6723022460938
1997,239146,125.5063476287014,6.067326416015625,1011.2210693359375
1998,239266,118.5451856493961,5.746276611328125,957.7127685546875
1999,239386,122.89799737999383,5.94695947265625,991.159912109375
2000,239506,119.50637847359542,5.78914599609375,964.857666015625
2001,239626,121.45993374356773,5.877729125976563,979.6215209960938
2002,239746,119.09162673366329,5.766781860351562,961.1303100585938
2003,239866,121.47631450301365,5.87617236328125,979.362060546875
2004,239986,117.77726333383998,5.710241455078125,951.7069091796875
2005,240106,116.74757245708783,5.665348754882812,944.2247924804688
2006,240226,119.33150747446513,5.779593383789062,963.2655639648438
2007,240346,113.1181496680372,5.496087890625,916.0146484375
2008,240466,119.51046204989453,5.788728515625,964.7880859375
2009,240586,119.14026316068038,5.7695767822265625,961.5961303710938
2010,240706,115.27754451451445,5.5941273193359375,932.3545532226562
2011,240826,125.21168594997653,6.0562763671875,1009.37939453125
2012,240946,116.14732096741565,5.635624877929687,939.2708129882812
2013,241066,117.99589319746966,5.71669775390625,952.782958984375
2014,241186,121.39921354343143,5.877192993164062,979.5321655273438
2015,241306,115.75305779495199,5.614505859375,935.7509765625
2016,241426,113.1244831529128,5.494728881835938,915.7881469726562
2017,241546,122.542323030606,5.92411083984375,987.351806640625
2018,241666,123.34778775906264,5.967510131835938,994.5850219726562
2019,241786,115.59949460744402,5.614376953125,935.7294921875
2020,241906,119.14035022973282,5.776720092773438,962.7866821289062
2021,242026,118.12663022615612,5.728108520507813,954.6847534179688
2022,242146,121.46632745961587,5.878382080078125,979.7303466796875
2023,242266,123.3169913603876,5.965631103515625,994.2718505859375
2024,242386,126.24937580052332,6.104200927734375,1017.3668212890625
2025,242506,127.03249141781583,6.141502075195312,1023.5836791992188
2026,242626,120.56560086280157,5.842306274414063,973.7177124023438
2027,242746,126.130221511479,6.09858251953125,1016.430419921875
2028,242866,117.09850086588403,5.678345581054687,946.3909301757812
2029,242986,125.72992819347033,6.074902587890625,1012.4837646484375
2030,243106,119.98931274328449,5.813952392578125,968.9920654296875
2031,243226,125.13588351676913,6.04850390625,1008.083984375
2032,243346,115.92514727680356,5.62825048828125,938.041748046875
2033,243466,122.82348004954558,5.946542724609375,991.0904541015625
2034,243586,126.79331535576651,6.125069091796875,1020.8448486328125
2035,243706,121.72031830603359,5.890602172851563,981.7670288085938
2036,243826,119.72409575944239,5.7968115234375,966.13525390625
2037,243946,118.91748749470143,5.761203369140625,960.2005615234375
2038,244066,120.46419443462337,5.830597778320312,971.7662963867188
2039,244186,117.38750605783868,5.6951619873046875,949.1936645507812
2040,244306,122.61993567266208,5.937448974609375,989.5748291015625
2041,244426,108.81116392402575,5.300007934570313,883.3346557617188
2042,244546,129.9212936724511,6.266917236328125,1044.4862060546875
2043,244666,116.67131887708064,5.665291259765625,944.2152099609375
2044,244786,109.49918167160122,5.33137646484375,888.562744140625
2045,244906,119.54161874221445,5.789393920898437,964.8989868164062
2046,245026,118.57093104841505,5.746945678710937,957.8242797851562
2047,245146,125.34183972771825,6.05742919921875,1009.571533203125
2048,245266,118.86055569597467,5.757770141601562,959.6283569335938
2049,245386,117.25823052773248,5.6841943359375,947.36572265625
2050,245506,121.56244585133165,5.884995483398438,980.8325805664062
2051,245626,121.18594513583125,5.867561645507813,977.9269409179688
2052,245746,113.67275860368306,5.520741577148438,920.1235961914062
2053,245866,123.68427738863318,5.983550170898438,997.2583618164062
2054,245986,122.08193176296301,5.907236206054687,984.5393676757812
2055,246106,117.48498462896436,5.6989306640625,949.82177734375
2056,246226,127.35556039909073,6.1545263671875,1025.75439453125
2057,246346,122.63371939891987,5.932673583984375,988.7789306640625
2058,246466,118.45835254321275,5.7465970458984375,957.7661743164062
2059,246586,117.87919947453153,5.713835083007813,952.3058471679688
2060,246706,121.11129076806971,5.862469482421875,977.0782470703125
2061,246826,123.67694080882798,5.983327880859375,997.2213134765625
2062,246946,120.25351764953962,5.8226630859375,970.44384765625
2063,247066,115.51872770040254,5.609025146484375,934.8375244140625
2064,247186,115.78757617697896,5.619516723632812,936.5861206054688
2065,247306,115.9882772952702,5.630074951171875,938.3458251953125
2066,247426,122.75636137557923,5.941792602539063,990.2987670898438
2067,247546,123.00137941815191,5.946758422851563,991.1264038085938
2068,247666,117.2114654139705,5.683464477539062,947.2440795898438
2069,247786,118.75463459208984,5.75703515625,959.505859375
2070,247906,113.2614314426567,5.50380322265625,917.300537109375
2071,248026,127.71047578798367,6.164302734375,1027.3837890625
2072,248146,117.25515592109971,5.688869018554687,948.1448364257812
2073,248266,125.38260946822452,6.065828247070312,1010.9713745117188
2074,248386,116.64981501846857,5.656750122070313,942.7916870117188
2075,248506,121.56685526117897,5.885902587890625,980.9837646484375
2076,248626,119.62180851971728,5.799589965820313,966.5983276367188
2077,248746,119.5390639425964,5.794163818359375,965.6939697265625
2078,248866,116.97677349492687,5.67541259765625,945.902099609375
2079,248986,118.87006691203356,5.761626342773438,960.2710571289062
2080,249106,126.947867862908,6.1338131103515625,1022.3021850585938
2081,249226,116.51542294150484,5.6554412841796875,942.5735473632812
2082,249346,125.40003641678399,6.062076782226563,1010.3461303710938
2083,249466,128.43407358655918,6.2009091796875,1033.48486328125
2084,249586,124.49553300622065,6.020467163085938,1003.4111938476562
2085,249706,123.83268947313051,5.990890869140625,998.4818115234375
2086,249826,119.82734513425655,5.801444458007812,966.9074096679688
2087,249946,121.13092059493272,5.86587744140625,977.646240234375
2088,250066,115.14616469794807,5.59269580078125,932.115966796875
2089,250186,112.33620902762807,5.464123168945313,910.6871948242188
2090,250306,122.08470193492505,5.90895263671875,984.825439453125
2091,250426,117.38232402897671,5.6943955078125,949.06591796875
2092,250546,126.01809096322192,6.08484521484375,1014.140869140625
2093,250666,121.82840452913656,5.89740234375,982.900390625
2094,250786,114.12955006841996,5.547985107421875,924.6641845703125
2095,250906,119.95151783242324,5.806452026367188,967.7420043945312
2096,251026,118.16457044355587,5.734514282226563,955.7523803710938
2097,251146,119.87683334339124,5.806010375976562,967.6683959960938
2098,251266,130.13725125427538,6.2779716796875,1046.32861328125
2099,251386,127.08374902903674,6.140696411132812,1023.4494018554688
2100,251506,122.26964321221604,5.9167734375,986.12890625
2101,251626,117.17674953923897,5.684089965820313,947.3483276367188
2102,251746,125.50194292460023,6.065611083984375,1010.9351806640625
2103,251866,115.0043001915179,5.584462646484375,930.7437744140625
2104,251986,125.07721769320571,6.045420043945312,1007.5700073242188
2105,252106,122.46680759894423,5.927336791992188,987.8894653320312
2106,252226,112.69406530657776,5.477760131835938,912.9600219726562
2107,252346,121.12243395267473,5.86475390625,977.458984375
2108,252466,118.80871102503498,5.762392822265625,960.3988037109375
2109,252586,115.37842081031395,5.599345458984375,933.2242431640625
2110,252706,125.54002593311026,6.066729125976562,1011.1215209960938
2111,252826,125.68530578891438,6.07514208984375,1012.523681640625
2112,252946,115.41569262909192,5.600007202148437,933.3345336914062
2113,253066,129.73677670144244,6.259005615234375,1043.1676025390625
2114,253186,130.05607793252582,6.272514404296875,1045.4190673828125
2115,253306,124.47863835354585,6.02019140625,1003.365234375
2116,253426,123.06415698592832,5.95273681640625,992.122802734375
2117,253546,117.7020208098131,5.707751953125,951.2919921875
2118,253666,117.7169009732329,5.706242431640625,951.0404052734375
2119,253786,119.29582941056904,5.7768720703125,962.81201171875
2120,253906,122.30537383850611,5.919119384765625,986.5198974609375
2121,254026,122.09859959798122,5.906820190429688,984.4700317382812
2122,254146,126.68760896952352,6.121098999023437,1020.1831665039062
2123,254266,123.11341083188152,5.957577026367187,992.9295043945312
2124,254386,118.79630562277853,5.756718383789062,959.4530639648438
2125,254506,116.2835221411282,5.645194702148437,940.8657836914062
2126,254626,125.56440245976245,6.072252685546875,1012.0421142578125
2127,254746,124.82650118212655,6.034764404296875,1005.7940673828125
2128,254866,116.9972049337603,5.6804208984375,946.73681640625
2129,254986,124.60533418418854,6.025909790039062,1004.3182983398438
2130,255106,118.13950542367347,5.727663940429688,954.6106567382812
2131,255226,126.7250881890638,6.122605224609375,1020.4342041015625
2132,255346,122.05894594970496,5.90811328125,984.685546875
2133,255466,120.3152415895267,5.833052490234375,972.1754150390625
2134,255586,123.52560587223734,5.979140258789062,996.5233764648438
2135,255706,122.3373603636935,5.923401123046875,987.2335205078125
2136,255826,129.48870853462168,6.2511767578125,1041.86279296875
2137,255946,116.04495527290298,5.638546875,939.7578125
2138,256066,125.9884067268238,6.087859497070313,1014.6432495117188
2139,256186,125.8386514932088,6.081835327148437,1013.6392211914062
2140,256306,125.59565191145919,6.074004272460938,1012.3340454101562
2141,256426,124.47879932214185,6.018644897460938,1003.1074829101562
2142,256546,123.66131669575495,5.982459594726563,997.0765991210938
2143,256666,123.15199382604479,5.959815673828125,993.3026123046875
2144,256786,129.25746233639356,6.239529052734375,1039.9215087890625
2145,256906,120.87006103051147,5.855470458984375,975.9117431640625
2146,257026,123.31637487714936,5.9689189453125,994.81982421875
2147,257146,126.26516341519883,6.09894873046875,1016.491455078125
2148,257266,124.1690020273863,6.0036207275390625,1000.6034545898438
2149,257386,123.56314897633803,5.969953491210937,994.9922485351562
2150,257506,127.30784807512634,6.151273681640625,1025.2122802734375
2151,257626,118.16379768448884,5.729157348632812,954.8595581054688
2152,257746,124.99109838831066,6.042448608398438,1007.0747680664062
2153,257866,120.98350593846584,5.859784790039063,976.6307983398438
2154,257986,124.80373462723502,6.031367065429688,1005.2278442382812
2155,258106,127.43863912774793,6.156847412109375,1026.1412353515625
2156,258226,124.48310071973525,6.0155771484375,1002.59619140625
2157,258346,121.44701412568082,5.878635131835938,979.7725219726562
2158,258466,121.12424861437906,5.863541748046875,977.2569580078125
2159,258586,122.64826136775375,5.933510009765625,988.9183349609375
2160,258706,126.87344990440378,6.1284766845703125,1021.4127807617188
2161,258826,117.0261763786135,5.67300732421875,945.501220703125
2162,258946,124.60127125097144,6.019739868164063,1003.2899780273438
2163,259066,118.57736652326942,5.747280029296875,957.8800048828125
2164,259186,125.41156121371755,6.0577459716796875,1009.6243286132812
2165,259306,123.93532023577018,5.993501220703125,998.9168701171875
2166,259426,121.65136150973666,5.890044799804688,981.6741333007812
2167,259546,121.46523223559052,5.880662841796875,980.1104736328125
2168,259666,120.09691233653918,5.8162412109375,969.37353515625
2169,259786,114.94460442433254,5.5790126953125,929.83544921875
2170,259906,117.53238750036498,5.697143920898437,949.5239868164062
2171,260026,120.24950380736894,5.823398071289063,970.5663452148438
2172,260146,121.12643881230318,5.8631513671875,977.19189453125
2173,260266,123.05176404090993,5.9527412109375,992.12353515625
2174,260386,120.32307253728368,5.827032348632812,971.1720581054688
2175,260506,119.42772377396945,5.784140625,964.0234375
2176,260626,124.29050860333552,6.010758911132813,1001.7931518554688
2177,260746,126.30289098341571,6.103224243164062,1017.2040405273438
2178,260866,124.88094108420287,6.03553564453125,1005.922607421875
2179,260986,115.03974288655408,5.581553100585937,930.2588500976562
2180,261106,116.794863287225,5.662323486328125,943.7205810546875
2181,261226,124.3210540559719,6.011682495117188,1001.9470825195312
2182,261346,117.90995143325421,5.715473876953125,952.5789794921875
2183,261466,119.11534500030169,5.767152465820312,961.1920776367188
2184,261586,125.65161414412594,6.070587158203125,1011.7645263671875
2185,261706,120.01714559219656,5.815949340820312,969.3248901367188
2186,261826,125.33364464980397,6.0590859375,1009.84765625
2187,261946,120.12362457845786,5.817531372070312,969.5885620117188
2188,262066,124.5762347753222,6.0205576171875,1003.42626953125
2189,262186,120.05406764632338,5.809858154296875,968.3096923828125
2190,262306,121.43618937948837,5.879406005859375,979.9010009765625
2191,262426,117.07478986178182,5.673045043945312,945.5075073242188
2192,262546,130.00473399688977,6.26847802734375,1044.746337890625
2193,262666,127.69160610946811,6.158943603515625,1026.4906005859375
2194,262786,121.49280709524264,5.87605224609375,979.342041015625
2195,262906,124.57631680364578,6.022827758789062,1003.8046264648438
2196,263026,123.39202394828067,5.965594482421875,994.2657470703125
2197,263146,123.58926968567667,5.977278442382812,996.2130737304688
2198,263266,123.564465868518,5.977066772460938,996.1777954101562
2199,263386,116.58607013532755,5.6514755859375,941.91259765625
2200,263506,118.10923518744441,5.720979125976562,953.4965209960938
2201,263626,121.54078531810134,5.882436401367188,980.4060668945312
2202,263746,119.14049542508056,5.776904296875,962.8173828125
2203,263866,125.12236637472965,6.042774169921875,1007.1290283203125
2204,263986,128.40829178455488,6.198065185546875,1033.0108642578125
2205,264106,130.0325235112465,6.272817626953125,1045.4696044921875
2206,264226,126.71898758125272,6.117147583007813,1019.5245971679688
2207,264346,119.24412358834496,5.778533203125,963.0888671875
2208,264466,117.80826841763059,5.71033154296875,951.721923828125
2209,264586,124.30360331972288,6.002606689453125,1000.4344482421875
2210,264706,119.43754530958728,5.781387817382813,963.5646362304688
2211,264826,120.40241295088649,5.829850341796875,971.6417236328125
2212,264946,121.4862526778355,5.881485717773438,980.2476196289062
2213,265066,117.8652870068765,5.70989794921875,951.649658203125
2214,265186,121.65732250133334,5.882453247070313,980.4088745117188
2215,265306,118.90387282584395,5.758586059570312,959.7643432617188
2216,265426,117.33423749152016,5.686669189453125,947.7781982421875
2217,265546,121.2532583930577,5.86795458984375,977.992431640625
2218,265666,122.94776383717671,5.940992797851562,990.1654663085938
2219,265786,120.80468733521694,5.848468139648437,974.7446899414062
2220,265906,124.9155034154495,6.035359497070313,1005.8932495117188
2221,266026,115.28066506985502,5.59525048828125,932.541748046875
2222,266146,123.3365605641485,5.962903198242188,993.8171997070312
2223,266266,118.48861949799483,5.742828735351562,957.1381225585938
2224,266386,120.20689189928275,5.823947021484375,970.6578369140625
2225,266506,118.97123905608208,5.763845581054688,960.6409301757812
2226,266626,117.40870065183142,5.693011596679687,948.8352661132812
2227,266746,124.352791199393,6.012506103515625,1002.0843505859375
2228,266866,124.41384311183381,6.015803466796875,1002.6339111328125
2229,266986,123.85795265902895,5.987665283203125,997.9442138671875
2230,267106,124.12519444187174,6.002127319335938,1000.3545532226562
2231,267226,126.16712625834643,6.096368408203125,1016.0614013671875
2232,267346,130.852818230082,6.30753662109375,1051.256103515625
2233,267466,117.24989085668243,5.679822875976562,946.6371459960938
2234,267586,121.36342804125091,5.875680541992187,979.2800903320312
2235,267706,116.48051465200211,5.6505087890625,941.75146484375
2236,267826,130.83082071076518,6.3064833984375,1051.08056640625
2237,267946,130.03224355111718,6.2712099609375,1045.20166015625
2238,268066,122.679366473272,5.938216186523437,989.7026977539062
2239,268186,124.48107001130504,6.013854125976563,1002.3090209960938
2240,268306,116.94655749032682,5.668340698242187,944.7234497070312
2241,268426,119.92615605760963,5.807706298828125,967.9510498046875
2242,268546,114.6359541363297,5.5629906005859375,927.1651000976562
2243,268666,121.93724897886857,5.904352294921875,984.0587158203125
2244,268786,118.96747065302986,5.765484741210938,960.9141235351562
2245,268906,117.15225376490997,5.676459228515625,946.0765380859375
2246,269026,125.01267156387905,6.042211303710937,1007.0352172851562
2247,269146,121.86545881559273,5.9019752197265625,983.6625366210938
2248,269266,122.84167574853564,5.942623901367187,990.4373168945312
2249,269386,123.95760032674929,5.99337158203125,998.895263671875
2250,269506,123.22972877769207,5.960882080078125,993.4803466796875
2251,269626,124.81411457006979,6.0300908203125,1005.01513671875
2252,269746,122.81126670225368,5.9356318359375,989.27197265625
2253,269866,116.29568255292506,5.6416256103515625,940.2709350585938
2254,269986,128.5144898793593,6.200771484375,1033.4619140625
2255,270106,129.71297895296024,6.26052392578125,1043.420654296875
2256,270226,123.7200689924328,5.980207397460937,996.7012329101562
2257,270346,123.16390538697922,5.952823974609375,992.1373291015625
2258,270466,123.47870039324567,5.967507568359375,994.5845947265625
2259,270586,118.71577833905816,5.751268798828125,958.5447998046875
2260,270706,124.97635261684574,6.041031372070313,1006.8385620117188
2261,270826,125.87695700841235,6.07859765625,1013.099609375
2262,270946,113.56220044312849,5.515613159179687,919.2688598632812
2263,271066,118.62564308336238,5.746924072265625,957.8206787109375
2264,271186,122.55556859518012,5.923846801757812,987.3078002929688
2265,271306,123.56078425934672,5.975227294921875,995.8712158203125
2266,271426,125.18541655879474,6.04988232421875,1008.313720703125
2267,271546,127.61444554265438,6.15512255859375,1025.853759765625
2268,271666,119.17249313008124,5.766635009765625,961.1058349609375
2269,271786,114.69823309592681,5.566414306640625,927.7357177734375
2270,271906,126.62526299753134,6.114628784179687,1019.1047973632812
2271,272026,122.03596633631282,5.901265869140625,983.5443115234375
2272,272146,125.96735739338695,6.085389038085937,1014.2315063476562
2273,272266,120.56296468085935,5.832387817382813,972.0646362304688
2274,272386,130.37107896111178,6.28418408203125,1047.364013671875
2275,272506,126.95954565019778,6.131878784179688,1021.9797973632812
2276,272626,120.37614355049412,5.825479614257812,970.9132690429688
2277,272746,123.12675172769949,5.952071044921875,992.0118408203125
2278,272866,124.644008693318,6.025389038085938,1004.2315063476562
2279,272986,126.00923220747374,6.087792114257812,1014.6320190429688
2280,273106,129.71468867263974,6.255568359375,1042.5947265625
2281,273226,125.40341302461817,6.060667602539063,1010.1112670898438
2282,273346,123.38414454285078,5.962359375,993.7265625
2283,273466,126.8016318209886,6.123754760742187,1020.6257934570312
2284,273586,124.2758724254958,6.0086015625,1001.43359375
2285,273706,121.74617286424832,5.889726928710937,981.6211547851562
2286,273826,131.73735876552985,6.344975830078125,1057.4959716796875
2287,273946,122.00827992522218,5.90249853515625,983.749755859375
2288,274066,132.80177955145209,6.398304931640625,1066.3841552734375
2289,274186,121.36399208101406,5.87329833984375,978.883056640625
2290,274306,120.9024450416089,5.85406494140625,975.677490234375
2291,274426,129.56355018606095,6.245593505859375,1040.9322509765625
2292,274546,117.81753846605181,5.7139365234375,952.32275390625
2293,274666,124.05837713348718,5.996861572265625,999.4769287109375
2294,274786,123.31604472880308,5.96336279296875,993.893798828125
2295,274906,128.82618975341305,6.217810546875,1036.3017578125
2296,275026,118.11681761639981,5.721240234375,953.5400390625
2297,275146,118.73596199505181,5.752065673828125,958.6776123046875
2298,275266,119.062542807875,5.768974731445312,961.4957885742188
2299,275386,126.51390625086141,6.107745483398437,1017.9575805664062
2300,275506,119.29055748742672,5.780166137695312,963.3610229492188
2301,275626,121.892635531151,5.89934033203125,983.223388671875
2302,275746,128.296000463833,6.1948505859375,1032.47509765625
2303,275866,126.28703959454342,6.09766552734375,1016.277587890625
2304,275986,123.06741890860211,5.952242797851563,992.0404663085938
2305,276106,122.33158701214839,5.916579711914062,986.0966186523438
2306,276226,114.01143790458951,5.5333798828125,922.22998046875
2307,276346,128.72951672676226,6.210615966796875,1035.1026611328125
2308,276466,115.08517196601487,5.592141723632812,932.0236206054688
2309,276586,118.8141926185609,5.759126586914062,959.8544311523438
2310,276706,122.0574330666165,5.912454345703125,985.4090576171875
2311,276826,120.43662886966806,5.832799072265625,972.1331787109375
2312,276946,117.02583323983038,5.675399047851562,945.8998413085938
2313,277066,125.33507230429595,6.060045776367187,1010.0076293945312
2314,277186,117.1087894782453,5.677331909179688,946.2219848632812
2315,277306,121.37392094456482,5.874925415039063,979.1542358398438
2316,277426,126.21668779992385,6.09815478515625,1016.359130859375
2317,277546,126.08145567509438,6.092197631835938,1015.3662719726562
2318,277666,118.72055403148643,5.752557861328125,958.7596435546875
2319,277786,122.29362509204489,5.916539794921875,986.0899658203125
2320,277906,122.10796084114517,5.9061767578125,984.36279296875
2321,278026,120.376939485098,5.829415649414062,971.5692749023438
2322,278146,120.30320039231651,5.824033813476563,970.6723022460938
2323,278266,120.636530138367,5.844085327148438,974.0142211914062
2324,278386,123.28651300273555,5.963822021484375,993.9703369140625
2325,278506,125.36564883020823,6.0574713134765625,1009.5785522460938
2326,278626,115.0946769921979,5.58341162109375,930.568603515625
2327,278746,115.21689491278366,5.590153198242188,931.6921997070312
2328,278866,120.90671136142315,5.855232788085938,975.8721313476562
2329,278986,115.72273667015136,5.616942260742188,936.1570434570312
2330,279106,131.27829353921885,6.33326513671875,1055.544189453125
2331,279226,119.24576986483449,5.7795692138671875,963.2615356445312
2332,279346,121.75004081881936,5.8939072265625,982.31787109375
2333,279466,121.81707148905592,5.8978773193359375,982.9795532226562
2334,279586,125.11614232511234,6.051268798828125,1008.5447998046875
2335,279706,117.20697695485646,5.68492236328125,947.487060546875
2336,279826,117.04820207036818,5.676792114257813,946.1320190429688
2337,279946,123.28885635895503,5.959050659179687,993.1751098632812
2338,280066,120.6279316126366,5.842565185546875,973.7608642578125
2339,280186,127.53997166317976,6.159242431640625,1026.5404052734375
2340,280306,118.68817599457597,5.754670532226562,959.1117553710938
2341,280426,123.59955141582049,5.978876953125,996.4794921875
2342,280546,127.1658234543167,6.143530151367187,1023.9216918945312
2343,280666,124.57408560505678,6.019177001953125,1003.1961669921875
2344,280786,118.60749961285026,5.7529537353515625,958.8256225585938
2345,280906,127.22946296525231,6.146378173828125,1024.3963623046875
2346,281026,121.45139951898244,5.879913940429687,979.9856567382812
2347,281146,120.48198019248673,5.833669189453125,972.2781982421875
2348,281266,124.83109374420994,6.032990112304687,1005.4983520507812
2349,281386,117.8667571271236,5.7139248046875,952.32080078125
2350,281506,123.60798930909067,5.980732177734375,996.7886962890625
2351,281626,117.50963038143898,5.699939575195312,949.9899291992188
2352,281746,130.83101831024533,6.3055283203125,1050.92138671875
2353,281866,126.40749730518053,6.10106982421875,1016.844970703125
2354,281986,129.11916017858007,6.23301416015625,1038.835693359375
2355,282106,121.8088048643971,5.900983154296875,983.4971923828125
2356,282226,123.63501595502831,5.976921752929687,996.1536254882812
2357,282346,125.38743902667258,6.056436401367187,1009.4060668945312
2358,282466,122.85443812210391,5.9394873046875,989.91455078125
2359,282586,123.62215855382391,5.976066650390625,996.0111083984375
2360,282706,119.15502980211363,5.771650634765625,961.9417724609375
2361,282826,126.40983486354526,6.104165771484375,1017.3609619140625
2362,282946,129.8517255415463,6.262165283203125,1043.6942138671875
2363,283066,122.58693120937352,5.928990966796875,988.1651611328125
2364,283186,127.4420541652313,6.153264404296875,1025.5440673828125
2365,283306,122.86739911346216,5.944946411132812,990.8244018554688
2366,283426,124.82174568560863,6.029935546875,1004.9892578125
2367,283546,130.5944991708097,6.296781005859375,1049.4635009765625
2368,283666,125.83067434025563,6.075584106445312,1012.5973510742188
2369,283786,124.1423136441675,6.004021728515625,1000.6702880859375
2370,283906,121.20291564587859,5.866868774414063,977.8114624023438
2371,284026,121.79307539764639,5.894317016601563,982.3861694335938
2372,284146,119.33421117222477,5.78047412109375,963.412353515625
2373,284266,131.59432968562675,6.34614990234375,1057.691650390625
2374,284386,121.70023832511396,5.890620849609375,981.7701416015625
2375,284506,129.01068139883947,6.2255712890625,1037.59521484375
2376,284626,124.54088484688945,6.017921997070313,1002.9869995117188
2377,284746,124.13410776512798,5.999039428710938,999.8399047851562
2378,284866,128.27094004142455,6.189422607421875,1031.5704345703125
2379,284986,119.40792150300798,5.782048461914062,963.6747436523438
2380,285106,118.4526532210232,5.740892944335937,956.8154907226562
2381,285226,120.37297542513123,5.830740600585938,971.7901000976562
2382,285346,115.08186590948662,5.585865966796875,930.9776611328125
2383,285466,117.49358520615417,5.697196655273437,949.5327758789062
2384,285586,124.86701254608292,6.041378540039062,1006.8964233398438
2385,285706,123.67737871622516,5.981180419921875,996.8634033203125
2386,285826,118.58726628383002,5.747113403320313,957.8522338867188
2387,285946,127.65911692725129,6.16348828125,1027.248046875
2388,286066,122.68962847351936,5.937832397460937,989.6387329101562
2389,286186,118.3973631471305,5.733912231445313,955.6520385742188
2390,286306,119.91116022245639,5.811493286132812,968.5822143554688
2391,286426,126.74570875054891,6.122223266601562,1020.3705444335938
2392,286546,118.06311683103205,5.726015625,954.3359375
2393,286666,114.6989572139482,5.567362060546875,927.8936767578125
2394,286786,122.02198374922847,5.905218383789062,984.2030639648438
2395,286906,117.80493997314781,5.712779296875,952.1298828125
2396,287026,116.07967081817802,5.633746215820312,938.9577026367188
2397,287146,120.83995897880408,5.85096826171875,975.161376953125
2398,287266,119.96956101255319,5.805229614257812,967.5382690429688
2399,287386,123.71256697651137,5.980904296875,996.8173828125
2400,287506,120.52711829630586,5.834042358398437,972.3403930664062
2401,287626,115.79346984038102,5.619012817382813,936.5021362304688
2402,287746,117.05485054291886,5.675603393554687,945.9338989257812
2403,287866,122.64536020037406,5.936322509765625,989.3870849609375
2404,287986,115.19813927946367,5.5898173828125,931.63623046875
2405,288106,120.18034088295634,5.81871826171875,969.786376953125
2406,288226,132.7016489999297,6.398208251953125,1066.3680419921875
2407,288346,114.99734777167916,5.584428588867188,930.7380981445312
2408,288466,122.25960761931152,5.914165649414063,985.6942749023438
2409,288586,111.61887966655149,5.426889770507812,904.4816284179688
2410,288706,126.33002044321137,6.102385620117188,1017.0642700195312
2411,288826,125.91501249502534,6.08520556640625,1014.200927734375
2412,288946,126.46727531066036,6.108610107421875,1018.1016845703125
2413,289066,118.24682075062597,5.735751708984375,955.9586181640625
2414,289186,127.61229761277096,6.1575439453125,1026.25732421875
2415,289306,119.55112826574076,5.79052587890625,965.087646484375
2416,289426,117.84489027844329,5.714051147460937,952.3418579101562
2417,289546,119.01547994683052,5.766610107421875,961.1016845703125
2418,289666,121.49639555198877,5.883012451171875,980.5020751953125
2419,289786,119.62923246905683,5.7947801513671875,965.7966918945312
2420,289906,120.58292616405227,5.838420776367188,973.0701293945312
2421,290026,118.24466823218805,5.732102416992188,955.3504028320312
2422,290146,123.54410845431737,5.976688110351563,996.1146850585938
2423,290266,121.33585560257765,5.873468994140625,978.9114990234375
2424,290386,114.93882862341971,5.577966064453125,929.6610107421875
2425,290506,130.36641175711384,6.28468505859375,1047.447509765625
2426,290626,121.18851673732162,5.865617065429688,977.6028442382812
2427,290746,126.89656768898169,6.126995361328125,1021.1658935546875
2428,290866,116.65101594609544,5.654496826171875,942.4161376953125
2429,290986,116.19867972300842,5.636508544921875,939.4180908203125
2430,291106,123.45929522546123,5.965574340820313,994.2623901367188
2431,291226,123.36314744485492,5.966368286132813,994.3947143554688
2432,291346,126.05159135080692,6.084403564453125,1014.0672607421875
2433,291466,127.08613139342998,6.133110717773437,1022.1851196289062
2434,291586,119.72184019495823,5.797039306640625,966.1732177734375
2435,291706,120.15072549849131,5.819457275390625,969.9095458984375
2436,291826,119.76866224419076,5.79590771484375,965.984619140625
2437,291946,116.16513471566029,5.635767700195313,939.2946166992188
2438,292066,123.5358958422006,5.973179077148438,995.5298461914062
2439,292186,121.31198241964148,5.867496826171875,977.9161376953125
2440,292306,124.30811581264666,6.0083935546875,1001.39892578125
2441,292426,125.55946478386778,6.0619072265625,1010.31787109375
2442,292546,118.82642336322402,5.760469482421875,960.0782470703125
2443,292666,124.94754670893238,6.041389892578125,1006.8983154296875
2444,292786,123.02676648771752,5.946450805664062,991.0751342773438
2445,292906,122.40685588140565,5.920112915039063,986.6854858398438
2446,293026,135.0956305700648,6.49939453125,1083.232421875
2447,293146,125.78954580488443,6.078995727539063,1013.1659545898438
2448,293266,126.96182001998955,6.1264801025390625,1021.0800170898438
2449,293386,135.92845800141367,6.53843115234375,1089.738525390625
2450,293506,122.44434966605101,5.92041064453125,986.735107421875
2451,293626,125.3580520977552,6.056801513671875,1009.4669189453125
2452,293746,117.65352052520373,5.703431762695312,950.5719604492188
2453,293866,125.15159390667007,6.045446044921875,1007.5743408203125
2454,293986,127.91451913216476,6.17177490234375,1028.629150390625
2455,294106,123.20017908649695,5.955992431640625,992.6654052734375
2456,294226,127.80179487825946,6.168844482421875,1028.1407470703125
2457,294346,124.0245837528477,5.995951904296875,999.3253173828125
2458,294466,117.11089431461819,5.67650390625,946.083984375
2459,294586,129.7940521622877,6.25915869140625,1043.193115234375
2460,294706,120.57917103289756,5.840370483398438,973.3950805664062
2461,294826,128.7343497969693,6.21159521484375,1035.265869140625
2462,294946,119.45388862077749,5.783989013671875,963.9981689453125
2463,295066,126.10862459923219,6.0906943359375,1015.11572265625
2464,295186,125.20469290191602,6.050818725585938,1008.4697875976562
2465,295306,126.13501637746833,6.089527221679687,1014.9212036132812
2466,295426,122.75298590041257,5.9382216796875,989.70361328125
2467,295546,125.26371403552504,6.050005737304687,1008.3342895507812
2468,295666,125.24691757720451,6.0525703125,1008.76171875
2469,295786,121.262486831573,5.866389038085938,977.7315063476562
2470,295906,127.75879886437838,6.1662421875,1027.70703125
2471,296026,123.97591505011678,5.994464721679687,999.0774536132812
2472,296146,124.80982090917621,6.033132568359375,1005.5220947265625
2473,296266,123.42014545474406,5.9691533203125,994.85888671875
2474,296386,132.59133222845287,6.387444580078125,1064.5740966796875
2475,296506,120.08131949402079,5.816662719726563,969.4437866210938
2476,296626,118.62211461999104,5.746261962890625,957.7103271484375
2477,296746,129.0293591997118,6.232455322265625,1038.7425537109375
2478,296866,122.99367531239433,5.944229736328125,990.7049560546875
2479,296986,121.94941875847651,5.901296264648438,983.5493774414062
2480,297106,126.74890461770613,6.1186435546875,1019.77392578125
2481,297226,125.4513784550677,6.057065185546875,1009.5108642578125
2482,297346,124.29670209045692,6.008214477539062,1001.3690795898438
2483,297466,123.51555258752677,5.968141479492187,994.6902465820312
2484,297586,129.93765233036595,6.263771484375,1043.9619140625
2485,297706,126.38261971838872,6.101927490234375,1016.9879150390625
2486,297826,122.28558999719797,5.914119506835937,985.6865844726562
2487,297946,120.78215732264766,5.84248095703125,973.746826171875
2488,298066,120.92874677138947,5.85052734375,975.087890625
2489,298186,114.29658514965185,5.547880737304688,924.6467895507812
2490,298306,120.3127843490089,5.820205810546875,970.0343017578125
2491,298426,121.3602428637466,5.86920556640625,978.200927734375
2492,298546,125.57450696093483,6.065306396484375,1010.8843994140625
2493,298666,122.24679070350552,5.91306298828125,985.510498046875
2494,298786,118.53105318315377,5.743472534179688,957.2454223632812
2495,298906,126.56531400311833,6.111782592773437,1018.6304321289062
2496,299026,124.06981821366588,6.00088330078125,1000.147216796875
2497,299146,120.29674020452333,5.828723876953125,971.4539794921875
2498,299266,119.42201953336597,5.78567724609375,964.279541015625
2499,299386,120.21641125953136,5.818741333007813,969.7902221679688
2500,299506,128.17450429033076,6.18941015625,1031.568359375
2501,299626,129.36213076512718,6.2385673828125,1039.76123046875
2502,299746,118.78755526909399,5.761282836914062,960.2138061523438
2503,299866,124.33568530299418,6.010516845703125,1001.7528076171875
2504,299986,117.77364175088286,5.709114990234375,951.5191650390625
2505,300106,119.91294705255532,5.808284912109375,968.0474853515625
2506,300226,126.78902390791292,6.122080444335937,1020.3467407226562
2507,300346,127.85743853985036,6.17482177734375,1029.136962890625
2508,300466,113.11477733426942,5.489657958984375,914.9429931640625
2509,300586,122.07506731410794,5.9071142578125,984.51904296875
2510,300706,123.52877671822702,5.9695634765625,994.92724609375
2511,300826,119.11340491768384,5.773274780273438,962.2124633789062
2512,300946,121.04109378474911,5.861568969726562,976.9281616210938
2513,301066,125.02028169780546,6.041286254882812,1006.8810424804688
2514,301186,120.33397399762794,5.82601025390625,971.001708984375
2515,301306,126.1654967578875,6.09385546875,1015.642578125
2516,301426,123.27032985060777,5.963135009765625,993.8558349609375
2517,301546,123.27133608542721,5.960675537109375,993.4459228515625
2518,301666,116.11420769346661,5.6334993896484375,938.9165649414062
2519,301786,115.45782290604062,5.60135595703125,933.559326171875
2520,301906,122.98725016777021,5.9469671630859375,991.1611938476562
2521,302026,123.61259141163072,5.977622680664062,996.2704467773438
2522,302146,128.56451841143254,6.203120361328125,1033.8533935546875
2523,302266,117.73471841856605,5.701936157226562,950.3226928710938
2524,302386,124.10349124765222,5.995969116210937,999.3281860351562
2525,302506,113.8858793240708,5.526850341796875,921.1417236328125
2526,302626,127.86443145115504,6.170800048828125,1028.4666748046875
2527,302746,128.0334443794058,6.181052490234375,1030.1754150390625
2528,302866,118.49657963759651,5.74555517578125,957.592529296875
2529,302986,128.69713671653687,6.21047314453125,1035.078857421875
2530,303106,126.67342168415732,6.113715454101563,1018.9525756835938
2531,303226,130.57744666877346,6.295439208984375,1049.2398681640625
2532,303346,121.34004391508861,5.87333203125,978.888671875
2533,303466,128.14544953038194,6.186228515625,1031.0380859375
2534,303586,127.05148921233327,6.1365289306640625,1022.7548217773438
2535,303706,122.17570426414261,5.910076538085938,985.0127563476562
2536,303826,119.03335644324453,5.764404418945312,960.7340698242188
2537,303946,125.9042707677595,6.078143920898437,1013.0239868164062
2538,304066,118.59174142394593,5.744992309570312,957.4987182617188
2539,304186,120.92187506284202,5.851310302734375,975.2183837890625
2540,304306,119.66738372415978,5.797264526367187,966.2107543945312
2541,304426,117.32310318347837,5.687631225585937,947.9385375976562
2542,304546,121.96249233706442,5.9007850341796875,983.4641723632812
2543,304666,125.99245062549878,6.0842962646484375,1014.0493774414062
2544,304786,117.86061782280943,5.709667602539063,951.6112670898438
2545,304906,112.77957194945917,5.476598510742187,912.7664184570312
2546,305026,127.56994374183225,6.160267822265625,1026.7113037109375
2547,305146,121.09622588330103,5.861668212890625,976.9447021484375
2548,305266,131.2010886004668,6.32443212890625,1054.072021484375
2549,305386,124.21016474668428,6.006906005859375,1001.1510009765625
2550,305506,125.03308067914855,6.04639453125,1007.732421875
2551,305626,128.8499423970891,6.214619384765625,1035.7698974609375
2552,305746,119.22439688350987,5.774113403320312,962.3522338867188
2553,305866,123.41698738077775,5.968008911132812,994.6681518554688
2554,305986,121.51125728516868,5.880695068359375,980.1158447265625
2555,306106,112.34921594266872,5.46065478515625,910.109130859375
2556,306226,121.65724945282493,5.889515625,981.5859375
2557,306346,131.00472959672453,6.316418701171875,1052.7364501953125
2558,306466,118.6753583007901,5.751121215820312,958.5202026367188
2559,306586,123.95777987390008,5.99091796875,998.486328125
2560,306706,123.61543384294458,5.980285766601562,996.7142944335938
2561,306826,120.35524550932497,5.827622680664063,971.2704467773438
2562,306946,120.56477390678104,5.835566162109375,972.5943603515625
2563,307066,127.85401243564603,6.1716328125,1028.60546875
2564,307186,119.22639833244067,5.776020263671875,962.6700439453125
2565,307306,120.4688627115606,5.832406494140625,972.0677490234375
2566,307426,127.73498104598093,6.16715771484375,1027.859619140625
2567,307546,118.13235824423134,5.723658325195313,953.9430541992188
2568,307666,123.97160649696879,5.990906982421875,998.4844970703125
2569,307786,121.81780797536481,5.895070678710938,982.5117797851562
2570,307906,125.6096624813413,6.07115478515625,1011.859130859375
2571,308026,122.56730367078791,5.933729736328125,988.9549560546875
2572,308146,121.55286306241756,5.881428588867188,980.2380981445312
2573,308266,119.97992581342405,5.806584228515625,967.7640380859375
2574,308386,115.37843683267879,5.599144775390625,933.1907958984375
2575,308506,121.27837784758609,5.870608520507813,978.4347534179688
2576,308626,118.13778783305224,5.727678955078125,954.6131591796875
2577,308746,124.67666238314192,6.027669799804688,1004.6116333007812
2578,308866,118.37059527810094,5.734768432617187,955.7947387695312
2579,308986,123.29293765243594,5.957716552734375,992.9527587890625
2580,309106,124.32649342730542,6.008615844726562,1001.4359741210938
2581,309226,122.10360368171656,5.907453369140625,984.5755615234375
2582,309346,115.45301132587855,5.602846435546875,933.8077392578125
2583,309466,121.16828071669204,5.86505126953125,977.508544921875
2584,309586,127.00363423364213,6.130487915039063,1021.7479858398438
2585,309706,120.63119619025116,5.839071899414063,973.1786499023438
2586,309826,123.1879242581478,5.957261352539063,992.8768920898438
2587,309946,116.88541084107138,5.669474853515625,944.9124755859375
2588,310066,125.59913024216101,6.0684521484375,1011.40869140625
2589,310186,125.01115407470168,6.0408310546875,1006.80517578125
2590,310306,129.60780207847955,6.249896484375,1041.6494140625
2591,310426,118.06069162445718,5.721711547851562,953.6185913085938
2592,310546,120.98412972305997,5.856866821289063,976.1444702148438
2593,310666,117.32670465876302,5.686069702148438,947.6782836914062
2594,310786,117.56532826678625,5.698177734375,949.6962890625
2595,310906,119.16428875877506,5.7721494140625,962.02490234375
2596,311026,122.5098850140174,5.924249267578125,987.3748779296875
2597,311146,132.44873052706367,6.37805419921875,1063.009033203125
2598,311266,128.308794342762,6.19098193359375,1031.830322265625
2599,311386,117.7157761661961,5.707375122070313,951.2291870117188
2600,311506,122.96212371979689,5.946908203125,991.1513671875
2601,311626,120.99224540890577,5.854459716796875,975.7432861328125
2602,311746,129.21321306519008,6.233077880859375,1038.8463134765625
2603,311866,121.05155223513921,5.858050048828125,976.3416748046875
2604,311986,121.13391107220636,5.864331298828125,977.3885498046875
2605,312106,116.83979736633002,5.665396728515625,944.2327880859375
2606,312226,125.01217181869498,6.03634130859375,1006.056884765625
2607,312346,131.33448840747542,6.327450439453125,1054.5750732421875
2608,312466,118.46313895282796,5.73861328125,956.435546875
2609,312586,121.36174240090219,5.87026318359375,978.377197265625
2610,312706,126.2178891483417,6.094455688476563,1015.7426147460938
2611,312826,127.17263037602264,6.140473754882812,1023.4122924804688
2612,312946,124.40490504337565,6.00982763671875,1001.637939453125
2613,313066,126.85790732049556,6.12326806640625,1020.544677734375
2614,313186,132.6086806370338,6.39001171875,1065.001953125
2615,313306,123.77836397307074,5.982509765625,997.0849609375
2616,313426,125.18489040517554,6.052585327148438,1008.7642211914062
2617,313546,124.30137911106235,6.0073436279296875,1001.2239379882812
2618,313666,122.81411772623531,5.93940234375,989.900390625
2619,313786,118.68342529688424,5.748937866210937,958.1563110351562
2620,313906,118.0869795656908,5.722742431640625,953.7904052734375
2621,314026,123.34356742050026,5.966723876953125,994.4539794921875
2622,314146,117.95692679845725,5.715492919921875,952.5821533203125
2623,314266,125.74789426455578,6.071495361328125,1011.9158935546875
2624,314386,124.33295449812334,6.007698486328125,1001.2830810546875
2625,314506,120.83222886726924,5.848791137695312,974.7985229492188
2626,314626,118.8844696866913,5.757990234375,959.6650390625
2627,314746,126.55376845164486,6.112546875,1018.7578125
2628,314866,122.9779702880753,5.94399169921875,990.665283203125
2629,314986,122.8636258379251,5.939636352539062,989.9393920898438
2630,315106,121.3061264223236,5.868749633789062,978.1249389648438
2631,315226,127.8689052322952,6.173551025390625,1028.9251708984375
2632,315346,116.13655652799946,5.636109008789062,939.3515014648438
2633,315466,122.50292610240592,5.925028930664062,987.5048217773438
2634,315586,116.51292938617658,5.651109741210938,941.8516235351562
2635,315706,126.13403662344538,6.096396240234375,1016.0660400390625
2636,315826,119.47517444895279,5.785239990234375,964.2066650390625
2637,315946,125.79517412335821,6.080519897460937,1013.4199829101562
2638,316066,121.49481426980526,5.878949340820313,979.8248901367188
2639,316186,114.57630952217158,5.5609412841796875,926.8235473632812
2640,316306,119.82442688245678,5.80305615234375,967.176025390625
2641,316426,125.08712933283036,6.045718872070313,1007.6198120117188
2642,316546,121.40375909823199,5.875122436523437,979.1870727539062
2643,316666,123.11664063523158,5.954572998046875,992.4288330078125
2644,316786,115.92015582640653,5.6250849609375,937.51416015625
2645,316906,122.49600204409091,5.926278076171875,987.7130126953125
2646,317026,122.46834936735128,5.922538696289062,987.0897827148438
2647,317146,117.92169895406316,5.715355224609375,952.5592041015625
2648,317266,125.10226012815367,6.044797119140625,1007.4661865234375
2649,317386,117.521685709835,5.697993896484375,949.6656494140625
2650,317506,124.0782072135095,5.998445434570312,999.7409057617188
2651,317626,117.75396733126257,5.70694921875,951.158203125
2652,317746,117.09388071388022,5.677740234375,946.2900390625
2653,317866,121.0712524031057,5.861466430664063,976.9110717773438
2654,317986,114.92345400389146,5.579306030273438,929.8843383789062
2655,318106,128.13726557261995,6.181083984375,1030.1806640625
2656,318226,122.86890278080966,5.943664306640625,990.6107177734375
2657,318346,127.81969531737191,6.16557568359375,1027.595947265625
2658,318466,133.63311347801414,6.43659814453125,1072.766357421875
2659,318586,133.48100523714336,6.43013525390625,1071.689208984375
2660,318706,111.38237407815205,5.415678588867188,902.6130981445312
2661,318826,126.09491484307162,6.0916142578125,1015.26904296875
2662,318946,118.91363742837709,5.761894775390625,960.3157958984375
2663,319066,128.6819738844969,6.207410888671875,1034.5684814453125
2664,319186,121.92680761325994,5.905833251953125,984.3055419921875
2665,319306,117.46193057160262,5.693789428710938,948.9649047851562
2666,319426,119.06025297213388,5.7679903564453125,961.3317260742188
2667,319546,114.01428401090801,5.537657592773438,922.9429321289062
2668,319666,126.05926848902682,6.083855346679687,1013.9758911132812
2669,319786,122.41907271576073,5.921247802734375,986.8746337890625
2670,319906,133.67984431212147,6.43689111328125,1072.815185546875
2671,320026,121.91390958102369,5.898992797851562,983.1654663085938
2672,320146,126.76029688593044,6.120934204101562,1020.1557006835938
2673,320266,125.32167734804415,6.052839477539062,1008.8065795898438
2674,320386,124.45108067358981,6.013079956054687,1002.1799926757812
2675,320506,129.27341711986887,6.23567724609375,1039.279541015625
2676,320626,123.81537760243566,5.98484912109375,997.474853515625
2677,320746,129.09297212978646,6.229201171875,1038.2001953125
2678,320866,123.44069132963583,5.966117797851562,994.3529663085938
2679,320986,117.73948077627004,5.704799926757812,950.7999877929688
2680,321106,120.84008297326241,5.847792846679687,974.6321411132812
2681,321226,132.01065914692597,6.36006005859375,1060.010009765625
2682,321346,125.7031343195701,6.076033447265625,1012.6722412109375
2683,321466,119.14873058552087,5.76715869140625,961.193115234375
2684,321586,127.1829444061861,6.143354736328125,1023.8924560546875
2685,321706,120.06503899589153,5.81197412109375,968.662353515625
2686,321826,121.9911211493388,5.901330322265625,983.5550537109375
2687,321946,123.61053371130056,5.9799869384765625,996.6644897460938
2688,322066,122.71975172595421,5.931617797851563,988.6029663085938
2689,322186,118.03248324400106,5.720673706054687,953.4456176757812
2690,322306,124.39221020043497,6.011349975585937,1001.8916625976562
2691,322426,126.32739869439159,6.095773315429687,1015.9622192382812
2692,322546,119.36727134801416,5.7819847412109375,963.6641235351562
2693,322666,122.06489060332888,5.905461181640625,984.2435302734375
2694,322786,123.32484900490309,5.959302978515625,993.2171630859375
2695,322906,127.75820286879028,6.16674755859375,1027.791259765625
2696,323026,128.3986617627784,6.19220947265625,1032.034912109375
2697,323146,124.24071290272664,6.003577880859375,1000.5963134765625
2698,323266,116.26345831949062,5.638864013671875,939.8106689453125
2699,323386,125.92775436458658,6.07942236328125,1013.237060546875
2700,323506,123.23500514391213,5.957443359375,992.9072265625
2701,323626,126.93310801698797,6.129399536132812,1021.5665893554688
2702,323746,115.6446430343951,5.6084384765625,934.73974609375
2703,323866,132.92018922665974,6.404150390625,1067.3583984375
2704,323986,125.10940691361509,6.0430517578125,1007.17529296875
2705,324106,133.70723477028986,6.4319912109375,1071.99853515625
2706,324226,123.88031086238564,5.98700537109375,997.834228515625
2707,324346,115.48521609267209,5.600010498046875,933.3350830078125
2708,324466,120.23582209544253,5.819676635742187,969.9461059570312
2709,324586,131.61074376380216,6.34193408203125,1056.989013671875
2710,324706,123.14255177738238,5.9559521484375,992.65869140625
2711,324826,115.74763348532764,5.615163208007813,935.8605346679688
2712,324946,124.53347736429085,6.01747412109375,1002.912353515625
2713,325066,126.84313066117701,6.124522338867187,1020.7537231445312
2714,325186,123.83017482127435,5.986600341796875,997.7667236328125
2715,325306,124.89074134071834,6.035007934570313,1005.8346557617188
2716,325426,117.64875355215206,5.701591186523437,950.2651977539062
2717,325546,124.94174782102243,6.035880249023437,1005.9800415039062
2718,325666,120.27966106287724,5.818812744140625,969.8021240234375
2719,325786,126.16189788298385,6.089499389648437,1014.9165649414062
2720,325906,126.44379115605243,6.1043701171875,1017.39501953125
2721,326026,115.00111808349864,5.577005859375,929.5009765625
2722,326146,120.87468694151362,5.848411376953125,974.7352294921875
2723,326266,122.68766306498384,5.932289428710938,988.7149047851562
2724,326386,123.94179341008748,5.9881263427734375,998.0210571289062
2725,326506,122.03977544257197,5.902279907226562,983.7133178710938
2726,326626,130.32999256703212,6.282263671875,1047.0439453125
2727,326746,120.99885075872496,5.855033203125,975.8388671875
2728,326866,129.88374446393692,6.265809814453125,1044.3016357421875
2729,326986,124.97552800587516,6.034364501953125,1005.7274169921875
2730,327106,120.8890765097604,5.847057861328125,974.5096435546875
2731,327226,121.61042005697138,5.884471435546875,980.7452392578125
2732,327346,130.09375880508946,6.271387939453125,1045.2313232421875
2733,327466,125.73353096900405,6.07411083984375,1012.351806640625
2734,327586,128.27672745527173,6.186718505859375,1031.1197509765625
2735,327706,117.65973738752295,5.69859814453125,949.766357421875
2736,327826,127.02999629975446,6.1318447265625,1021.97412109375
2737,327946,125.05670277216524,6.042158569335937,1007.0264282226562
2738,328066,121.14274424268908,5.864138305664063,977.3563842773438
2739,328186,127.95036151160713,6.176974365234375,1029.4957275390625
2740,328306,126.19045144173089,6.092609619140625,1015.4349365234375
2741,328426,126.08701131799899,6.091389770507813,1015.2316284179688
2742,328546,123.40099748211662,5.96350048828125,993.916748046875
2743,328666,121.10693283172901,5.85805224609375,976.342041015625
2744,328786,124.01032618368967,5.991754028320313,998.6256713867188
2745,328906,122.4055351827839,5.92127197265625,986.878662109375
2746,329026,117.4427633532477,5.692103393554688,948.6838989257812
2747,329146,125.28809396794361,6.051994262695312,1008.6657104492188
2748,329266,125.97032100816949,6.086213745117187,1014.3689575195312
2749,329386,121.10236581686146,5.862880737304687,977.1467895507812
2750,329506,121.10912639926156,5.8613258056640625,976.8876342773438
2751,329626,122.37010097987788,5.915056640625,985.8427734375
2752,329746,127.31438588307721,6.14555859375,1024.259765625
2753,329866,130.73913052931982,6.3009638671875,1050.16064453125
2754,329986,129.12524860866722,6.2279970703125,1037.99951171875
2755,330106,116.45102721595646,5.646617065429687,941.1028442382812
2756,330226,120.56601285645111,5.8372001953125,972.86669921875
2757,330346,125.29621371930547,6.055281005859375,1009.2135009765625
2758,330466,117.56867203998564,5.6992822265625,949.88037109375
2759,330586,122.81476397195253,5.941734375,990.2890625
2760,330706,119.6848207363774,5.79562353515625,965.937255859375
2761,330826,127.44512011946259,6.147980712890625,1024.6634521484375
2762,330946,128.56428500604267,6.20426953125,1034.044921875
2763,331066,129.8129671194527,6.25536328125,1042.560546875
2764,331186,125.51126248753171,6.064743896484375,1010.7906494140625
2765,331306,117.6755537976173,5.704731079101562,950.7885131835938
2766,331426,125.58014655675626,6.068345947265625,1011.3909912109375
2767,331546,123.93396587715472,5.989642456054687,998.2737426757812
2768,331666,124.31021949116024,6.002025146484375,1000.3375244140625
2769,331786,119.40543255084994,5.787732788085938,964.6221313476562
2770,331906,121.43240216815944,5.866213623046875,977.7022705078125
2771,332026,124.0617463677254,5.995043701171875,999.1739501953125
2772,332146,123.80614514435422,5.9818399658203125,996.9733276367188
2773,332266,123.96800901969368,5.985387451171875,997.5645751953125
2774,332386,127.51169394417683,6.148724853515625,1024.7874755859375
2775,332506,124.01993919367848,5.99706005859375,999.510009765625
2776,332626,122.93337467190867,5.9431025390625,990.51708984375
2777,332746,122.30641702481383,5.912180053710937,985.3633422851562
2778,332866,118.63323366148651,5.749041137695312,958.1735229492188
2779,332986,121.82038174278702,5.8931337890625,982.18896484375
2780,333106,127.26043099392633,6.140314819335938,1023.3858032226562
2781,333226,119.3041770842535,5.773392333984375,962.2320556640625
2782,333346,126.88366077170471,6.123974487304688,1020.6624145507812
2783,333466,118.45169854290897,5.737310302734375,956.2183837890625
2784,333586,125.10447870823842,6.03898828125,1006.498046875
2785,333706,119.27389873256487,5.7736094970703125,962.2682495117188
2786,333826,119.72496197949071,5.795501953125,965.9169921875
2787,333946,127.65382634217647,6.160733642578125,1026.7889404296875
2788,334066,123.14540900269839,5.949865356445312,991.6442260742188
2789,334186,127.90102974607456,6.1701884765625,1028.36474609375
2790,334306,129.92214278590473,6.26185986328125,1043.643310546875
2791,334426,124.18723075350093,5.997469482421875,999.5782470703125
2792,334546,118.83948797578807,5.748232177734375,958.0386962890625
2793,334666,122.52297620153585,5.920448364257813,986.7413940429688
2794,334786,127.8912438444851,6.168919921875,1028.1533203125
2795,334906,124.0409802232897,5.995579467773437,999.2632446289062
2796,335026,122.72267201996166,5.931745239257813,988.6242065429688
2797,335146,127.27955397965108,6.1406663818359375,1023.4443969726562
2798,335266,115.12962916478065,5.587181762695312,931.1969604492188
2799,335386,126.40645794540848,6.103534423828125,1017.2557373046875
2800,335506,122.4731272603054,5.918042724609375,986.3404541015625
2801,335626,126.49790789625845,6.103603271484375,1017.2672119140625
2802,335746,121.47386571119041,5.875793334960938,979.2988891601562
2803,335866,128.25444793609142,6.18520458984375,1030.867431640625
2804,335986,132.2456640723588,6.36726416015625,1061.210693359375
2805,336106,125.14965909424055,6.04429541015625,1007.382568359375
2806,336226,123.44755753013085,5.965593017578125,994.2655029296875
2807,336346,124.75886992405742,6.02198876953125,1003.664794921875
2808,336466,125.7492635165267,6.069423706054687,1011.5706176757812
2809,336586,121.08935554685596,5.858068725585937,976.3447875976562
2810,336706,120.9912115767667,5.849593139648437,974.9321899414062
2811,336826,124.23533135554062,6.0015802001953125,1000.2633666992188
2812,336946,122.44245182903859,5.9203817138671875,986.7302856445312
2813,337066,129.24389740761796,6.230694580078125,1038.4490966796875
2814,337186,130.08723588291525,6.26502099609375,1044.170166015625
2815,337306,126.94696469478941,6.129855834960938,1021.6426391601562
2816,337426,120.94437823145343,5.850482666015625,975.0804443359375
2817,337546,117.03400047589066,5.669078979492188,944.8464965820312
2818,337666,127.06450634309579,6.1297108154296875,1021.6184692382812
2819,337786,130.36584203144963,6.280160888671875,1046.6934814453125
2820,337906,116.8469011920987,5.659899536132812,943.3165893554688
2821,338026,126.29953698145881,6.096217163085938,1016.0361938476562
2822,338146,120.53675229295344,5.836758544921875,972.7930908203125
2823,338266,126.81174702939455,6.117255981445313,1019.5426635742188
2824,338386,121.2040838844687,5.859940063476563,976.6566772460938
2825,338506,128.1759881456091,6.182376708984375,1030.3961181640625
2826,338626,117.8497647790681,5.708591674804688,951.4319458007812
2827,338746,122.89033122113146,5.935665161132812,989.2775268554688
2828,338866,119.39678122438806,5.77784033203125,962.973388671875
2829,338986,129.85236070863414,6.263915771484375,1043.9859619140625
2830,339106,138.00134261029547,6.633402099609375,1105.5670166015625
2831,339226,119.77845681282366,5.796941162109375,966.1568603515625
2832,339346,120.06789975465063,5.807270874023438,967.8784790039062
2833,339466,118.71837927796348,5.74959375,958.265625
2834,339586,125.16218532164913,6.043799560546875,1007.2999267578125
2835,339706,133.56226586331206,6.425280029296875,1070.8800048828125
2836,339826,125.27479068745961,6.04871044921875,1008.118408203125
2837,339946,123.76552398418002,5.977369262695312,996.2282104492188
2838,340066,124.20228800194677,5.999447387695312,999.9078979492188
2839,340186,127.83673402026677,6.1666259765625,1027.77099609375
2840,340306,127.1074109710489,6.13327587890625,1022.212646484375
2841,340426,127.04038957867344,6.130920776367187,1021.8201293945312
2842,340546,114.97119793338321,5.575459350585938,929.2432250976562
2843,340666,123.46399197649437,5.963998168945312,993.9996948242188
2844,340786,119.6129461453586,5.78872412109375,964.787353515625
2845,340906,116.65139406782501,5.654378540039063,942.3964233398438
2846,341026,115.99905225832812,5.622161499023438,937.0269165039062
2847,341146,123.76801295887526,5.977713134765625,996.2855224609375
2848,341266,120.66387051580278,5.83970947265625,973.284912109375
2849,341386,130.17006157182306,6.27216796875,1045.361328125
2850,341506,121.15898290852383,5.85977783203125,976.629638671875
2851,341626,120.30616877647648,5.821058715820312,970.1764526367188
2852,341746,127.51521038981303,6.151733642578125,1025.2889404296875
2853,341866,118.92950389283017,5.759392456054687,959.8987426757812
2854,341986,121.47353384547829,5.873799682617188,978.9666137695312
2855,342106,128.11621812423775,6.17863916015625,1029.773193359375
2856,342226,122.42312128786764,5.917266723632813,986.2111206054688
2857,342346,124.19714897024416,5.998228271484375,999.7047119140625
2858,342466,119.77147851081104,5.794026123046875,965.6710205078125
2859,342586,127.01706018800918,6.12812109375,1021.353515625
2860,342706,127.71288085832583,6.160976806640625,1026.8294677734375
2861,342826,119.40933473663023,5.780771118164062,963.4618530273438
2862,342946,115.85487997506505,5.619606079101563,936.6010131835938
2863,343066,127.53068797201144,6.150753662109375,1025.1256103515625
2864,343186,121.96277744257573,5.89379150390625,982.298583984375
2865,343306,121.49968128312118,5.8774365234375,979.57275390625
2866,343426,129.57550727788637,6.246775634765625,1041.1292724609375
2867,343546,125.72034886454206,6.069986938476562,1011.6644897460938
2868,343666,123.63811572704044,5.97570556640625,995.950927734375
2869,343786,125.10757172814974,6.0432322998046875,1007.2053833007812
2870,343906,124.23031992780992,6.000925048828125,1000.1541748046875
2871,344026,124.7639255996227,6.0273592529296875,1004.5598754882812
2872,344146,123.00223416559423,5.94698291015625,991.163818359375
2873,344266,120.74903533618446,5.843682861328125,973.9471435546875
2874,344386,118.56361660234982,5.741543334960937,956.9238891601562
2875,344506,122.89285738677472,5.941776123046875,990.2960205078125
2876,344626,122.85587435118998,5.938401123046875,989.7335205078125
2877,344746,128.68514104777728,6.201983642578125,1033.6639404296875
2878,344866,123.59716532221697,5.977714233398437,996.2857055664062
2879,344986,124.71428863879807,6.02400732421875,1004.001220703125
2880,345106,120.19420681845568,5.820575317382812,970.0958862304688
2881,345226,120.82091853646551,5.846985717773437,974.4976196289062
2882,345346,133.7427871280678,6.43642529296875,1072.737548828125
2883,345466,125.72316092886358,6.068870361328125,1011.4783935546875
2884,345586,129.58339062626192,6.247572509765625,1041.2620849609375
2885,345706,128.00212230857505,6.177240234375,1029.5400390625
2886,345826,121.00138175825913,5.853321533203125,975.5535888671875
2887,345946,124.12599002031136,5.999371215820313,999.8952026367188
2888,346066,123.8575069093412,5.98604736328125,997.674560546875
2889,346186,122.15700051226202,5.910121948242187,985.0203247070312
2890,346306,128.21770646960485,6.18377783203125,1030.629638671875
2891,346426,119.24143157278569,5.7711328125,961.85546875
2892,346546,127.3011108207732,6.145746826171875,1024.2911376953125
2893,346666,114.82690294849645,5.574203979492188,929.0339965820312
2894,346786,122.53362743092208,5.927935913085937,987.9893188476562
2895,346906,122.58716095246017,5.928831665039063,988.1386108398438
2896,347026,121.54489605859773,5.8800673828125,980.01123046875
2897,347146,119.39697719193605,5.780759033203125,963.4598388671875
2898,347266,124.63978095706997,6.02324560546875,1003.874267578125
2899,347386,124.55114187705075,6.019352783203125,1003.2254638671875
2900,347506,121.769180994502,5.888058471679687,981.3430786132812
2901,347626,118.47071943493742,5.74222119140625,957.036865234375
2902,347746,127.40402768365976,6.147936767578125,1024.6561279296875
2903,347866,127.19084694916573,6.14099267578125,1023.498779296875
2904,347986,123.65542530318216,5.97899267578125,996.498779296875
2905,348106,120.61930499919904,5.838216796875,973.0361328125
2906,348226,121.37219485275126,5.872747924804687,978.7913208007812
2907,348346,120.35834895062396,5.823038818359375,970.5064697265625
2908,348466,120.84779745211713,5.847615966796875,974.6026611328125
2909,348586,128.60239592588053,6.20339501953125,1033.899169921875
2910,348706,121.52731304957013,5.876026245117187,979.3377075195312
2911,348826,122.21651699905114,5.911263061523438,985.2105102539062
2912,348946,124.91394677514543,6.030517822265625,1005.0863037109375
2913,349066,133.75112499710784,6.439664794921875,1073.2774658203125
2914,349186,127.44234369521637,6.147897216796875,1024.6495361328125
2915,349306,125.48720109290404,6.057240966796875,1009.5401611328125
2916,349426,124.88415904122806,6.031742797851562,1005.2904663085938
2917,349546,130.58467376030043,6.294274658203125,1049.0457763671875
2918,349666,124.91600088796291,6.035203491210938,1005.8672485351562
2919,349786,118.006315753203,5.719543579101562,953.2572631835938
2920,349906,120.82376217001301,5.844694702148438,974.1157836914062
2921,350026,121.86589363264143,5.893245849609375,982.2076416015625
2922,350146,119.40280809687019,5.779640625,963.2734375
2923,350266,132.79613687379293,6.393664306640625,1065.6107177734375
2924,350386,124.03114437680713,5.9950751953125,999.17919921875
2925,350506,129.740312166521,6.251420654296875,1041.9034423828125
2926,350626,124.95656092245386,6.03226611328125,1005.377685546875
2927,350746,127.56451951095221,6.1520126953125,1025.33544921875
2928,350866,124.43993297394492,6.01176123046875,1001.960205078125
2929,350986,120.8704881794672,5.845059448242187,974.1765747070312
2930,351106,124.96157262666085,6.037595947265625,1006.2659912109375
2931,351226,123.55627472135939,5.969976196289062,994.9960327148438
2932,351346,128.21759934677885,6.1854287109375,1030.90478515625
2933,351466,123.60851643092494,5.97298095703125,995.496826171875
2934,351586,130.5339315614009,6.29053125,1048.421875
2935,351706,122.60016495036362,5.923417602539063,987.2362670898438
2936,351826,128.58133514345755,6.200361328125,1033.3935546875
2937,351946,123.17124193925792,5.957350341796875,992.8917236328125
2938,352066,119.47705277155981,5.7823465576171875,963.7244262695312
2939,352186,124.84234341253075,6.026893432617188,1004.4822387695312
2940,352306,120.43963890605093,5.826101440429688,971.0169067382812
2941,352426,122.54550349536967,5.923664794921875,987.2774658203125
2942,352546,116.52331578138848,5.646647094726562,941.1078491210938
2943,352666,126.79239739666303,6.1212392578125,1020.20654296875
2944,352786,117.4897194331679,5.695387573242187,949.2312622070312
2945,352906,126.27673873831233,6.095459106445312,1015.9098510742188
2946,353026,126.94667864534398,6.1245234375,1020.75390625
2947,353146,124.94337441514399,6.034712768554687,1005.7854614257812
2948,353266,130.38749692466376,6.28535009765625,1047.558349609375
2949,353386,129.9298800504126,6.264057861328125,1044.0096435546875
2950,353506,121.32795202050168,5.867591674804688,977.9319458007812
2951,353626,125.88755097130388,6.075888427734375,1012.6480712890625
2952,353746,122.77881021205582,5.932257202148437,988.7095336914062
2953,353866,130.5676059725352,6.292220947265625,1048.7034912109375
2954,353986,124.2119167019994,6.001958862304687,1000.3264770507812
2955,354106,121.42342676606691,5.873931518554688,978.9885864257812
2956,354226,118.80235717281019,5.753592041015625,958.9320068359375
2957,354346,128.34784862693292,6.191677001953125,1031.9461669921875
2958,354466,131.4909365270018,6.333927978515625,1055.6546630859375
2959,354586,119.88060910502504,5.805737182617188,967.6228637695312
2960,354706,112.00948011673778,5.441240478515625,906.8734130859375
2961,354826,122.55713869198985,5.923739501953125,987.2899169921875
2962,354946,124.74857361082998,6.026851318359375,1004.4752197265625
2963,355066,130.21729510412598,6.27619482421875,1046.032470703125
2964,355186,126.6210151248192,6.114501708984375,1019.0836181640625
2965,355306,125.15011570087746,6.050230224609375,1008.3717041015625
2966,355426,124.14708075452982,5.9980576171875,999.67626953125
2967,355546,123.10227603785476,5.9509559326171875,991.8259887695312
2968,355666,123.10075079557598,5.954903686523438,992.4839477539062
2969,355786,123.05792767006749,5.949074340820313,991.5123901367188
2970,355906,124.91546054400993,6.036875244140625,1006.1458740234375
2971,356026,123.29916719762913,5.96102197265625,993.503662109375
2972,356146,131.95325692501012,6.35544580078125,1059.240966796875
2973,356266,123.51311590237654,5.969661254882812,994.9435424804688
2974,356386,129.08965909217238,6.22170849609375,1036.951416015625
2975,356506,119.86844020433416,5.803478393554688,967.2463989257812
2976,356626,130.62402900881514,6.295919677734375,1049.3199462890625
2977,356746,120.13545248119107,5.816303100585937,969.3838500976562
2978,356866,119.7398767931327,5.794421264648437,965.7368774414062
2979,356986,124.67221025193598,6.024886962890625,1004.1478271484375
2980,357106,130.3125999117157,6.28129833984375,1046.883056640625
2981,357226,120.48988054706702,5.8315546875,971.92578125
2982,357346,124.82073223648774,6.029593505859375,1004.9322509765625
2983,357466,120.5711645977008,5.835468017578125,972.5780029296875
2984,357586,122.81725074698682,5.937169921875,989.5283203125
2985,357706,129.7857802485122,6.256508056640625,1042.7513427734375
2986,357826,124.29329551334813,6.007016235351562,1001.1693725585938
2987,357946,123.08379939643898,5.950253540039062,991.7089233398438
2988,358066,124.96390824238703,6.035717651367188,1005.9529418945312
2989,358186,125.90881179730788,6.080707397460937,1013.4512329101562
2990,358306,123.46062515052458,5.967588134765625,994.5980224609375
2991,358426,127.96639221752808,6.173006103515625,1028.8343505859375
2992,358546,124.08566912664912,5.9927314453125,998.78857421875
2993,358666,125.77990947036473,6.07186083984375,1011.976806640625
2994,358786,125.50740942330789,6.06200244140625,1010.333740234375
2995,358906,126.15811442411443,6.0917208251953125,1015.2868041992188
2996,359026,128.4460080166268,6.19836328125,1033.060546875
2997,359146,121.66444267247937,5.88630615234375,981.051025390625
2998,359266,128.59744824072928,6.20252783203125,1033.754638671875
2999,359386,128.2621160896363,6.18673681640625,1031.122802734375
3000,359506,126.36794170412553,6.101278564453125,1016.8797607421875
3001,359626,116.38174747846958,5.64280810546875,940.468017578125
3002,359746,123.51902154092016,5.962698486328125,993.7830810546875
3003,359866,128.07377683991004,6.176302734375,1029.3837890625
3004,359986,123.91179588904099,5.98789599609375,997.982666015625
3005,360106,124.33306369299723,6.006404663085937,1001.0674438476562
3006,360226,126.00745806523236,6.08049169921875,1013.415283203125
3007,360346,126.15128094444023,6.0920255126953125,1015.3375854492188
3008,360466,123.2056731839723,5.954154418945312,992.3590698242188
3009,360586,120.61325984087236,5.836270385742187,972.7117309570312
3010,360706,129.7656658233184,6.25662451171875,1042.770751953125
3011,360826,122.83738773601945,5.937607177734375,989.6011962890625
3012,360946,118.16253759807827,5.723072021484375,953.8453369140625
3013,361066,128.8286126642222,6.21416748046875,1035.694580078125
3014,361186,121.66005887969943,5.883685180664062,980.6141967773438
3015,361306,125.20648892768341,6.04559619140625,1007.599365234375
3016,361426,123.77752144436624,5.987121459960938,997.8535766601562
3017,361546,129.37538348150008,6.2351689453125,1039.19482421875
3018,361666,121.33928316557879,5.866646484375,977.7744140625
3019,361786,128.12282312929275,6.181042236328125,1030.1737060546875
3020,361906,125.04084751624342,6.036983276367187,1006.1638793945312
3021,362026,128.6916583310202,6.201771240234375,1033.6285400390625
3022,362146,128.69633155687725,6.205143310546875,1034.1905517578125
3023,362266,124.8657525618838,6.032196533203125,1005.3660888671875
3024,362386,120.51552708713461,5.827066772460937,971.1777954101562
3025,362506,128.08082966007044,6.17928955078125,1029.881591796875
3026,362626,125.5533852240405,6.059332763671875,1009.8887939453125
3027,362746,130.16388067378108,6.273463623046875,1045.5772705078125
3028,362866,123.35305772751538,5.963748779296875,993.9581298828125
3029,362986,127.75009333639193,6.16245703125,1027.076171875
3030,363106,129.25262963219106,6.2315771484375,1038.59619140625
3031,363226,119.96449573778614,5.80198388671875,966.997314453125
3032,363346,123.43622680893213,5.967409423828125,994.5682373046875
3033,363466,127.53564882161731,6.156706787109375,1026.1177978515625
3034,363586,125.98152415978818,6.081324462890625,1013.5540771484375
3035,363706,121.82541931115284,5.892098876953125,982.0164794921875
3036,363826,122.45501098419663,5.924083740234375,987.3472900390625
3037,363946,126.50212464464896,6.104867065429688,1017.4778442382812
3038,364066,118.29940540217243,5.731280639648437,955.2134399414062
3039,364186,131.93333588760748,6.35333935546875,1058.889892578125
3040,364306,121.44485751771157,5.875915283203125,979.3192138671875
3041,364426,121.37426614883238,5.875436279296875,979.2393798828125
3042,364546,128.36701012310874,6.190552734375,1031.7587890625
3043,364666,128.80242871975588,6.21194970703125,1035.324951171875
3044,364786,128.74876284776622,6.20800634765625,1034.667724609375
3045,364906,129.3178046457119,6.235226806640625,1039.2044677734375
3046,365026,126.04353278277223,6.08647265625,1014.412109375
3047,365146,109.99834768834884,5.348274169921875,891.3790283203125
3048,365266,127.87336661471964,6.16994384765625,1028.323974609375
3049,365386,134.25334887380575,6.463212158203125,1077.2020263671875
3050,365506,129.40911555431543,6.235689697265625,1039.2816162109375
3051,365626,127.37866060535208,6.144848876953125,1024.1414794921875
3052,365746,126.9763632394252,6.128537475585937,1021.4229125976562
3053,365866,117.10824929680841,5.678215576171875,946.3692626953125
3054,365986,124.60561203377605,6.019942016601562,1003.3236694335938
3055,366106,120.87386752316907,5.844466552734375,974.0777587890625
3056,366226,123.56929743624143,5.970692504882813,995.1154174804688
3057,366346,122.81505497650411,5.942181518554688,990.3635864257812
3058,366466,126.53292016006584,6.105447143554687,1017.5745239257812
3059,366586,133.34714631780295,6.416606689453125,1069.4344482421875
3060,366706,121.60551564003669,5.88134619140625,980.224365234375
3061,366826,121.59490142230484,5.881019165039063,980.1698608398438
3062,366946,124.72192921274255,6.019812744140625,1003.3021240234375
3063,367066,122.25872791031665,5.910970458984375,985.1617431640625
3064,367186,126.01887524197424,6.085523071289063,1014.2538452148438
3065,367306,123.13834445075096,5.951022216796875,991.8370361328125
3066,367426,124.92840584950478,6.0294473876953125,1004.9078979492188
3067,367546,120.03191485977031,5.807172729492187,967.8621215820312
3068,367666,126.79159266885071,6.114642700195312,1019.1071166992188
3069,367786,125.75195004525204,6.071078979492188,1011.8464965820312
3070,367906,128.2316294246552,6.186648193359375,1031.1080322265625
3071,368026,118.712577009585,5.746296752929688,957.7161254882812
3072,368146,118.03569004966405,5.716224609375,952.7041015625
3073,368266,120.4643217701356,5.833757080078125,972.2928466796875
3074,368386,129.9283522430611,6.262768798828125,1043.7947998046875
3075,368506,127.33318260050596,6.14000390625,1023.333984375
3076,368626,131.06824392279154,6.31390869140625,1052.318115234375
3077,368746,124.65719685817695,6.018971923828125,1003.1619873046875
3078,368866,116.18587343393446,5.630110473632812,938.3517456054688
3079,368986,125.81539641897477,6.071282958984375,1011.8804931640625
3080,369106,127.74757274441626,6.16220947265625,1027.034912109375
3081,369226,120.95093617792085,5.8475972900390625,974.5995483398438
3082,369346,123.8565398716595,5.982030029296875,997.0050048828125
3083,369466,118.71395050289085,5.7460477294921875,957.6746215820312
3084,369586,116.75957906532084,5.656338500976562,942.7230834960938
3085,369706,120.13652039713278,5.811017211914063,968.5028686523438
3086,369826,118.72744286042982,5.748873779296875,958.1456298828125
3087,369946,120.02207480198997,5.80642822265625,967.738037109375
3088,370066,126.48486175004888,6.105678955078125,1017.6131591796875
3089,370186,122.09995194978103,5.900338989257812,983.3898315429688
3090,370306,124.64946898198357,6.020148559570313,1003.3580932617188
3091,370426,133.98938343714144,6.443244140625,1073.8740234375
3092,370546,128.76062538349214,6.208153564453125,1034.6922607421875
3093,370666,122.69024877995002,5.929676147460937,988.2793579101562
3094,370786,122.11234753875523,5.901072509765625,983.5120849609375
3095,370906,122.65727471666457,5.926557495117187,987.7595825195312
3096,371026,124.58696065782887,6.015598754882813,1002.5997924804688
3097,371146,120.34932994535261,5.822321044921875,970.3868408203125
3098,371266,125.14864045879801,6.042409790039063,1007.0682983398438
3099,371386,131.47773386727994,6.332073486328125,1055.3455810546875
3100,371506,125.21592510663667,6.047819458007813,1007.9699096679688
3101,371626,122.00038518658896,5.89640185546875,982.733642578125
3102,371746,124.86237918622598,6.027474243164063,1004.5790405273438
3103,371866,131.19381248096204,6.321544189453125,1053.5906982421875
3104,371986,123.43576646901138,5.9620250244140625,993.6708374023438
3105,372106,124.36709038308253,6.006780395507812,1001.1300659179688
3106,372226,126.91405364696024,6.12135498046875,1020.225830078125
3107,372346,127.81372184373551,6.162257080078125,1027.0428466796875
3108,372466,124.86364530648261,6.029135375976563,1004.8558959960938
3109,372586,125.96441836654176,6.080864501953125,1013.4774169921875
3110,372706,121.47703465513482,5.8712490234375,978.54150390625
3111,372826,120.04716384738444,5.807265380859375,967.8775634765625
3112,372946,121.46962197741223,5.873740356445312,978.9567260742188
3113,373066,126.95276310969186,6.123191162109375,1020.5318603515625
3114,373186,123.81041752145609,5.980643188476562,996.7738647460938
3115,373306,124.35385195069766,6.0042791748046875,1000.7131958007812
3116,373426,129.6998137775353,6.248666015625,1041.4443359375
3117,373546,130.9578673566961,6.305384033203125,1050.8973388671875
3118,373666,120.64702350073453,5.835087524414062,972.5145874023438
3119,373786,124.96324525626078,6.0305419921875,1005.09033203125
3120,373906,128.16183892267026,6.1822822265625,1030.38037109375
3121,374026,123.40850995396727,5.957679931640625,992.9466552734375
3122,374146,131.55127481470316,6.33070166015625,1055.116943359375
3123,374266,121.10789527067196,5.857838745117188,976.3064575195312
3124,374386,132.62753248720873,6.383577392578125,1063.9295654296875
3125,374506,119.31172709971295,5.77349560546875,962.249267578125
3126,374626,118.26580479155282,5.725335571289063,954.2225952148438
3127,374746,119.4502566789111,5.781262573242188,963.5437622070312
3128,374866,118.84333258165736,5.752251342773437,958.7085571289062
3129,374986,121.31475766584957,5.864681030273437,977.4468383789062
3130,375106,125.46074763823508,6.051896850585938,1008.6494750976562
3131,375226,119.30138650049904,5.7744774169921875,962.4129028320312
3132,375346,128.87803663071665,6.2082568359375,1034.70947265625
3133,375466,122.2354594699275,5.902544311523437,983.7573852539062
3134,375586,126.26982724740418,6.095974731445312,1015.9957885742188
3135,375706,129.46000680877728,6.23667041015625,1039.445068359375
3136,375826,125.50241691239393,6.059281127929688,1009.8801879882812
3137,375946,121.07263521103404,5.85715283203125,976.192138671875
3138,376066,126.40783375084663,6.096124145507813,1016.0206909179688
3139,376186,123.36738134639879,5.96021923828125,993.369873046875
3140,376306,127.08308482885683,6.124450927734375,1020.7418212890625
3141,376426,121.16714258835314,5.858564208984375,976.4273681640625
3142,376546,126.64152522649637,6.109575073242188,1018.2625122070312
3143,376666,129.20698280443042,6.2260546875,1037.67578125
3144,376786,120.51136732937852,5.825981689453125,970.9969482421875
3145,376906,125.64721386503595,6.065215942382813,1010.8693237304688
3146,377026,128.22346438315026,6.17958984375,1029.931640625
3147,377146,114.37613234362405,5.549328369140625,924.8880615234375
3148,377266,130.10455168350646,6.2703515625,1045.05859375
3149,377386,116.24077455353184,5.63280029296875,938.800048828125
3150,377506,128.6238735651869,6.19639453125,1032.732421875
3151,377626,126.35573719949245,6.100486083984375,1016.7476806640625
3152,377746,117.52872701896476,5.695318359375,949.2197265625
3153,377866,120.7118723109203,5.838872314453125,973.1453857421875
3154,377986,129.84750868051393,6.25735400390625,1042.892333984375
3155,378106,120.5408565930224,5.8329796142578125,972.1632690429688
3156,378226,129.7910319804727,6.255980712890625,1042.6634521484375
3157,378346,122.77455359531834,5.9356622314453125,989.2770385742188
3158,378466,129.3130589959505,6.233669677734375,1038.9449462890625
3159,378586,122.46324703131086,5.919413818359375,986.5689697265625
3160,378706,117.53808627547355,5.695033813476562,949.1723022460938
3161,378826,127.26418851997245,6.14087548828125,1023.479248046875
3162,378946,121.13543532296094,5.859922119140625,976.6536865234375
3163,379066,122.64911261599309,5.92607958984375,987.679931640625
3164,379186,119.92124331915605,5.804304565429687,967.3840942382812
3165,379306,118.7604672449867,5.749859619140625,958.3099365234375
3166,379426,123.57204272075268,5.968593017578125,994.7655029296875
3167,379546,125.74949226881625,6.0711416015625,1011.85693359375
3168,379666,123.02518062713506,5.93885009765625,989.808349609375
3169,379786,121.2501203006207,5.862233642578125,977.0389404296875
3170,379906,118.1919753953736,5.720955688476563,953.4926147460938
3171,380026,122.24914860880479,5.906619873046875,984.4366455078125
3172,380146,131.96939116512618,6.35467529296875,1059.112548828125
3173,380266,130.99208670606154,6.3062080078125,1051.03466796875
3174,380386,127.1166659658707,6.12961962890625,1021.603271484375
3175,380506,124.90585979357039,6.030548583984375,1005.0914306640625
3176,380626,123.03620620410088,5.93869189453125,989.781982421875
3177,380746,122.02176081874094,5.894807739257812,982.4679565429688
3178,380866,125.30334192276015,6.04674462890625,1007.790771484375
3179,380986,120.8421473244246,5.842207397460937,973.7012329101562
3180,381106,125.63424022102436,6.0651328125,1010.85546875
3181,381226,128.37557643702854,6.18737548828125,1031.229248046875
3182,381346,122.74300242082884,5.926857055664063,987.8095092773438
3183,381466,125.70320575482513,6.062891967773438,1010.4819946289062
3184,381586,127.50851073180367,6.149083740234375,1024.8472900390625
3185,381706,126.43224486088266,6.09666943359375,1016.111572265625
3186,381826,124.72530418532818,6.0229775390625,1003.82958984375
3187,381946,121.58709424712275,5.8742479248046875,979.0413208007812
3188,382066,130.8394460842875,6.30243017578125,1050.405029296875
3189,382186,127.60965248048372,6.152510009765625,1025.4183349609375
3190,382306,126.44604372418044,6.100248413085938,1016.7080688476562
3191,382426,127.99137157286863,6.172279541015625,1028.7132568359375
3192,382546,123.88812787732098,5.9850615234375,997.51025390625
3193,382666,126.45811402127521,6.099803833007813,1016.6339721679688
3194,382786,122.65188413596206,5.924574096679687,987.4290161132812
3195,382906,123.58079950892264,5.971078491210937,995.1797485351562
3196,383026,126.37454066633505,6.098209716796875,1016.3682861328125
3197,383146,132.21223485995571,6.360979248046875,1060.1632080078125
3198,383266,125.89406290285957,6.081465087890625,1013.5775146484375
3199,383386,132.45494712219678,6.37290966796875,1062.151611328125
3200,383506,117.55693811800266,5.694025634765625,949.0042724609375
3201,383626,124.11887453998679,5.995852661132813,999.3087768554688
3202,383746,118.61648164068193,5.74151953125,956.919921875
3203,383866,129.30797391366409,6.231387451171875,1038.5645751953125
3204,383986,125.04112572743712,6.035700439453125,1005.9500732421875
3205,384106,123.17765253421597,5.949926513671875,991.6544189453125
3206,384226,127.97162682068256,6.17117138671875,1028.528564453125
3207,384346,124.73109305491143,6.0238363037109375,1003.9727172851562
3208,384466,123.64553752096782,5.97559130859375,995.931884765625
3209,384586,127.85282192498767,6.16506298828125,1027.510498046875
3210,384706,131.04904832058506,6.312462890625,1052.0771484375
3211,384826,121.98211820010457,5.8969398193359375,982.8233032226562
3212,384946,118.85795268531935,5.752881958007812,958.8136596679688
3213,385066,127.38690328094219,6.1449169921875,1024.15283203125
3214,385186,120.90214543518056,5.842203735351562,973.7006225585938
3215,385306,127.57760871611471,6.152224365234375,1025.3707275390625
3216,385426,119.72470903784124,5.79015966796875,965.026611328125
3217,385546,130.68377250418962,6.296574462890625,1049.4290771484375
3218,385666,120.37905438404613,5.818974609375,969.8291015625
3219,385786,125.93899019677741,6.077022583007812,1012.8370971679688
3220,385906,124.63485887615215,6.016332641601562,1002.7221069335938
3221,386026,122.03828744331311,5.899395263671875,983.2325439453125
3222,386146,127.30550116467266,6.13932861328125,1023.221435546875
3223,386266,126.10855202282737,6.08134716796875,1013.557861328125
3224,386386,128.91013146668922,6.212359130859375,1035.3931884765625
3225,386506,119.11497169687146,5.766955444335937,961.1592407226562
3226,386626,122.68590355671546,5.928113891601562,988.0189819335938
3227,386746,121.27009746513254,5.866125366210937,977.6875610351562
3228,386866,127.09049166899061,6.129353393554688,1021.5588989257812
3229,386986,122.366483358053,5.911123168945313,985.1871948242188
3230,387106,115.4254749510822,5.594157348632812,932.3595581054688
3231,387226,127.06276686896089,6.130619750976562,1021.7699584960938
3232,387346,126.13504315258507,6.0858369140625,1014.30615234375
3233,387466,129.4684964424895,6.236279296875,1039.3798828125
3234,387586,120.00861594494481,5.8050604248046875,967.5100708007812
3235,387706,123.26354608664518,5.955932373046875,992.6553955078125
3236,387826,128.8735841539701,6.210154541015625,1035.0257568359375
3237,387946,127.56891586596205,6.148155029296875,1024.6925048828125
3238,388066,130.15464257751972,6.266841796875,1044.4736328125
3239,388186,122.31329740867646,5.908437744140625,984.7396240234375
3240,388306,125.17297956603392,6.0416982421875,1006.94970703125
3241,388426,115.87805040652557,5.6143095703125,935.71826171875
3242,388546,130.11846657841699,6.2662177734375,1044.36962890625
3243,388666,130.18086863363757,6.27017138671875,1045.028564453125
3244,388786,125.91889705719078,6.073920776367188,1012.3201293945312
3245,388906,125.07690006195568,6.037012939453125,1006.1688232421875
3246,389026,134.6272011074812,6.474831298828125,1079.1385498046875
3247,389146,121.87262044081395,5.889638305664063,981.6063842773438
3248,389266,120.15370564740918,5.817061889648437,969.5103149414062
3249,389386,126.21166108488899,6.088644287109375,1014.7740478515625
3250,389506,124.46800444356913,6.009095947265625,1001.5159912109375
3251,389626,124.23731564849606,5.997147216796875,999.5245361328125
3252,389746,128.24905745627416,6.1816259765625,1030.27099609375
3253,389866,131.29278591171388,6.3225615234375,1053.76025390625
3254,389986,120.89686807396728,5.848009643554687,974.6682739257812
3255,390106,130.8588576289256,6.302525390625,1050.4208984375
3256,390226,126.32048717059024,6.0940283203125,1015.67138671875
3257,390346,129.98236128009793,6.266732666015625,1044.4554443359375
3258,390466,127.13845192277324,6.133602905273437,1022.2671508789062
3259,390586,124.97786103393813,6.033720336914063,1005.6200561523438
3260,390706,122.36029898041278,5.91353466796875,985.589111328125
3261,390826,119.66269536941611,5.787633544921875,964.6055908203125
3262,390946,121.18411153494752,5.858196533203125,976.3660888671875
3263,391066,125.45007248752154,6.05531103515625,1009.218505859375
3264,391186,127.74517492415393,6.15864697265625,1026.441162109375
3265,391306,128.88612812504059,6.21465673828125,1035.776123046875
3266,391426,120.95600080943753,5.846255126953125,974.3758544921875
3267,391546,125.08388392719672,6.038382934570312,1006.3971557617188
3268,391666,134.2658013928658,6.456154541015625,1076.0257568359375
3269,391786,121.85402572830921,5.890532958984375,981.7554931640625
3270,391906,119.30957507051141,5.777731567382813,962.9552612304688
3271,392026,129.05428795700664,6.222978515625,1037.1630859375
3272,392146,123.36798248428752,5.958514892578125,993.0858154296875
3273,392266,124.48255118122356,6.0087301025390625,1001.4550170898438
3274,392386,128.51970707315135,6.19409912109375,1032.349853515625
3275,392506,118.3002008866855,5.735792724609375,955.9654541015625
3276,392626,126.66156753822894,6.10961865234375,1018.269775390625
3277,392746,121.6423619838168,5.878571044921875,979.7618408203125
3278,392866,129.42370009122723,6.242584716796875,1040.4307861328125
3279,392986,119.613481933272,5.7868212890625,964.47021484375
3280,393106,122.07134218565726,5.901957641601562,983.6596069335938
3281,393226,124.48862589193794,6.014115966796875,1002.3526611328125
3282,393346,132.46463615939706,6.37639453125,1062.732421875
3283,393466,122.28372860702503,5.910547119140625,985.0911865234375
3284,393586,119.97034920369177,5.80651611328125,967.752685546875
3285,393706,122.91394556300953,5.942687255859375,990.4478759765625
3286,393826,116.2029735678243,5.6373984375,939.56640625
3287,393946,129.00158932888044,6.21325634765625,1035.542724609375
3288,394066,127.75242140241183,6.16164697265625,1026.941162109375
3289,394186,123.85963065174892,5.978714721679688,996.4524536132812
3290,394306,125.90051385058311,6.079409545898438,1013.2349243164062
3291,394426,130.36337909039355,6.278549560546875,1046.4249267578125
3292,394546,128.18931611249866,6.1770791015625,1029.51318359375
3293,394666,124.67207478940381,6.018921752929687,1003.1536254882812
3294,394786,119.57886893252103,5.787094848632813,964.5158081054688
3295,394906,123.445024322906,5.962728515625,993.7880859375
3296,395026,127.77013494607465,6.16307666015625,1027.179443359375
3297,395146,124.83556299773988,6.025556762695312,1004.2594604492188
3298,395266,120.58439038301759,5.832651123046875,972.1085205078125
3299,395386,126.32096989427279,6.091107055664063,1015.1845092773438
3300,395506,123.48876602093023,5.968803955078125,994.8006591796875
3301,395626,127.04293352785194,6.125274169921875,1020.8790283203125
3302,395746,126.47093186887398,6.103049194335937,1017.1748657226562
3303,395866,131.16944538515244,6.314715087890625,1052.4525146484375
3304,395986,126.05460421819902,6.082482788085938,1013.7471313476562
3305,396106,132.2657304303516,6.36969287109375,1061.615478515625
3306,396226,123.6237818019833,5.972581420898438,995.4302368164062
3307,396346,123.43141266393542,5.961816284179688,993.6360473632812
3308,396466,122.22402883543919,5.908788940429687,984.7981567382812
3309,396586,123.02676026958662,5.940413818359375,990.0689697265625
3310,396706,124.63190433050815,6.01655859375,1002.759765625
3311,396826,119.10329411178913,5.765453979492188,960.9089965820312
3312,396946,129.06248172642483,6.218895263671875,1036.4825439453125
3313,397066,114.0207451856292,5.532099609375,922.0166015625
3314,397186,125.1973212613301,6.045026000976563,1007.5043334960938
3315,397306,124.27969077212467,6.000133666992188,1000.0222778320312
3316,397426,129.58504179802307,6.245294677734375,1040.8824462890625
3317,397546,122.76771179539303,5.9283643798828125,988.0607299804688
3318,397666,130.37925507207615,6.2789912109375,1046.49853515625
3319,397786,126.26519146814631,6.091380249023437,1015.2300415039062
3320,397906,127.48903089373403,6.147967529296875,1024.6612548828125
3321,398026,121.76725625425742,5.8892889404296875,981.5481567382812
3322,398146,130.6119909222221,6.292541015625,1048.7568359375
3323,398266,122.50734374173831,5.917370727539063,986.2284545898438
3324,398386,131.83674865439517,6.348507568359375,1058.0845947265625
3325,398506,131.09288511807046,6.314737060546875,1052.4561767578125
3326,398626,128.4397849718585,6.192063720703125,1032.0106201171875
3327,398746,118.23303725085981,5.728908325195312,954.8180541992188
3328,398866,128.491272864378,6.195344970703125,1032.5574951171875
3329,398986,127.84496668341515,6.16043701171875,1026.739501953125
3330,399106,130.16905171899086,6.269398681640625,1044.8997802734375
3331,399226,127.50478319044021,6.145905029296875,1024.3175048828125
3332,399346,130.59970192655769,6.28964794921875,1048.274658203125
3333,399466,119.16010369697347,5.768323974609375,961.3873291015625
3334,399586,121.13631530554143,5.852278564453125,975.3797607421875
3335,399706,119.13490267790276,5.760955810546875,960.1593017578125
3336,399826,127.89740496264432,6.1676279296875,1027.93798828125
3337,399946,124.14206004128731,5.995275146484375,999.2125244140625
3338,400066,132.99563623482365,6.39427734375,1065.712890625
3339,400186,122.73035157975765,5.929784545898437,988.2974243164062
3340,400306,122.14215389176105,5.90602294921875,984.337158203125
3341,400426,128.65729020401278,6.200140869140625,1033.3568115234375
3342,400546,127.77393740731118,6.1593369140625,1026.55615234375
3343,400666,127.96704440710184,6.171002197265625,1028.5003662109375
3344,400786,128.23659968784054,6.179124755859375,1029.8541259765625
3345,400906,135.14503285861537,6.498566162109375,1083.0943603515625
3346,401026,127.8457986976464,6.166528564453125,1027.7547607421875
3347,401146,120.51495039358602,5.82732861328125,971.221435546875
3348,401266,119.49238174133536,5.781797607421875,963.6329345703125
3349,401386,131.89840496066532,6.34798828125,1057.998046875
3350,401506,125.68138595548285,6.0640810546875,1010.68017578125
3351,401626,133.8961028825093,6.441485595703125,1073.5809326171875
3352,401746,128.56700304538674,6.1949326171875,1032.48876953125
3353,401866,132.07074014390878,6.354028564453125,1059.0047607421875
3354,401986,125.96831436510467,6.0787529296875,1013.12548828125
3355,402106,136.59333875209742,6.56207958984375,1093.679931640625
3356,402226,125.76081918839871,6.0663955078125,1011.06591796875
3357,402346,115.67600506972408,5.60883544921875,934.805908203125
3358,402466,121.26709387253817,5.866227172851563,977.7045288085938
3359,402586,132.02827099402452,6.35180712890625,1058.634521484375
3360,402706,133.75180286549337,6.43619384765625,1072.698974609375
3361,402826,122.40756115164372,5.9129835205078125,985.4972534179688
3362,402946,127.36635080041154,6.146271240234375,1024.3785400390625
3363,403066,125.2873805933472,6.046372924804688,1007.7288208007812
3364,403186,129.22342969613288,6.2257705078125,1037.62841796875
3365,403306,128.33671709605227,6.1855283203125,1030.92138671875
3366,403426,122.8805131582423,5.93410986328125,989.018310546875
3367,403546,123.7089272765937,5.97165234375,995.275390625
3368,403666,124.51972617970668,6.016887817382813,1002.8146362304688
3369,403786,121.85067262962238,5.887969848632813,981.3283081054688
3370,403906,121.54178098223727,5.874025268554687,979.0042114257812
3371,404026,117.10485698855959,5.673310546875,945.5517578125
3372,404146,135.15793046853042,6.49750634765625,1082.917724609375
3373,404266,121.8696051050294,5.8950263671875,982.50439453125
3374,404386,120.83017960287204,5.84005517578125,973.342529296875
3375,404506,123.38011892028834,5.955603515625,992.6005859375
3376,404626,121.71543491078442,5.884345458984375,980.7242431640625
3377,404746,124.42056869988161,6.004816040039063,1000.8026733398438
3378,404866,119.7397031102795,5.794446166992188,965.7410278320312
3379,404986,123.76008060676828,5.973751831054687,995.6253051757812
3380,405106,130.7459947274672,6.296731201171875,1049.4552001953125
3381,405226,118.4772036692987,5.733010620117187,955.5017700195312
3382,405346,126.0052799105703,6.073594848632813,1012.2658081054688
3383,405466,128.69380507084222,6.201391845703125,1033.5653076171875
3384,405586,121.50838114824163,5.869122802734375,978.1871337890625
3385,405706,119.07472101549072,5.760147583007813,960.0245971679688
3386,405826,136.79174609646026,6.56709375,1094.515625
3387,405946,124.74757673323505,6.024002197265625,1004.0003662109375
3388,406066,132.14540849858437,6.357139892578125,1059.5233154296875
3389,406186,119.51234401089064,5.777252197265625,962.8753662109375
3390,406306,112.79667501288215,5.4705703125,911.76171875
3391,406426,128.87286987940053,6.2085146484375,1034.75244140625
3392,406546,128.84010787921454,6.21169775390625,1035.282958984375
3393,406666,128.70447467386828,6.199773193359375,1033.2955322265625
3394,406786,126.16932082624929,6.084199584960937,1014.0332641601562
3395,406906,130.43407191523644,6.278553955078125,1046.4256591796875
3396,407026,128.47724035728396,6.19171435546875,1031.952392578125
3397,407146,117.37236561817538,5.6866387939453125,947.7731323242188
3398,407266,117.1041501158407,5.673814819335938,945.6358032226562
3399,407386,127.95162491505687,6.1653251953125,1027.55419921875
3400,407506,124.59320005962864,6.0096064453125,1001.60107421875
3401,407626,131.62409167571406,6.335537841796875,1055.9229736328125
3402,407746,126.34741720441157,6.091690795898438,1015.2817993164062
3403,407866,127.7038150040697,6.15552392578125,1025.920654296875
3404,407986,129.71759608001378,6.248316650390625,1041.3861083984375
3405,408106,121.48204725736403,5.871002197265625,978.5003662109375
3406,408226,122.84356621360291,5.9321923828125,988.69873046875
3407,408346,116.91508916301527,5.662376586914062,943.7294311523438
3408,408466,126.1116964766388,6.0842962646484375,1014.0493774414062
3409,408586,132.48224717530016,6.372473876953125,1062.0789794921875
3410,408706,119.38313694121342,5.77074169921875,961.790283203125
3411,408826,126.34129287210189,6.092890502929688,1015.4817504882812
3412,408946,121.73302628785048,5.88121875,980.203125
3413,409066,126.0244556960637,6.078523681640625,1013.0872802734375
3414,409186,122.28251040788024,5.9106031494140625,985.1005249023438
3415,409306,125.81682801317444,6.072214965820312,1012.0358276367188
3416,409426,130.17955000807248,6.27045263671875,1045.075439453125
3417,409546,123.83237882902382,5.979331420898437,996.5552368164062
3418,409666,124.29698909771209,5.99829931640625,999.716552734375
3419,409786,125.80847545865987,6.06546240234375,1010.910400390625
3420,409906,127.93793427804546,6.16162353515625,1026.937255859375
3421,410026,129.88085994049106,6.25568408203125,1042.614013671875
3422,410146,127.22303923160926,6.131349243164062,1021.8915405273438
3423,410266,125.5815400717009,6.052576171875,1008.7626953125
3424,410386,124.7753376329421,6.016187622070312,1002.6979370117188
3425,410506,131.13735044055457,6.31080908203125,1051.801513671875
3426,410626,125.50664238415371,6.051211669921875,1008.5352783203125
3427,410746,123.34513691878243,5.948111206054688,991.3518676757812
3428,410866,126.3094744247482,6.0902021484375,1015.03369140625
3429,410986,126.63748517765032,6.106664794921875,1017.7774658203125
3430,411106,119.88490391696283,5.797308837890625,966.2181396484375
3431,411226,124.4275335454605,5.998817138671875,999.8028564453125
3432,411346,123.18223863063876,5.946296997070313,991.0494995117188
3433,411466,137.19747601167808,6.58852880859375,1098.088134765625
3434,411586,121.58902089397989,5.8751748046875,979.19580078125
3435,411706,121.89563548007453,5.889759155273437,981.6265258789062
3436,411826,124.61305453336476,6.0089395751953125,1001.4899291992188
3437,411946,131.2496956735373,6.314274169921875,1052.3790283203125
3438,412066,124.1648125848433,5.9894150390625,998.23583984375
3439,412186,120.34234799095603,5.815977905273438,969.3296508789062
3440,412306,125.21227135121143,6.037908325195312,1006.3180541992188
3441,412426,129.96255428560463,6.2619375,1043.65625
3442,412546,121.97172235290921,5.887160522460937,981.1934204101562
3443,412666,126.78658920613611,6.114135864257812,1019.0226440429688
3444,412786,128.21488057317833,6.1840341796875,1030.67236328125
3445,412906,123.39310587488073,5.95846875,993.078125
3446,413026,123.78661686740534,5.974246948242188,995.7078247070312
3447,413146,129.0459527430288,6.21244921875,1035.408203125
3448,413266,126.91147433683375,6.118109619140625,1019.6849365234375
3449,413386,122.97381121926459,5.935635131835937,989.2725219726562
3450,413506,120.92561960107115,5.8417470703125,973.62451171875
3451,413626,129.17719785418942,6.2210859375,1036.84765625
3452,413746,124.16929027926656,5.991702392578125,998.6170654296875
3453,413866,121.8835577599886,5.8843681640625,980.72802734375
3454,413986,124.89811215994081,6.0279041748046875,1004.6506958007812
3455,414106,129.60405703300495,6.240390380859375,1040.0650634765625
3456,414226,125.26894855539666,6.041575561523437,1006.9292602539062
3457,414346,131.06052119148092,6.304950439453125,1050.8250732421875
3458,414466,123.81663653048994,5.974453857421875,995.7423095703125
3459,414586,127.65032902813554,6.151869140625,1025.3115234375
3460,414706,126.11079421374515,6.081639770507812,1013.6066284179688
3461,414826,128.0466594752349,6.17164453125,1028.607421875
3462,414946,120.55318829424985,5.827539916992188,971.2566528320312
3463,415066,130.1270566084241,6.262591552734375,1043.7652587890625
3464,415186,126.50675733980475,6.098680297851563,1016.4467163085938
3465,415306,128.55922439755392,6.194038330078125,1032.3397216796875
3466,415426,122.70979581986671,5.922633911132812,987.1056518554688
3467,415546,130.3069187892911,6.27515185546875,1045.858642578125
3468,415666,127.48046250678115,6.142805419921875,1023.8009033203125
3469,415786,127.67976583252047,6.151014404296875,1025.1690673828125
3470,415906,137.19443692320863,6.587724609375,1097.9541015625
3471,416026,126.15963577897294,6.08042431640625,1013.404052734375
3472,416146,129.0213262327524,6.216141357421875,1036.0235595703125
3473,416266,126.22978875479663,6.082782348632812,1013.7970581054688
3474,416386,130.02288887459474,6.2595,1043.25
3475,416506,132.97454225478722,6.39455859375,1065.759765625
3476,416626,122.55179462944133,5.917932495117188,986.3220825195312
3477,416746,129.55913084231221,6.242302734375,1040.3837890625
3478,416866,127.424292414241,6.1383995361328125,1023.0665893554688
3479,416986,127.94071117529592,6.164693115234375,1027.4488525390625
3480,417106,117.4872895117833,5.686215087890625,947.7025146484375
3481,417226,127.04952298122026,6.1271689453125,1021.19482421875
3482,417346,125.13785186233468,6.034365966796875,1005.7276611328125
3483,417466,120.77881221051783,5.835410522460937,972.5684204101562
3484,417586,119.0925437271224,5.76518408203125,960.864013671875
3485,417706,131.6854434892984,6.33583447265625,1055.972412109375
3486,417826,122.15680121347839,5.896689331054687,982.7815551757812
3487,417946,130.79440006755493,6.29907275390625,1049.845458984375
3488,418066,131.75938417760466,6.341244873046875,1056.8741455078125
3489,418186,131.09593384591096,6.30722607421875,1051.204345703125
3490,418306,123.49272920509259,5.960968505859375,993.4947509765625
3491,418426,116.50009176308133,5.639838500976563,939.9730834960938
3492,418546,130.76961211633875,6.294610107421875,1049.1016845703125
3493,418666,128.3516789146873,6.182069091796875,1030.3448486328125
3494,418786,131.07008057617713,6.30401806640625,1050.669677734375
3495,418906,118.54595252445648,5.732731567382812,955.4552612304688
3496,419026,135.39037910703138,6.51193359375,1085.322265625
3497,419146,124.06297482360495,5.987633422851562,997.9389038085938
3498,419266,124.6399216536607,6.009126342773437,1001.5210571289062
3499,419386,128.62283276664215,6.194853515625,1032.4755859375
3500,419506,127.32625096245928,6.137537841796875,1022.9229736328125
3501,419626,132.79249962383832,6.385039306640625,1064.1732177734375
3502,419746,128.2410355111563,6.175329345703125,1029.2215576171875
3503,419866,124.97250061034589,6.02846630859375,1004.744384765625
3504,419986,133.24960562102032,6.4074931640625,1067.91552734375
3505,420106,130.55126231523928,6.284176025390625,1047.3626708984375
3506,420226,129.69035905824805,6.24405322265625,1040.675537109375
3507,420346,122.6994314955358,5.926449829101562,987.7416381835938
3508,420466,122.16057645654905,5.897441162109375,982.9068603515625
3509,420586,124.27235954811675,5.994618896484375,999.1031494140625
3510,420706,128.09514634242078,6.170212646484375,1028.3687744140625
3511,420826,125.23138712653308,6.039392944335938,1006.5654907226562
3512,420946,126.76718387618843,6.112985961914062,1018.8309936523438
3513,421066,130.99512011167292,6.30440478515625,1050.734130859375
3514,421186,126.90679298782328,6.117739013671875,1019.6231689453125
3515,421306,121.23338107308717,5.855338623046875,975.8897705078125
3516,421426,125.2164896393864,6.03714697265625,1006.191162109375
3517,421546,121.1792813687371,5.853189331054687,975.5315551757812
3518,421666,128.4130218226721,6.188540771484375,1031.4234619140625
3519,421786,121.99650723500305,5.894055541992188,982.3425903320312
3520,421906,131.97976802274812,6.3505751953125,1058.42919921875
3521,422026,125.78329181101786,6.064978271484375,1010.8297119140625
3522,422146,124.2880107702312,5.997959838867187,999.6599731445312
3523,422266,122.51652477795844,5.9133321533203125,985.5553588867188
3524,422386,127.62268312864681,6.14823486328125,1024.705810546875
3525,422506,121.06361993571664,5.846756469726563,974.4594116210938
3526,422626,123.93308821090449,5.982658813476562,997.1098022460938
3527,422746,128.3361308948573,6.185277099609375,1030.8795166015625
3528,422866,125.42586120077736,6.046755615234375,1007.7926025390625
3529,422986,133.49373676514654,6.4195458984375,1069.92431640625
3530,423106,122.99000956092314,5.939802612304687,989.9671020507812
3531,423226,129.24244255497263,6.220566650390625,1036.7611083984375
3532,423346,129.64497541341393,6.242802978515625,1040.4671630859375
3533,423466,133.67128983995465,6.427191650390625,1071.1986083984375
3534,423586,131.3896822425745,6.325152099609375,1054.1920166015625
3535,423706,119.3459599398652,5.76989208984375,961.648681640625
3536,423826,132.12374083035866,6.357451904296875,1059.5753173828125
3537,423946,129.74946293344837,6.244525634765625,1040.7542724609375
3538,424066,126.04652679890674,6.079913452148437,1013.3189086914062
3539,424186,125.94318713175831,6.070220947265625,1011.7034912109375
3540,424306,127.59912584444051,6.154906494140625,1025.8177490234375
3541,424426,121.57765979983404,5.8804482421875,980.07470703125
3542,424546,118.03735179943801,5.7128712158203125,952.1452026367188
3543,424666,129.31980851971264,6.228931640625,1038.1552734375
3544,424786,127.62826659848847,6.1471962890625,1024.53271484375
3545,424906,120.46203540444027,5.8207203369140625,970.1200561523438
3546,425026,125.46988815747274,6.051945556640625,1008.6575927734375
3547,425146,125.19512858378835,6.0403681640625,1006.72802734375
3548,425266,125.8717429710521,6.06705615234375,1011.176025390625
3549,425386,129.0957209148234,6.21818701171875,1036.364501953125
3550,425506,123.68888758858864,5.964589965820313,994.0983276367188
3551,425626,129.09027142595835,6.218461669921875,1036.4102783203125
3552,425746,125.35710871220138,6.044923828125,1007.4873046875
3553,425866,125.6469860585108,6.05977880859375,1009.963134765625
3554,425986,127.32021443034273,6.13280859375,1022.134765625
3555,426106,127.18494381508125,6.131596069335938,1021.9326782226562
3556,426226,125.59718532564267,6.0620126953125,1010.33544921875
3557,426346,122.74685085975739,5.930895263671875,988.4825439453125
3558,426466,119.95416699823258,5.799234741210937,966.5391235351562
3559,426586,132.03913148498134,6.35529638671875,1059.216064453125
3560,426706,126.49674392104575,6.100059814453125,1016.6766357421875
3561,426826,126.97064432216928,6.119091430664063,1019.8485717773438
3562,426946,122.54313635999348,5.917581298828125,986.2635498046875
3563,427066,128.6557261153758,6.20124169921875,1033.540283203125
3564,427186,126.98073760438717,6.118685302734375,1019.7808837890625
3565,427306,133.4815829384312,6.419657958984375,1069.9429931640625
3566,427426,124.97454832255092,6.027867553710937,1004.6445922851562
3567,427546,134.1585711606115,6.4490068359375,1074.83447265625
3568,427666,127.06667964075001,6.1271253662109375,1021.1875610351562
3569,427786,132.67469227915385,6.379764404296875,1063.2940673828125
3570,427906,125.44202722279174,6.051466918945312,1008.5778198242188
3571,428026,119.3113029563757,5.772495483398438,962.0825805664062
3572,428146,126.06867400766414,6.077093994140625,1012.8489990234375
3573,428266,129.13526293270888,6.22201025390625,1037.001708984375
3574,428386,129.6753543778624,6.24145458984375,1040.242431640625
3575,428506,133.72236693837775,6.429603515625,1071.6005859375
3576,428626,125.45288022289489,6.051239868164062,1008.5399780273438
3577,428746,131.64434646451204,6.33426708984375,1055.711181640625
3578,428866,121.30669991114128,5.858769287109375,976.4615478515625
3579,428986,134.15511399245025,6.443321044921875,1073.8868408203125
3580,429106,134.57649321593453,6.470826416015625,1078.4710693359375
3581,429226,128.2876337403424,6.18130517578125,1030.217529296875
3582,429346,121.8647289551957,5.889180541992188,981.5300903320312
3583,429466,122.69514391460936,5.9225789794921875,987.0964965820312
3584,429586,127.76264313564228,6.1548134765625,1025.80224609375
3585,429706,123.88818328011752,5.977723022460937,996.2871704101562
3586,429826,128.10418406172863,6.17696630859375,1029.494384765625
3587,429946,130.46635502228128,6.28109326171875,1046.848876953125
3588,430066,116.6505759542463,5.652224487304688,942.0374145507812
3589,430186,127.5504978000375,6.14814697265625,1024.691162109375
3590,430306,122.30922472729297,5.908542114257813,984.7570190429688
3591,430426,127.2609150307563,6.1307080078125,1021.78466796875
3592,430546,123.25661117689457,5.950658569335937,991.7764282226562
3593,430666,135.7738125219088,6.52314404296875,1087.190673828125
3594,430786,136.14237474424056,6.53952685546875,1089.921142578125
3595,430906,128.03687812674784,6.173836669921875,1028.9727783203125
3596,431026,125.87015653283876,6.069110595703125,1011.5184326171875
3597,431146,129.87707149307806,6.251969970703125,1041.9949951171875
3598,431266,124.45042934108423,6.00769775390625,1001.282958984375
3599,431386,124.57144245256859,6.0134864501953125,1002.2477416992188
3600,431506,130.6164338859242,6.28503369140625,1047.505615234375
3601,431626,121.50258856586778,5.873070556640625,978.8450927734375
3602,431746,126.94753996872952,6.12119677734375,1020.199462890625
3603,431866,126.8779925384658,6.117283813476562,1019.5473022460938
3604,431986,125.90472989898106,6.0694189453125,1011.56982421875
3605,432106,124.86504771590356,6.025527465820312,1004.2545776367188
3606,432226,130.95727220992674,6.30749560546875,1051.249267578125
3607,432346,126.25203675574451,6.086906616210937,1014.4844360351562
3608,432466,135.12721519491555,6.4918359375,1081.97265625
3609,432586,133.25167300254444,6.406779052734375,1067.7965087890625
3610,432706,128.35356196801905,6.186365478515625,1031.0609130859375
3611,432826,121.13845980572673,5.855009033203125,975.8348388671875
3612,432946,124.8052480867636,6.02709814453125,1004.516357421875
3613,433066,124.77352937454071,6.013538818359375,1002.2564697265625
3614,433186,129.8195915813341,6.250612060546875,1041.7686767578125
3615,433306,131.33371745946056,6.319265625,1053.2109375
3616,433426,126.8920116169329,6.11735888671875,1019.559814453125
3617,433546,123.86302470047579,5.976498046875,996.0830078125
3618,433666,124.71036547906124,6.01663037109375,1002.771728515625
3619,433786,126.17400532426137,6.079211059570312,1013.2018432617188
3620,433906,131.0680212003803,6.3106201171875,1051.77001953125
3621,434026,123.91102829135059,5.981429443359375,996.9049072265625
3622,434146,128.8719642614334,6.206496826171875,1034.4161376953125
3623,434266,127.32355263039507,6.134314086914062,1022.3856811523438
3624,434386,121.89982573969421,5.88598388671875,980.997314453125
3625,434506,127.51709892319589,6.147697265625,1024.6162109375
3626,434626,121.14498714620801,5.849363891601563,974.8939819335938
3627,434746,126.297276118941,6.089593505859375,1014.9322509765625
3628,434866,127.42949339769054,6.141750366210937,1023.6250610351562
3629,434986,126.09127478463724,6.08137646484375,1013.562744140625
3630,435106,134.92060296724105,6.482466064453125,1080.4110107421875
3631,435226,133.21173668802572,6.40484033203125,1067.473388671875
3632,435346,123.28771324143992,5.95105224609375,991.842041015625
3633,435466,126.41460779905412,6.096503540039063,1016.0839233398438
3634,435586,120.90095689535092,5.848891845703125,974.8153076171875
3635,435706,124.7349084904761,6.01935791015625,1003.226318359375
3636,435826,126.30996892256277,6.089364624023437,1014.8941040039062
3637,435946,128.07155708864713,6.16768798828125,1027.947998046875
3638,436066,125.20595618435902,6.0416513671875,1006.94189453125
3639,436186,133.53994794433618,6.421067138671875,1070.1778564453125
3640,436306,126.06217590506915,6.075704956054688,1012.6174926757812
3641,436426,123.20375009666002,5.950674682617188,991.7791137695312
3642,436546,118.73466401656563,5.748180908203125,958.0301513671875
3643,436666,128.985357738122,6.213620361328125,1035.6033935546875
3644,436786,119.71025714605877,5.791137084960938,965.1895141601562
3645,436906,123.67989939214459,5.976217895507813,996.0363159179688
3646,437026,131.51030755005613,6.3280400390625,1054.67333984375
3647,437146,127.36203914631696,6.138139892578125,1023.0233154296875
3648,437266,131.17135751116743,6.317384765625,1052.8974609375
3649,437386,127.99578737747564,6.164447021484375,1027.4078369140625
3650,437506,125.24508265021642,6.04281884765625,1007.136474609375
3651,437626,129.97470393898197,6.257202392578125,1042.8670654296875
3652,437746,120.52440509209987,5.82549755859375,970.916259765625
3653,437866,125.70488487177502,6.0656151123046875,1010.9358520507812
3654,437986,125.12806938678762,6.035412231445313,1005.9020385742188
3655,438106,117.67726685831298,5.698096435546875,949.6827392578125
3656,438226,126.12149624761115,6.0874090576171875,1014.5681762695312
3657,438346,128.584084599733,6.197596435546875,1032.9327392578125
3658,438466,126.31343573275805,6.09340283203125,1015.567138671875
3659,438586,115.65783544292638,5.6057589111328125,934.2931518554688
3660,438706,129.1344478193402,6.220666259765625,1036.7777099609375
3661,438826,112.45848654573271,5.458906494140625,909.8177490234375
3662,438946,127.74319578354967,6.15909375,1026.515625
3663,439066,116.67636511824064,5.650225708007812,941.7042846679688
3664,439186,120.38438480431711,5.821821533203125,970.3035888671875
3665,439306,123.15328650054063,5.950365234375,991.7275390625
3666,439426,120.15698762384656,5.81019580078125,968.365966796875
3667,439546,134.04172412700663,6.442658203125,1073.7763671875
3668,439666,130.5665222475019,6.288542724609375,1048.0904541015625
3669,439786,118.80641253856064,5.7505821533203125,958.4303588867188
3670,439906,125.72562244977141,6.065133544921875,1010.8555908203125
3671,440026,122.20561331578905,5.905259765625,984.2099609375
3672,440146,128.89538140763906,6.20999267578125,1034.998779296875
3673,440266,123.36830358966864,5.960547729492188,993.4246215820312
3674,440386,128.43406756573256,6.188015625,1031.3359375
3675,440506,124.63193902034101,6.017460571289062,1002.9100952148438
3676,440626,125.13266839708606,6.040124267578125,1006.6873779296875
3677,440746,131.06227123574766,6.309355224609375,1051.5592041015625
3678,440866,127.6086149644628,6.1528740234375,1025.47900390625
3679,440986,122.82172696691208,5.930660522460937,988.4434204101562
3680,441106,121.62507869316312,5.878383911132812,979.7306518554688
3681,441226,124.60877280709488,6.012629150390625,1002.1048583984375
3682,441346,124.40798553188715,6.002578857421875,1000.4298095703125
3683,441466,124.07853775931363,5.9897607421875,998.29345703125
3684,441586,125.5236959786885,6.063927978515625,1010.6546630859375
3685,441706,127.862660468518,6.16042236328125,1026.737060546875
3686,441826,121.56726105950953,5.876140502929688,979.3567504882812
3687,441946,124.49808916707187,6.010721923828125,1001.7869873046875
3688,442066,121.06608059503466,5.854497802734375,975.7496337890625
3689,442186,120.8839586851807,5.844398071289063,974.0663452148438
3690,442306,132.56025539669514,6.37945458984375,1063.242431640625
3691,442426,133.36086381876737,6.41223046875,1068.705078125
3692,442546,131.7903259193811,6.341630126953125,1056.9383544921875
3693,442666,134.55781770252807,6.46728076171875,1077.880126953125
3694,442786,120.68217955715419,5.834839965820312,972.4733276367188
3695,442906,127.95780912377359,6.165752197265625,1027.6253662109375
3696,443026,126.44205993794932,6.09682763671875,1016.137939453125
3697,443146,122.67599492426962,5.918783203125,986.4638671875
3698,443266,128.86235551238147,6.2071962890625,1034.53271484375
3699,443386,118.4072941178162,5.731657836914063,955.2763061523438
3700,443506,123.36336826339367,5.959634033203125,993.2723388671875
3701,443626,133.1592156984391,6.403571044921875,1067.2618408203125
3702,443746,126.5433956282947,6.10183447265625,1016.972412109375
3703,443866,122.38944542243024,5.914144775390625,985.6907958984375
3704,443986,134.13018065954267,6.448902099609375,1074.8170166015625
3705,444106,126.74121310505477,6.11092529296875,1018.487548828125
3706,444226,122.10804777465863,5.901387451171875,983.5645751953125
3707,444346,126.68134373048358,6.108236572265625,1018.0394287109375
3708,444466,132.3647407613865,6.364572509765625,1060.7620849609375
3709,444586,128.15695131734955,6.1770908203125,1029.51513671875
3710,444706,121.48890577947756,5.87458740234375,979.097900390625
3711,444826,117.8069983037378,5.70144140625,950.240234375
3712,444946,121.74139305252305,5.880821044921875,980.1368408203125
3713,445066,128.995303891673,6.2178427734375,1036.30712890625
3714,445186,126.57405283838636,6.103525268554687,1017.2542114257812
3715,445306,129.20079888655243,6.224293212890625,1037.3822021484375
3716,445426,122.73239354661222,5.926099731445312,987.6832885742188
3717,445546,136.4592714975616,6.557395751953125,1092.8992919921875
3718,445666,122.08366631125674,5.897227294921875,982.8712158203125
3719,445786,130.23845635690105,6.2764248046875,1046.07080078125
3720,445906,127.50591278446772,6.143432373046875,1023.9053955078125
3721,446026,125.65596451696223,6.059572998046875,1009.9288330078125
3722,446146,122.74111652404042,5.928702758789062,988.1171264648438
3723,446266,129.0924492856282,6.219500244140625,1036.5833740234375
3724,446386,132.00393890398837,6.352294189453125,1058.7156982421875
3725,446506,122.18630556071126,5.901166259765625,983.5277099609375
3726,446626,129.73258828791873,6.2530576171875,1042.17626953125
3727,446746,125.39753473376429,6.053236450195312,1008.8727416992188
3728,446866,125.27145411783528,6.043556030273438,1007.2593383789062
3729,446986,127.58875655765551,6.146901123046875,1024.4835205078125
3730,447106,123.99289397534076,5.986857421875,997.8095703125
3731,447226,124.93288460313485,6.0291123046875,1004.85205078125
3732,447346,127.0141767457608,6.121679809570312,1020.2799682617188
3733,447466,124.81562207701063,6.0235751953125,1003.92919921875
3734,447586,133.05720215058082,6.401126953125,1066.8544921875
3735,447706,131.5223501522711,6.329064697265625,1054.8441162109375
3736,447826,128.41599336279646,6.190077392578125,1031.6795654296875
3737,447946,119.72161559089838,5.7906038818359375,965.1006469726562
3738,448066,127.69734882018675,6.1626884765625,1027.11474609375
3739,448186,129.20399532541362,6.223374755859375,1037.2291259765625
3740,448306,130.77049849644618,6.294774169921875,1049.1290283203125
3741,448426,130.77083024617087,6.297204345703125,1049.5340576171875
3742,448546,121.23811917167339,5.859399536132813,976.5665893554688
3743,448666,128.78506529522778,6.2075009765625,1034.58349609375
3744,448786,124.70706646496987,6.018220825195312,1003.0368041992188
3745,448906,127.0747296279209,6.129132568359375,1021.5220947265625
3746,449026,134.3977307234842,6.4628408203125,1077.14013671875
3747,449146,133.02231685296812,6.40051611328125,1066.752685546875
3748,449266,122.20321095623586,5.909262084960938,984.8770141601562
3749,449386,136.85685701820228,6.57498486328125,1095.830810546875
3750,449506,131.8927510248109,6.348671630859375,1058.1119384765625
3751,449626,126.78365288361033,6.1126845703125,1018.78076171875
3752,449746,124.35422533797895,6.003931640625,1000.6552734375
3753,449866,124.85871551036016,6.027038818359375,1004.5064697265625
3754,449986,125.1467289371119,6.0426943359375,1007.11572265625
3755,450106,122.49368285601358,5.916352294921875,986.0587158203125
3756,450226,128.63332500928914,6.2034755859375,1033.91259765625
3757,450346,137.32156939169602,6.594936767578125,1099.1561279296875
3758,450466,127.03031277857745,6.129053100585938,1021.5088500976562
3759,450586,132.8923081994223,6.39054931640625,1065.091552734375
3760,450706,129.92905340133888,6.262096435546875,1043.6827392578125
3761,450826,137.16684828319592,6.5874931640625,1097.91552734375
3762,450946,121.93584889956945,5.888323608398437,981.3872680664062
3763,451066,117.4587027884966,5.682696533203125,947.1160888671875
3764,451186,120.66614671680018,5.83501171875,972.501953125
3765,451306,129.3472142381098,6.23097802734375,1038.496337890625
3766,451426,125.33101382064237,6.04640478515625,1007.734130859375
3767,451546,118.25263340861866,5.721752197265625,953.6253662109375
3768,451666,123.80690761057316,5.9766258544921875,996.1043090820312
3769,451786,117.49242661504739,5.686558959960937,947.7598266601562
3770,451906,124.99533422274207,6.034712036132812,1005.7853393554688
3771,452026,124.45150231369539,6.007096435546875,1001.1827392578125
3772,452146,130.32161527795427,6.2747490234375,1045.79150390625
3773,452266,126.83414636273098,6.115413208007812,1019.2355346679688
3774,452386,124.97390676189377,6.027678588867188,1004.6130981445312
3775,452506,124.6419537952319,6.01428662109375,1002.381103515625
3776,452626,120.97723562045263,5.84606982421875,974.344970703125
3777,452746,124.93569005143763,6.027252685546875,1004.5421142578125
3778,452866,125.84413730839594,6.069081298828125,1011.5135498046875
3779,452986,133.55609777026123,6.4199208984375,1069.98681640625
3780,453106,124.62538740254806,6.019054321289063,1003.1757202148438
3781,453226,130.91507228220854,6.302595703125,1050.4326171875
3782,453346,119.48247641308515,5.77739501953125,962.899169921875
3783,453466,125.02982829393292,6.032919799804687,1005.4866333007812
3784,453586,131.4657422679812,6.32548974609375,1054.248291015625
3785,453706,131.37338664230754,6.32098681640625,1053.497802734375
3786,453826,131.37432119925802,6.32604052734375,1054.340087890625
3787,453946,120.79062214295774,5.839172973632812,973.1954956054688
3788,454066,136.24568250485868,6.54477392578125,1090.795654296875
3789,454186,118.5102034283251,5.731954833984375,955.3258056640625
3790,454306,120.50303323398273,5.82891943359375,971.486572265625
3791,454426,127.70809187029175,6.157776123046875,1026.2960205078125
3792,454546,132.25589957316768,6.362000244140625,1060.3333740234375
3793,454666,133.04974475919107,6.398638916015625,1066.4398193359375
3794,454786,123.43957329841217,5.969477416992188,994.9129028320312
3795,454906,125.22056422759943,6.041195068359375,1006.8658447265625
3796,455026,127.3195252716742,6.137267944335938,1022.8779907226562
3797,455146,124.60292141796211,6.015157470703125,1002.5262451171875
3798,455266,121.44649910501454,5.866818237304687,977.8030395507812
3799,455386,120.7292177080379,5.8354423828125,972.57373046875
3800,455506,128.71354682043122,6.206631591796875,1034.4385986328125
3801,455626,124.97221454316735,6.033713012695313,1005.6188354492188
3802,455746,126.51375584098243,6.100101196289063,1016.6835327148438
3803,455866,116.64561948480315,5.654164672851563,942.3607788085938
3804,455986,130.15483866461278,6.26398388671875,1043.997314453125
3805,456106,124.41581627143735,6.005016357421875,1000.8360595703125
3806,456226,116.63798088256601,5.64850927734375,941.418212890625
3807,456346,130.1050433712427,6.268106689453125,1044.6844482421875
3808,456466,126.88080373538158,6.116289184570313,1019.3815307617188
3809,456586,125.22640298348858,6.04406689453125,1007.344482421875
3810,456706,133.65491565869698,6.421584228515625,1070.2640380859375
3811,456826,120.0607951656939,5.807214111328125,967.8690185546875
3812,456946,129.8623411987284,6.247348388671875,1041.2247314453125
3813,457066,131.48792483263213,6.329014892578125,1054.8358154296875
3814,457186,124.70312049088488,6.015066284179688,1002.5110473632812
3815,457306,124.97430700554612,6.026860473632812,1004.4767456054688
3816,457426,131.20253705022725,6.314220703125,1052.3701171875
3817,457546,128.45887088859905,6.189432861328125,1031.5721435546875
3818,457666,131.97417064109828,6.3507451171875,1058.45751953125
3819,457786,126.70855790800746,6.1093377685546875,1018.2229614257812
3820,457906,122.82794760916376,5.929755615234375,988.2926025390625
3821,458026,130.41874552933663,6.27857666015625,1046.429443359375
3822,458146,130.56293784757864,6.28593603515625,1047.656005859375
3823,458266,123.35285575494946,5.95854345703125,993.090576171875
3824,458386,123.86493626649974,5.9807105712890625,996.7850952148438
3825,458506,130.5777452945051,6.288236572265625,1048.0394287109375
3826,458626,121.4437033230921,5.873491333007813,978.9152221679688
3827,458746,123.4058906676795,5.959880126953125,993.3133544921875
3828,458866,129.70491750689712,6.246939697265625,1041.1566162109375
3829,458986,122.22026105152261,5.903020385742187,983.8367309570312
3830,459106,125.68026394361837,6.061269287109375,1010.2115478515625
3831,459226,125.23504608559848,6.041163208007813,1006.8605346679688
3832,459346,125.90248653135717,6.072186767578125,1012.0311279296875
3833,459466,128.5385711235099,6.191080078125,1031.8466796875
3834,459586,124.14268408364973,5.9915009765625,998.58349609375
3835,459706,127.60392705996995,6.151068603515625,1025.1781005859375
3836,459826,130.70327962052266,6.288392578125,1048.0654296875
3837,459946,128.09600211486537,6.174076171875,1029.0126953125
3838,460066,129.68635198412414,6.247563720703125,1041.2606201171875
3839,460186,130.3491386783613,6.276034423828125,1046.0057373046875
3840,460306,134.08327451338428,6.44847802734375,1074.746337890625
3841,460426,125.11713391632941,6.037991455078125,1006.3319091796875
3842,460546,126.03458106738293,6.076638793945312,1012.7731323242188
3843,460666,127.03197511499451,6.126010986328125,1021.0018310546875
3844,460786,124.04703235995086,5.989176635742187,998.1961059570312
3845,460906,124.67752963864618,6.012352294921875,1002.0587158203125
3846,461026,125.61143017573566,6.056490966796875,1009.4151611328125
3847,461146,132.6086040133134,6.376256103515625,1062.7093505859375
3848,461266,129.0761102957289,6.2198173828125,1036.63623046875
3849,461386,127.13291516485883,6.12652001953125,1021.086669921875
3850,461506,125.94440732799353,6.07440234375,1012.400390625
3851,461626,126.18445932237461,6.0869117431640625,1014.4852905273438
3852,461746,123.55892685625572,5.962985229492188,993.8308715820312
3853,461866,120.86898903905163,5.839401123046875,973.2335205078125
3854,461986,119.5167163510307,5.782693359375,963.7822265625
3855,462106,122.5367329083425,5.920202270507812,986.7003784179688
3856,462226,133.83790544358385,6.436758544921875,1072.7930908203125
3857,462346,120.56181443776835,5.82970751953125,971.617919921875
3858,462466,126.26920575639792,6.090998657226563,1015.1664428710938
3859,462586,127.5624658469641,6.1480517578125,1024.67529296875
3860,462706,127.18946337445443,6.137066162109375,1022.8443603515625
3861,462826,130.4335369203423,6.280538818359375,1046.7564697265625
3862,462946,127.75736373175492,6.157329345703125,1026.2215576171875
3863,463066,126.89923826076875,6.121541381835938,1020.2568969726562
3864,463186,123.81503191431474,5.979823608398437,996.6372680664062
3865,463306,134.25462073788944,6.45596484375,1075.994140625
3866,463426,121.73541097404183,5.878060180664063,979.6766967773438
3867,463546,128.83761343570643,6.207613037109375,1034.6021728515625
3868,463666,120.19766824650975,5.81280029296875,968.800048828125
3869,463786,131.6032121316171,6.332266845703125,1055.3778076171875
3870,463906,128.45606397905655,6.187245849609375,1031.2076416015625
3871,464026,130.19759836023294,6.26777783203125,1044.629638671875
3872,464146,130.7614854127115,6.2965869140625,1049.43115234375
3873,464266,123.18488975926564,5.949681884765625,991.6136474609375
3874,464386,123.40992197510131,5.962175903320312,993.6959838867188
3875,464506,123.94932021680876,5.984447021484375,997.4078369140625
3876,464626,126.72289704057229,6.112064208984375,1018.6773681640625
3877,464746,128.92625777017798,6.2080078125,1034.66796875
3878,464866,132.59796895835922,6.3808857421875,1063.48095703125
3879,464986,124.76095871817844,6.020968872070313,1003.4948120117188
3880,465106,125.34011079100517,6.047189208984375,1007.8648681640625
3881,465226,128.10524097969343,6.177002197265625,1029.5003662109375
3882,465346,134.5513653687591,6.471263671875,1078.5439453125
3883,465466,137.6397280794906,6.615114990234375,1102.5191650390625
3884,465586,130.39545827539055,6.27721728515625,1046.202880859375
3885,465706,134.8440607500905,6.4823115234375,1080.38525390625
3886,465826,124.91590556570124,6.025915649414062,1004.3192749023438
3887,465946,121.4519973726868,5.8718173828125,978.63623046875
3888,466066,122.21176001823342,5.902221313476563,983.7035522460938
3889,466186,131.00190255537103,6.30735791015625,1051.226318359375
3890,466306,127.65041273127989,6.153892822265625,1025.6488037109375
3891,466426,126.35632208469528,6.09213427734375,1015.355712890625
3892,466546,129.4549119532619,6.236624267578125,1039.4373779296875
3893,466666,108.78020289393406,5.288727905273437,881.4546508789062
3894,466786,120.76443752627667,5.842102294921875,973.6837158203125
3895,466906,124.94562618265248,6.031399291992187,1005.2332153320312
3896,467026,132.07373971045445,6.354802734375,1059.1337890625
3897,467146,124.85735868733114,6.019998413085937,1003.3330688476562
3898,467266,124.09135985068421,5.9886884765625,998.11474609375
3899,467386,125.88870425783699,6.071598266601563,1011.9330444335938
3900,467506,128.34855930504852,6.18474169921875,1030.790283203125
3901,467626,123.15361926737174,5.9464775390625,991.07958984375
3902,467746,133.6564023206307,6.425455078125,1070.9091796875
3903,467866,126.3569519443092,6.093843383789062,1015.6405639648438
3904,467986,127.86921026397121,6.164845458984375,1027.4742431640625
3905,468106,131.21163550615339,6.316238525390625,1052.7064208984375
3906,468226,116.36848714208641,5.6410546875,940.17578125
3907,468346,123.89049193269423,5.98239697265625,997.066162109375
3908,468466,138.6620247009372,6.657403564453125,1109.5672607421875
3909,468586,133.748611721516,6.42952001953125,1071.586669921875
3910,468706,128.24297343352464,6.183296630859375,1030.5494384765625
3911,468826,120.79473255883453,5.842604736328125,973.7674560546875
3912,468946,131.13841295142748,6.313673583984375,1052.2789306640625
3913,469066,123.86492921322821,5.978411865234375,996.4019775390625
3914,469186,128.01256286126295,6.17311376953125,1028.852294921875
3915,469306,124.7669266563995,6.01789453125,1002.982421875
3916,469426,125.5185504178946,6.054160766601562,1009.0267944335938
3917,469546,128.00715327576734,6.1719873046875,1028.66455078125
3918,469666,134.61289210483844,6.469878662109375,1078.3131103515625
3919,469786,125.8912649690906,6.07438330078125,1012.397216796875
3920,469906,124.24575642590767,6.000823974609375,1000.1373291015625
3921,470026,126.04811298401573,6.077353637695312,1012.8922729492188
3922,470146,123.44187634065462,5.967465087890625,994.5775146484375
3923,470266,126.30859899803431,6.088206298828125,1014.7010498046875
3924,470386,122.23952527139892,5.905026489257812,984.1710815429688
3925,470506,134.2635822462531,6.452117431640625,1075.3529052734375
3926,470626,122.20652092326463,5.905896240234375,984.3160400390625
3927,470746,130.3092783800247,6.275739990234375,1045.9566650390625
3928,470866,129.7856769098843,6.24973974609375,1041.623291015625
3929,470986,125.49779921971772,6.052587524414062,1008.7645874023438
3930,471106,130.35395070393528,6.274461181640625,1045.7435302734375
3931,471226,131.44975453385678,6.32827587890625,1054.712646484375
3932,471346,119.754228611168,5.793871948242187,965.6453247070312
3933,471466,123.18759008890206,5.953631469726562,992.2719116210938
3934,471586,115.05298250829351,5.579584716796875,929.9307861328125
3935,471706,126.37221627356075,6.09510205078125,1015.850341796875
3936,471826,130.44375041455362,6.27605712890625,1046.009521484375
3937,471946,127.77250222478294,6.16057763671875,1026.762939453125
3938,472066,128.95642223486496,6.214237060546875,1035.7061767578125
3939,472186,127.20048048945435,6.131922729492188,1021.9871215820312
3940,472306,127.90633044521115,6.167927490234375,1027.9879150390625
3941,472426,132.83128603348297,6.38849267578125,1064.748779296875
3942,472546,119.5414961842979,5.784688110351563,964.1146850585938
3943,472666,135.00667132718885,6.48393310546875,1080.655517578125
3944,472786,124.00785046934963,5.982167724609375,997.0279541015625
3945,472906,129.20717671520595,6.22971533203125,1038.285888671875
3946,473026,126.98864552576657,6.12318017578125,1020.530029296875
3947,473146,121.7989302019062,5.891036865234375,981.8394775390625
3948,473266,125.3119099372211,6.044913940429687,1007.4856567382812
3949,473386,129.11078639911426,6.219603515625,1036.6005859375
3950,473506,133.59928664280832,6.423533203125,1070.5888671875
3951,473626,132.32896818113105,6.365357666015625,1060.8929443359375
3952,473746,133.2681955966532,6.4101650390625,1068.36083984375
3953,473866,120.40713520751036,5.821888916015625,970.3148193359375
3954,473986,127.54435575445241,6.148059814453125,1024.6766357421875
3955,474106,123.60848775590304,5.967434326171875,994.5723876953125
3956,474226,124.22449310423708,5.999176025390625,999.8626708984375
3957,474346,125.97365212544756,6.0780205078125,1013.00341796875
3958,474466,128.023785299973,6.171103271484375,1028.5172119140625
3959,474586,132.7613522149442,6.382781982421875,1063.7969970703125
3960,474706,127.7400729269559,6.1569609375,1026.16015625
3961,474826,129.0183099876716,6.218338623046875,1036.3897705078125
3962,474946,124.57304479211516,6.015821411132812,1002.6369018554688
3963,475066,134.0181857855136,6.442307373046875,1073.7178955078125
3964,475186,127.58660619053158,6.1476826171875,1024.61376953125
3965,475306,121.67309772084641,5.8755164794921875,979.2527465820312
3966,475426,123.81265081174662,5.977339233398437,996.2232055664062
3967,475546,132.49963629000203,6.37493701171875,1062.489501953125
3968,475666,123.47076422460772,5.96445849609375,994.076416015625
3969,475786,126.72610764775695,6.1139912109375,1018.99853515625
3970,475906,127.56644048765986,6.151244384765625,1025.2073974609375
3971,476026,141.92042391832132,6.80468408203125,1134.114013671875
3972,476146,131.55310759740237,6.32904345703125,1054.840576171875
3973,476266,125.61669841384851,6.061638427734375,1010.2730712890625
3974,476386,123.59835477273703,5.96224951171875,993.708251953125
3975,476506,131.24152551743103,6.32039794921875,1053.399658203125
3976,476626,124.01514075863179,5.987153686523437,997.8589477539062
3977,476746,128.86425764964227,6.20959130859375,1034.931884765625
3978,476866,133.60773665889246,6.425745849609375,1070.9576416015625
3979,476986,134.32594239022683,6.4592578125,1076.54296875
3980,477106,130.42924871788756,6.278739990234375,1046.4566650390625
3981,477226,126.79302024695852,6.116412963867187,1019.4021606445312
3982,477346,128.12571451254203,6.1745478515625,1029.09130859375
3983,477466,131.88653223093448,6.342990966796875,1057.1651611328125
3984,477586,122.2788385670632,5.904941162109375,984.1568603515625
3985,477706,122.47575284975265,5.917160888671875,986.1934814453125
3986,477826,124.06090609696352,5.9885947265625,998.09912109375
3987,477946,122.09349532303712,5.901730224609375,983.6217041015625
3988,478066,122.77036421243292,5.932115844726562,988.6859741210938
3989,478186,129.0472854354255,6.21856494140625,1036.427490234375
3990,478306,127.19760397541256,6.132224487304687,1022.0374145507812
3991,478426,127.6444781599454,6.15075146484375,1025.125244140625
3992,478546,132.90831665237613,6.39506982421875,1065.844970703125
3993,478666,129.73154579412446,6.24966064453125,1041.610107421875
3994,478786,126.5932546264901,6.105548583984375,1017.5914306640625
3995,478906,128.0142924826577,6.1652724609375,1027.54541015625
3996,479026,125.89439492435841,6.075195556640625,1012.5325927734375
3997,479146,126.98424466129578,6.120586303710938,1020.0977172851562
3998,479266,129.20091950711745,6.22178759765625,1036.964599609375
3999,479386,127.45712127403702,6.1405693359375,1023.42822265625
4000,479506,128.3255127554566,6.184119140625,1030.6865234375
4001,479626,124.8615169228315,6.01829150390625,1003.048583984375
4002,479746,128.40512061162912,6.1901689453125,1031.69482421875
4003,479866,127.67928891875587,6.15497314453125,1025.828857421875
4004,479986,127.24493029130376,6.131802978515625,1021.9671630859375
4005,480106,125.40124877064,6.048548217773438,1008.0913696289062
4006,480226,136.14497659447713,6.538124267578125,1089.6873779296875
4007,480346,128.533374517614,6.1896005859375,1031.60009765625
4008,480466,133.28663273529338,6.409762939453125,1068.2938232421875
4009,480586,133.66280981687103,6.425420654296875,1070.9034423828125
4010,480706,129.2750349635145,6.224611083984375,1037.4351806640625
4011,480826,129.74124007564066,6.24608349609375,1041.013916015625
4012,480946,124.97797485825873,6.028452026367187,1004.7420043945312
4013,481066,122.85675352352334,5.93265380859375,988.775634765625
4014,481186,121.94561593789882,5.88708544921875,981.180908203125
4015,481306,123.0754768832531,5.943693237304688,990.6155395507812
4016,481426,122.49843666609196,5.91376611328125,985.627685546875
4017,481546,127.74658759227415,6.154661865234375,1025.7769775390625
4018,481666,126.11857751807517,6.082580200195313,1013.7633666992188
4019,481786,126.88101910620685,6.11180859375,1018.634765625
4020,481906,132.87913353435948,6.391027587890625,1065.1712646484375
4021,482026,129.60883920380036,6.24253125,1040.421875
4022,482146,131.65678850758084,6.333708984375,1055.6181640625
4023,482266,124.28684395510373,6.003008422851562,1000.5014038085938
4024,482386,132.24909385794405,6.362448486328125,1060.4080810546875
4025,482506,125.59648965578987,6.058823364257813,1009.8038940429688
4026,482626,126.42045918940296,6.0944586181640625,1015.7431030273438
4027,482746,127.41973095217584,6.139291259765625,1023.2152099609375
4028,482866,123.11952756368862,5.94431103515625,990.718505859375
4029,482986,123.87460303830458,5.983119506835937,997.1865844726562
4030,483106,124.36241830818288,6.002092895507812,1000.3488159179688
4031,483226,121.09017504415621,5.847652954101562,974.6088256835938
4032,483346,120.35257368381423,5.815922241210938,969.3203735351562
4033,483466,123.94039594319011,5.9785400390625,996.42333984375
4034,483586,126.32281489971629,6.089636352539062,1014.9393920898438
4035,483706,124.26889773709323,5.997595092773437,999.5991821289062
4036,483826,139.13144637941855,6.6775048828125,1112.91748046875
4037,483946,133.89874081434954,6.44154931640625,1073.591552734375
4038,484066,130.60923572255538,6.284956787109375,1047.4927978515625
4039,484186,124.26578964929962,5.99424169921875,999.040283203125
4040,484306,127.83843691301024,6.16144189453125,1026.906982421875
4041,484426,122.98790504526633,5.940242065429688,990.0403442382812
4042,484546,131.31804328471128,6.3164677734375,1052.74462890625
4043,484666,129.45478919592907,6.23408642578125,1039.014404296875
4044,484786,124.35641489760457,6.001751586914063,1000.2919311523438
4045,484906,132.19311521487703,6.36089501953125,1060.149169921875
4046,485026,133.43700414209553,6.41802392578125,1069.670654296875
4047,485146,128.64600925826304,6.1953984375,1032.56640625
4048,485266,132.33058536661704,6.367383544921875,1061.2305908203125
4049,485386,130.60429664154967,6.28389697265625,1047.316162109375
4050,485506,125.56503454306866,6.059682495117188,1009.9470825195312
4051,485626,134.5241602687009,6.4628994140625,1077.14990234375
4052,485746,133.82039842876253,6.42907177734375,1071.511962890625
4053,485866,122.2443903192872,5.904994995117187,984.1658325195312
4054,485986,133.4710647693092,6.4162880859375,1069.38134765625
4055,486106,126.90122407800125,6.12030322265625,1020.050537109375
4056,486226,122.34575522483668,5.910057495117187,985.0095825195312
4057,486346,130.99362975849814,6.30107373046875,1050.178955078125
4058,486466,129.2474950879199,6.223031982421875,1037.1719970703125
4059,486586,132.01022416870313,6.351564697265625,1058.5941162109375
4060,486706,128.16621639518647,6.176493896484375,1029.4156494140625
4061,486826,137.76685579921508,6.616012939453125,1102.6688232421875
4062,486946,128.10613097947765,6.17120361328125,1028.533935546875
4063,487066,122.98680297365615,5.93850146484375,989.750244140625
4064,487186,128.43995755695002,6.1882265625,1031.37109375
4065,487306,125.02727781591017,6.028175903320313,1004.6959838867188
4066,487426,123.90939409668452,5.981953125,996.9921875
4067,487546,124.83697478439774,6.024899780273437,1004.1499633789062
4068,487666,122.75679688223224,5.92393212890625,987.322021484375
4069,487786,130.6822213960349,6.293490234375,1048.9150390625
4070,487906,126.41171881023593,6.097614990234375,1016.2691650390625
4071,488026,133.01799017775912,6.394105224609375,1065.6842041015625
4072,488146,130.24179579786568,6.27205517578125,1045.342529296875
4073,488266,124.81185462529047,6.021906372070313,1003.6510620117188
4074,488386,128.80363474799626,6.205887451171875,1034.3145751953125
4075,488506,123.94166881645013,5.98003857421875,996.673095703125
4076,488626,129.48606043667348,6.2329189453125,1038.81982421875
4077,488746,134.36320690669962,6.45385107421875,1075.641845703125
4078,488866,129.9737299242956,6.260586181640625,1043.4310302734375
4079,488986,132.52673801547292,6.3734677734375,1062.24462890625
4080,489106,124.75887753797024,6.0198603515625,1003.31005859375
4081,489226,120.45671709140737,5.820416381835938,970.0693969726562
4082,489346,131.30311735992484,6.3125771484375,1052.09619140625
4083,489466,127.99207267031744,6.16251416015625,1027.085693359375
4084,489586,124.28620002905541,5.997202514648437,999.5337524414062
4085,489706,121.37982275399983,5.8650498046875,977.50830078125
4086,489826,122.3067443960288,5.903599365234375,983.9332275390625
4087,489946,126.9353966973051,6.117349731445312,1019.5582885742188
4088,490066,132.11818175344618,6.351813720703125,1058.6356201171875
4089,490186,122.79264598295285,5.92741259765625,987.902099609375
4090,490306,124.53812630580305,6.007547607421875,1001.2579345703125
4091,490426,127.67092736169931,6.1497890625,1024.96484375
4092,490546,131.5895415488621,6.33066357421875,1055.110595703125
4093,490666,118.43662323578017,5.730730224609375,955.1217041015625
4094,490786,131.63286679801323,6.332724609375,1055.4541015625
4095,490906,129.5103867285028,6.2352275390625,1039.20458984375
4096,491026,123.95963279222846,5.982850341796875,997.1417236328125
4097,491146,122.11204797727045,5.899323486328125,983.2205810546875
4098,491266,133.73803708541965,6.431356201171875,1071.8927001953125
4099,491386,135.98084459189613,6.529812744140625,1088.3021240234375
4100,491506,129.0573331311735,6.213949951171875,1035.6583251953125
4101,491626,125.2562843319573,6.04002685546875,1006.671142578125
4102,491746,128.44688994498426,6.183938232421875,1030.6563720703125
4103,491866,114.85085904816232,5.567730102539063,927.9550170898438
4104,491986,131.1115530220264,6.3074443359375,1051.24072265625
4105,492106,133.34581697585278,6.4108212890625,1068.47021484375
4106,492226,117.9026733439444,5.7065654296875,951.09423828125
4107,492346,133.1880153599671,6.40100390625,1066.833984375
4108,492466,123.85459231103312,5.975730834960937,995.9551391601562
4109,492586,129.2377374653512,6.22279833984375,1037.133056640625
4110,492706,129.53688619340267,6.233458740234375,1038.9097900390625
4111,492826,128.5017774531473,6.19109765625,1031.849609375
4112,492946,124.59971405843393,6.00809912109375,1001.349853515625
4113,493066,127.49109564183576,6.1448203125,1024.13671875
4114,493186,127.99490565603993,6.16245556640625,1027.075927734375
4115,493306,119.29918452524905,5.768771850585938,961.4619750976562
4116,493426,124.30958911216081,5.996181884765625,999.3636474609375
4117,493546,120.37542630009462,5.819853515625,969.9755859375
4118,493666,131.0349357884732,6.307245849609375,1051.2076416015625
4119,493786,128.1510734476632,6.17554248046875,1029.257080078125
4120,493906,130.35636492381488,6.273166259765625,1045.5277099609375
4121,494026,121.34831516702755,5.85818701171875,976.364501953125
4122,494146,135.56951519750766,6.51158642578125,1085.264404296875
4123,494266,131.32936612766,6.317214111328125,1052.8690185546875
4124,494386,130.6414659141139,6.282775634765625,1047.1292724609375
4125,494506,124.1720817060877,5.990302001953125,998.3836669921875
4126,494626,127.20894680925814,6.128935180664063,1021.4891967773438
4127,494746,128.0038083130218,6.16866357421875,1028.110595703125
4128,494866,128.9072660518908,6.207142822265625,1034.5238037109375
4129,494986,129.33216104356575,6.2261953125,1037.69921875
4130,495106,126.93038482551702,6.115441040039062,1019.2401733398438
4131,495226,121.92287592435284,5.8890054931640625,981.5009155273438
4132,495346,126.78313015865047,6.108718139648437,1018.1196899414062
4133,495466,131.31863222313896,6.314783935546875,1052.4639892578125
4134,495586,132.80390096729536,6.39069580078125,1065.115966796875
4135,495706,124.71491915604824,6.016018432617187,1002.6697387695312
4136,495826,132.83072032878658,6.38497265625,1064.162109375
4137,495946,126.96390462667462,6.11765478515625,1019.609130859375
4138,496066,131.65122410412087,6.3305068359375,1055.08447265625
4139,496186,129.86397895157774,6.24956689453125,1041.594482421875
4140,496306,127.55861307997627,6.143989379882813,1023.9982299804688
4141,496426,122.55309664339173,5.9141737060546875,985.6956176757812
4142,496546,124.62731483778835,6.013046997070313,1002.1744995117188
4143,496666,119.8849765253077,5.794654174804688,965.7756958007812
4144,496786,127.28435409198542,6.132520385742188,1022.0867309570312
4145,496906,124.94272662722557,6.024710083007813,1004.1183471679688
4146,497026,126.61152920931491,6.100528564453125,1016.7547607421875
4147,497146,126.51075902334568,6.0947984619140625,1015.7997436523438
4148,497266,125.53352382390723,6.052115844726562,1008.6859741210938
4149,497386,131.46770953738962,6.325840576171875,1054.3067626953125
4150,497506,129.25748915201052,6.222444580078125,1037.0740966796875
4151,497626,123.95670943217605,5.978303466796875,996.3839111328125
4152,497746,127.30411214080232,6.133011474609375,1022.1685791015625
4153,497866,125.37985967430342,6.04411376953125,1007.352294921875
4154,497986,130.0008948729627,6.255602783203125,1042.6004638671875
4155,498106,126.54734502950114,6.097200073242187,1016.2000122070312
4156,498226,132.5210020544809,6.373954833984375,1062.3258056640625
4157,498346,123.43465436599926,5.95945166015625,993.241943359375
4158,498466,130.72893294040847,6.28846875,1048.078125
4159,498586,120.2599631082475,5.811240966796875,968.5401611328125
4160,498706,133.58682124887804,6.421711669921875,1070.2852783203125
4161,498826,129.3762865818332,6.227857177734375,1037.9761962890625
4162,498946,124.25213801919585,5.989743530273437,998.2905883789062
4163,499066,133.47557140674905,6.418364501953125,1069.7274169921875
4164,499186,123.28113150892206,5.947170043945312,991.1950073242188
4165,499306,133.48169336371336,6.41952978515625,1069.921630859375
4166,499426,121.61466625311596,5.872440673828125,978.7401123046875
4167,499546,126.38006434476812,6.089860473632813,1014.9767456054688
4168,499666,122.1545703947479,5.895525146484375,982.5875244140625
