episode,global_step,reward,yield_ton_ha,biomass_g_m2
1,112,0.06642467281768871,0.4228563995361328,70.47606658935547
2,223,-1.793559859649413,0.3167714538574219,52.79524230957031
3,330,-0.5298045750585683,0.3785275955200195,63.08793258666992
4,440,-3.490163206642564,0.24676366424560547,41.12727737426758
5,547,-3.728986778433093,0.22426512908935547,37.37752151489258
6,656,-3.6017694313817454,0.22817699432373048,38.02949905395508
7,765,-4.4708882801490155,0.1964662628173828,32.74437713623047
8,874,-6.466070276126296,0.12346781158447266,20.57796859741211
9,986,-2.680697818836169,0.2850555953979492,47.5092658996582
10,1089,-4.595258050871075,0.17659275054931642,29.432125091552734
11,1199,1.8469612624984004,0.48459324645996094,80.76554107666016
12,1309,-6.233242946890804,0.1309581756591797,21.82636260986328
13,1423,-1.6450001368898413,0.3454856185913086,57.580936431884766
14,1536,0.3737679873454409,0.43912188720703127,73.18698120117188
15,1647,-6.144227839710424,0.13737056350708007,22.89509391784668
16,1758,-5.708503368998334,0.1629990234375,27.16650390625
17,1869,-1.7975180535667201,0.32141152954101565,53.56858825683594
18,1978,-4.227452607314084,0.2119500274658203,35.32500457763672
19,2089,-0.9479917962828055,0.3560126037597656,59.33543395996094
20,2203,2.0832416830968414,0.5179491119384766,86.3248519897461
21,2312,-3.2540124925281617,0.2475930404663086,41.265506744384766
22,2427,3.814234477053006,0.606841552734375,101.1402587890625
23,2540,0.4073826442725659,0.42288468933105466,70.48078155517578
24,2653,-1.7027730739438656,0.32444441986083983,54.07406997680664
25,2764,0.256271663554555,0.4193836212158203,69.89727020263672
26,2873,-3.07624345838453,0.25091368103027345,41.818946838378906
27,2984,-1.078735871943213,0.3478517303466797,57.97528839111328
28,3095,6.748152719063146,0.7232958984375,120.54931640625
29,3207,5.883410777025905,0.7034456176757813,117.24093627929688
30,3318,-2.3690298980408273,0.2997565612792969,49.95942687988281
31,3428,-4.285326543308327,0.21308692932128906,35.514488220214844
32,3539,-3.1741626022194196,0.25265194702148436,42.10865783691406
33,3652,-1.3437042281139686,0.34145091247558595,56.908485412597656
34,3767,0.012320026730579858,0.41077317810058595,68.46219635009766
35,3881,1.3986382726007098,0.4740398712158203,79.00664520263672
36,3993,-0.9469927573284673,0.35448738098144533,59.08123016357422
37,4104,-1.3403103337251534,0.34196141052246093,56.993568420410156
38,4219,1.270681485155401,0.4674062805175781,77.90104675292969
39,4330,-3.3446158168254696,0.25427224731445314,42.37870788574219
40,4443,-1.419133519335366,0.34057500457763673,56.76250076293945
41,4555,-3.5995432762558996,0.2430399398803711,40.506656646728516
42,4669,-1.5685001638583076,0.34449293518066404,57.415489196777344
43,4783,0.17244851129893313,0.4231335754394531,70.52226257324219
44,4901,4.0061379694686945,0.6197535552978516,103.2922592163086
45,5016,-2.7406990128333577,0.2840604858398437,47.343414306640625
46,5128,1.7963236777155478,0.4918840484619141,81.98067474365234
47,5244,4.37081023330816,0.6396976776123047,106.61627960205078
48,5352,-4.4802526206344035,0.1942295608520508,32.3715934753418
49,5470,7.570495689426842,0.782851318359375,130.4752197265625
50,5586,3.5227794395120196,0.5872337036132812,97.87228393554688
51,5703,0.13651291360971007,0.42182460021972656,70.3041000366211
52,5817,-0.1332489522795246,0.4169969787597656,69.49949645996094
53,5928,-4.57912208392343,0.1988279571533203,33.13799285888672
54,6038,-3.0674205318939913,0.2585000152587891,43.083335876464844
55,6149,0.7861956699731387,0.4392858123779297,73.21430206298828
56,6268,11.8298070407203,0.9921668701171875,165.36114501953125
57,6384,12.906938757228541,1.0301798400878905,171.69664001464844
58,6501,4.004880840443646,0.617315414428711,102.88590240478516
59,6619,13.559313328825588,1.05934423828125,176.557373046875
60,6737,11.750137257661393,0.9762626037597656,162.71043395996094
61,6851,4.867840200715608,0.6379933319091797,106.33222198486328
62,6969,8.738143541492384,0.8444587097167969,140.7431182861328
63,7084,2.4859375440940497,0.5330324249267578,88.83873748779297
64,7202,2.391867362646656,0.5237719116210937,87.29531860351562
65,7319,5.69621898452469,0.6960124053955078,116.00206756591797
66,7437,4.327379076993056,0.6321610565185547,105.36017608642578
67,7557,22.409697745569908,1.468517578125,244.7529296875
68,7673,5.305772682075934,0.6633703765869141,110.56172943115234
69,7792,11.87214812699959,0.9810001831054688,163.50003051757812
70,7905,4.686808248515448,0.6193012847900391,103.21688079833984
71,8025,13.51623413877927,1.0592344665527345,176.53907775878906
72,8141,1.9619583786434847,0.5088448333740234,84.8074722290039
73,8258,13.355370286312091,1.05194384765625,175.323974609375
74,8378,17.180996769161233,1.2316025390625,205.26708984375
75,8498,23.5088907978923,1.513509796142578,252.2516326904297
76,8618,21.032090361322766,1.401181182861328,233.5301971435547
77,8736,11.20379929144342,0.9409983215332032,156.8330535888672
78,8854,16.1918092726223,1.1678125305175782,194.6354217529297
79,8974,17.359457683219343,1.2397548522949218,206.6258087158203
80,9094,20.303232562970905,1.3541508178710937,225.69180297851562
81,9214,20.757109220349534,1.3892225646972656,231.53709411621094
82,9329,15.33585372801452,1.1304044494628906,188.40074157714844
83,9445,6.724376825553874,0.7421637268066407,123.69395446777344
84,9565,17.48119405354812,1.2411781311035157,206.86302185058594
85,9685,20.523589596507474,1.378230194091797,229.7050323486328
86,9801,12.044690665071332,0.9898419799804687,164.97366333007812
87,9920,19.30237215411875,1.329821319580078,221.6368865966797
88,10040,14.911178025458579,1.124530242919922,187.4217071533203
89,10160,21.575627696558758,1.42233837890625,237.056396484375
90,10280,21.96068001910284,1.445010223388672,240.8350372314453
91,10400,16.769154020641558,1.1830210876464844,197.17018127441406
92,10520,21.187453779721693,1.4159619140625,235.99365234375
93,10640,23.028326709818693,1.4962345275878906,249.37242126464844
94,10760,18.26800923713907,1.2737816162109374,212.29693603515625
95,10880,14.186502339755585,1.07376708984375,178.961181640625
96,11000,13.987321995120197,1.082343292236328,180.3905487060547
97,11120,25.242287484747628,1.5808456420898438,263.4742736816406
98,11240,21.355314656159155,1.4107776489257813,235.12960815429688
99,11360,17.914534526078565,1.2519790649414062,208.66317749023438
100,11480,25.324148075820663,1.59713671875,266.189453125
101,11600,13.569325133282288,1.0616856079101562,176.94760131835938
102,11720,13.775105862248278,1.0557826538085937,175.96377563476562
103,11840,33.932079717679215,1.981595947265625,330.2659912109375
104,11960,20.975033842232147,1.37464306640625,229.107177734375
105,12080,17.938402146227027,1.2486993713378907,208.11656188964844
106,12200,16.80867777578427,1.2044588012695312,200.74313354492188
107,12320,25.924357110270034,1.6092800903320312,268.2133483886719
108,12440,34.17849110118755,1.9835701904296874,330.59503173828125
109,12560,31.623775394495837,1.8801432495117187,313.3572082519531
110,12679,12.542818664403868,1.0060628356933594,167.67713928222656
111,12799,22.418843655039844,1.4461419067382812,241.02365112304688
112,12919,22.844165751088248,1.4578695373535155,242.97825622558594
113,13039,12.776503900943506,1.0105690612792968,168.4281768798828
114,13159,23.045713711212954,1.4736762084960937,245.61270141601562
115,13278,16.7480043138853,1.2003309631347656,200.05516052246094
116,13398,19.633334924696626,1.307861297607422,217.9768829345703
117,13518,18.12728607293912,1.2677581787109375,211.29302978515625
118,13638,19.02344125251801,1.2914217224121094,215.23695373535156
119,13756,10.027390670490814,0.8961919555664063,149.36532592773438
120,13875,16.572453109243817,1.193504150390625,198.9173583984375
121,13995,21.67686508713167,1.4152096252441406,235.86827087402344
122,14115,25.11134095615531,1.55678759765625,259.464599609375
123,14235,10.741041216009357,0.9185219421386719,153.0869903564453
124,14355,9.974165527470577,0.8804961547851563,146.74935913085938
125,14475,35.05827456308068,2.0216112670898436,336.9352111816406
126,14595,41.88948191745156,2.33156689453125,388.594482421875
127,14715,38.936526212144656,2.212644287109375,368.7740478515625
128,14835,26.940264815572306,1.6482526245117188,274.7087707519531
129,14951,9.893137486738068,0.8787475891113281,146.4579315185547
130,15071,28.83737361709214,1.738620849609375,289.7701416015625
131,15191,38.757147119207396,2.177381103515625,362.8968505859375
132,15311,33.113823795593035,1.929765380859375,321.6275634765625
133,15431,27.565639824885636,1.666560791015625,277.7601318359375
134,15551,25.66543283273652,1.604455078125,267.4091796875
135,15671,24.037806647441386,1.5262325134277344,254.37208557128906
136,15791,28.39117242065757,1.7087037963867187,284.7839660644531
137,15911,40.59709959370448,2.2558831787109375,375.98052978515625
138,16031,28.856698107771408,1.745426513671875,290.9044189453125
139,16151,27.270310495278277,1.68581982421875,280.969970703125
140,16271,45.94739244139139,2.5016436767578125,416.94061279296875
141,16391,32.72421352502118,1.90585693359375,317.642822265625
142,16511,35.185963335328864,2.0302159423828123,338.36932373046875
143,16631,46.153565645121475,2.5284603881835936,421.4100646972656
144,16751,44.165103137541124,2.4255098876953123,404.25164794921875
145,16871,33.63776280674435,1.946824951171875,324.4708251953125
146,16991,41.20835107302927,2.29092626953125,381.821044921875
147,17111,45.48385377411705,2.48251318359375,413.752197265625
148,17231,39.55995325424395,2.209124084472656,368.1873474121094
149,17351,38.015248672894835,2.146064025878906,357.6773376464844
150,17471,39.94983632825833,2.23158251953125,371.930419921875
151,17591,32.353806878191904,1.8935130615234375,315.58551025390625
152,17711,45.321432503210765,2.472650390625,412.1083984375
153,17831,49.22882378013072,2.650216003417969,441.7026672363281
154,17951,28.470132575719163,1.702487548828125,283.7479248046875
155,18071,25.64449493909826,1.580525390625,263.4208984375
156,18191,43.87648035584211,2.409903259277344,401.6505432128906
157,18311,39.47824714127266,2.2157208251953127,369.28680419921875
158,18431,52.199351959978145,2.791232849121094,465.2054748535156
159,18551,44.36812437215808,2.42821142578125,404.701904296875
160,18671,35.73124075121801,2.0304254150390624,338.40423583984375
161,18791,40.963801915405554,2.272191467285156,378.6985778808594
162,18911,41.13725186303813,2.27934521484375,379.890869140625
163,19031,38.22776245205579,2.1458031005859377,357.63385009765625
164,19151,48.282846701466255,2.600744567871094,433.4574279785156
165,19271,46.80827937425237,2.548341247558594,424.7235412597656
166,19391,45.84879507600154,2.505805480957031,417.6342468261719
167,19511,38.908333643787834,2.1804772338867187,363.4128723144531
168,19631,38.95974334533296,2.1735615234375,362.26025390625
169,19751,47.86580173995129,2.603084289550781,433.8473815917969
170,19871,48.49222541690129,2.612717102050781,435.4528503417969
171,19991,49.8726589632456,2.678914306640625,446.4857177734375
172,20111,34.22690492843319,1.9645175170898437,327.4195861816406
173,20231,45.277735236018444,2.4573775634765624,409.56292724609375
174,20351,45.75285915052939,2.484945556640625,414.1575927734375
175,20471,42.333893751689516,2.3362540283203126,389.37567138671875
176,20591,41.23530393716696,2.2840792236328125,380.67987060546875
177,20711,53.71422209791106,2.8512572021484375,475.20953369140625
178,20831,35.74290976619399,2.034817565917969,339.1362609863281
179,20951,49.42614139002384,2.656721740722656,442.7869567871094
180,21071,42.184160532094715,2.3341439208984376,389.02398681640625
181,21191,51.50487834886294,2.750531982421875,458.4219970703125
182,21311,36.870153772318005,2.0780956420898438,346.3492736816406
183,21431,57.105144061323166,2.99099853515625,498.499755859375
184,21551,47.9550380767101,2.5771885986328127,429.53143310546875
185,21671,48.5301455902002,2.6143758544921876,435.72930908203125
186,21791,46.578547321847935,2.52990966796875,421.651611328125
187,21911,40.89944921494281,2.270088134765625,378.3480224609375
188,22031,47.74358900927745,2.5900079956054687,431.6679992675781
189,22151,42.98658546766044,2.365961608886719,394.3269348144531
190,22271,53.14848552402663,2.8305679321289063,471.7613220214844
191,22391,51.00031468770098,2.7321113891601563,455.3518981933594
192,22511,47.792062478703805,2.5730784301757814,428.8464050292969
193,22631,43.48959700519384,2.3913869018554688,398.5644836425781
194,22751,56.95631350852751,2.9957120361328125,499.28533935546875
195,22871,46.048158869451576,2.4914725341796875,415.24542236328125
196,22991,58.03098062476609,3.039270263671875,506.5450439453125
197,23111,49.620851948484855,2.6738734130859374,445.64556884765625
198,23231,56.74777990556851,2.9814290771484373,496.90484619140625
199,23351,52.89661415512414,2.8193133544921873,469.88555908203125
200,23471,45.22042324870703,2.477467346191406,412.9112243652344
201,23591,59.287238644939166,3.1022852783203123,517.0475463867188
202,23711,62.266399844936714,3.2344661865234374,539.0776977539062
203,23831,57.36340666189588,3.0120714111328124,502.01190185546875
204,23951,47.228742117961716,2.5567890014648436,426.1315002441406
205,24071,53.50856174147715,2.8433146362304687,473.8857727050781
206,24191,55.08108194873411,2.907137512207031,484.5229187011719
207,24311,54.55000804040951,2.8962255249023436,482.7042541503906
208,24431,58.90460640021634,3.0799771728515624,513.3295288085938
209,24551,49.361432149002674,2.661671447753906,443.6119079589844
210,24671,51.111435135995066,2.7314439697265627,455.24066162109375
211,24791,56.15793076572747,2.954575927734375,492.4293212890625
212,24911,52.82295353968343,2.8267644653320314,471.1274108886719
213,25031,63.392782046005195,3.2763427734375,546.05712890625
214,25151,60.79078509812228,3.15902197265625,526.503662109375
215,25271,56.074389717441015,2.9493544921875,491.55908203125
216,25391,53.79985530164778,2.861471374511719,476.9118957519531
217,25511,47.476992050664705,2.577625671386719,429.6042785644531
218,25631,62.72955447816956,3.2575140380859375,542.9190063476562
219,25751,49.202859605064965,2.647207763671875,441.2012939453125
220,25871,55.505787669628376,2.925775451660156,487.6292419433594
221,25991,60.12221153938762,3.12931494140625,521.552490234375
222,26111,56.14638128495,2.969937744140625,494.9896240234375
223,26231,47.212303919567695,2.5629422607421875,427.15704345703125
224,26351,56.669753466942666,2.9769525146484375,496.15875244140625
225,26471,59.23729229871464,3.0873486328125,514.55810546875
226,26591,48.89235754360208,2.6374486083984374,439.57476806640625
227,26711,50.64401100079441,2.7170159912109373,452.83599853515625
228,26831,63.71317070723177,3.2858829345703127,547.6471557617188
229,26951,54.356654564579,2.88247265625,480.412109375
230,27071,58.792910198066885,3.0660602416992186,511.0100402832031
231,27191,55.2063466414691,2.90770751953125,484.617919921875
232,27311,58.83640137318206,3.0790689697265625,513.1781616210938
233,27431,59.122378358518354,3.0900596923828125,515.0099487304688
234,27551,65.94939278670249,3.406547607421875,567.7579345703125
235,27671,59.382904260024226,3.1016319580078124,516.9386596679688
236,27791,59.85129846287474,3.1185018310546875,519.7503051757812
237,27911,58.7272477074346,3.067643737792969,511.2739562988281
238,28031,62.96486656991411,3.2681173095703127,544.6862182617188
239,28151,62.14803612522962,3.223913818359375,537.3189697265625
240,28271,48.053538869697064,2.595929992675781,432.6549987792969
241,28391,51.697775023501926,2.752173889160156,458.6956481933594
242,28511,65.08916066892672,3.3574541015625,559.57568359375
243,28631,64.05954954570889,3.32003759765625,553.339599609375
244,28751,56.309820799103825,2.955085693359375,492.5142822265625
245,28871,61.679372149821766,3.214907958984375,535.8179931640625
246,28991,64.43180675169769,3.331963623046875,555.3272705078125
247,29111,54.472663173275336,2.88242578125,480.404296875
248,29231,59.25652015909188,3.09065478515625,515.109130859375
249,29351,66.14918877418083,3.3951075439453127,565.8512573242188
250,29471,61.969542370213645,3.2094356689453125,534.9059448242188
251,29591,55.71171565792538,2.9354763793945313,489.2460632324219
252,29711,61.88233009344667,3.2114490966796874,535.2415161132812
253,29831,60.21518557903302,3.1383885498046875,523.0647583007812
254,29951,62.55095673840925,3.2423148193359377,540.3858032226562
255,30071,58.95482325240809,3.073137451171875,512.1895751953125
256,30191,63.78588528374491,3.3064306640625,551.07177734375
257,30311,62.35206515350483,3.2344244384765624,539.0707397460938
258,30431,65.11031105009161,3.3508238525390626,558.4706420898438
259,30551,50.562702392380224,2.7140191040039063,452.3365173339844
260,30671,56.187660884139305,2.9553145751953127,492.55242919921875
261,30791,68.2360961304703,3.49484033203125,582.473388671875
262,30911,68.85480583585611,3.5309249267578124,588.4874877929688
263,31031,67.42539259224736,3.463219482421875,577.2032470703125
264,31151,70.72051180485968,3.6098236083984374,601.6372680664062
265,31271,74.78104526609809,3.793991455078125,632.3319091796875
266,31391,58.10472771432346,3.0559136352539062,509.3189392089844
267,31511,62.85662345816513,3.2540643310546873,542.3440551757812
268,31631,56.18244023690451,2.97160693359375,495.267822265625
269,31751,63.59433532078829,3.2918876953125,548.64794921875
270,31871,62.62031193999621,3.2641805419921877,544.0300903320312
271,31991,70.01970400136075,3.5834842529296873,597.2473754882812
272,32111,58.70895350999511,3.07653369140625,512.755615234375
273,32231,68.67343163260605,3.5217689208984373,586.9614868164062
274,32351,66.90321873895506,3.4433572998046875,573.8928833007812
275,32471,69.06388028572064,3.5498814697265626,591.6469116210938
276,32591,68.58831475981353,3.5080447998046873,584.6741333007812
277,32711,58.964121526211,3.0840443115234377,514.0073852539062
278,32831,64.06896564028459,3.3099217529296876,551.6536254882812
279,32951,62.73446495286147,3.2666070556640623,544.4345092773438
280,33071,67.18597320640787,3.4522408447265627,575.3734741210938
281,33191,70.21329898028068,3.5908414306640624,598.4735717773438
282,33311,65.49748317810729,3.3814149169921874,563.5691528320312
283,33431,67.7788523852287,3.4825697021484374,580.4282836914062
284,33551,62.03279940877161,3.2263114013671874,537.7185668945312
285,33671,73.8734339551151,3.7570660400390623,626.1776733398438
286,33791,65.36631878376826,3.371666015625,561.9443359375
287,33911,66.56432913056837,3.4305908203125,571.76513671875
288,34031,73.50659801853935,3.727357177734375,621.2261962890625
289,34151,70.64225056028727,3.6193106689453125,603.2184448242188
290,34271,64.02073124876497,3.2985772705078125,549.7628784179688
291,34391,67.08277439447694,3.4455831298828126,574.2638549804688
292,34511,67.6779975342669,3.4722802734375,578.71337890625
293,34631,65.90491273199872,3.4014195556640625,566.9032592773438
294,34751,72.74429527237261,3.6972066650390625,616.2011108398438
295,34871,75.4317101369672,3.82327734375,637.212890625
296,34991,64.99247201633096,3.3690611572265623,561.5101928710938
297,35111,74.13605434941385,3.7736759033203127,628.9459838867188
298,35231,55.96935855838592,2.957183532714844,492.8639221191406
299,35351,64.93245803644628,3.3504012451171876,558.4002075195312
300,35471,70.25682154410539,3.5987061767578123,599.7843627929688
301,35591,55.73743097146621,2.9521717529296874,492.02862548828125
302,35711,71.92152120442998,3.669730224609375,611.6217041015625
303,35831,69.24749817470614,3.5605048828125,593.41748046875
304,35951,58.93445147408328,3.0827303466796874,513.7883911132812
305,36071,65.8612646051496,3.4084610595703126,568.0768432617188
306,36191,69.03579731077909,3.5486077880859375,591.4346313476562
307,36311,63.4340820039441,3.298348388671875,549.7247314453125
308,36431,63.00328717681454,3.2539541015625,542.32568359375
309,36551,68.6823197183327,3.5204666748046876,586.7444458007812
310,36671,67.368093431009,3.456232177734375,576.0386962890625
311,36791,75.40054394885053,3.8304451904296877,638.4075317382812
312,36911,69.40729696904856,3.5581614990234374,593.0269165039062
313,37031,72.43881530058445,3.6952760009765626,615.8793334960938
314,37151,65.3789361749407,3.369822509765625,561.6370849609375
315,37271,65.28768200462903,3.36325927734375,560.543212890625
316,37391,73.63876580601979,3.7379373779296876,622.9895629882812
317,37511,75.81946284589097,3.8613175048828126,643.5529174804688
318,37631,71.28845676229477,3.646259765625,607.7099609375
319,37751,65.72413527028134,3.3877518310546875,564.6253051757812
320,37871,64.45446728900014,3.346846435546875,557.8077392578125
321,37991,71.046686599929,3.63218701171875,605.364501953125
322,38111,73.36522174926691,3.7419378662109377,623.6563110351562
323,38231,62.523010916914664,3.243964599609375,540.6607666015625
324,38351,64.89649059627564,3.351106201171875,558.5177001953125
325,38471,74.5229362895246,3.7883594970703127,631.3932495117188
326,38591,65.2069115930118,3.378289306640625,563.0482177734375
327,38711,67.29055550998494,3.459775634765625,576.6292724609375
328,38831,69.4980969766108,3.5711942138671877,595.1990356445312
329,38951,65.88360178120777,3.4123714599609376,568.7285766601562
330,39071,82.37348671180006,4.133756103515625,688.9593505859375
331,39191,75.65679084890303,3.832175537109375,638.6959228515625
332,39311,72.61444560151881,3.6962449951171874,616.0408325195312
333,39431,68.33288777184652,3.5106925048828126,585.1154174804688
334,39551,78.46843619179467,3.9632794189453127,660.5465698242188
335,39671,73.6215831519668,3.7355595703125,622.59326171875
336,39791,64.73155927756763,3.3340147705078125,555.6691284179688
337,39911,76.53185487142076,3.86946240234375,644.910400390625
338,40031,75.64867998075559,3.838705810546875,639.7843017578125
339,40151,72.93976363433659,3.715597412109375,619.2662353515625
340,40271,69.3456526731347,3.55199267578125,591.998779296875
341,40391,73.04992699072395,3.7218585205078125,620.3097534179688
342,40511,79.536016474882,4.008050537109375,668.0084228515625
343,40631,73.04797065185794,3.7217625732421875,620.2937622070312
344,40751,73.08798846989436,3.71419775390625,619.032958984375
345,40871,77.51821398973732,3.9338126220703127,655.6354370117188
346,40991,69.76596706176974,3.5656640625,594.27734375
347,41111,82.69786499451908,4.153742065429688,692.2903442382812
348,41231,78.01245185185235,3.9455584716796874,657.5930786132812
349,41351,80.85414576653987,4.072562622070312,678.7604370117188
350,41471,81.3764269981028,4.097025146484375,682.8375244140625
351,41591,83.18297861296725,4.173514526367187,695.5857543945312
352,41711,81.288833909146,4.091351806640625,681.8919677734375
353,41831,79.6543729654496,4.01638037109375,669.396728515625
354,41951,86.57997552446508,4.33131591796875,721.885986328125
355,42071,83.12438736120828,4.180857788085937,696.8096313476562
356,42191,72.6257018082443,3.7028953857421874,617.1492309570312
357,42311,82.85276942394499,4.154133544921875,692.3555908203125
358,42431,74.27561579835765,3.7772384033203124,629.5397338867188
359,42551,75.54035593022925,3.8430142822265627,640.5023803710938
360,42671,81.70144928878088,4.105632568359375,684.2720947265625
361,42791,77.06030981016029,3.9087333984375,651.45556640625
362,42911,78.18640745732492,3.960834228515625,660.1390380859375
363,43031,77.22221234548823,3.91086181640625,651.810302734375
364,43151,85.12658535352107,4.269168090820313,711.5280151367188
365,43271,77.64113359517884,3.9240479736328124,654.0079956054688
366,43391,83.8138443898653,4.210629272460937,701.7715454101562
367,43511,89.90376808985793,4.487732299804687,747.9553833007812
368,43631,81.69785919810808,4.111821899414062,685.3036499023438
369,43751,74.21408711507472,3.775253173828125,629.2088623046875
370,43871,80.52071131825188,4.040096557617187,673.3494262695312
371,43991,85.75883856991973,4.29565283203125,715.942138671875
372,44111,77.12745906959044,3.924731689453125,654.1219482421875
373,44231,74.45068806874382,3.7854473876953123,630.9078979492188
374,44351,80.3390193996083,4.046651000976563,674.4418334960938
375,44471,85.28949084964223,4.262282958984375,710.3804931640625
376,44591,86.57585172310016,4.344582641601563,724.0971069335938
377,44711,77.28236027419219,3.9117421875,651.95703125
378,44831,76.89539612849029,3.893256591796875,648.8760986328125
379,44951,91.78233784120644,4.5772470703125,762.87451171875
380,45071,81.86283145579559,4.119027099609375,686.5045166015625
381,45191,88.71855716218369,4.42655712890625,737.759521484375
382,45311,86.1293071218644,4.3090491943359375,718.1748657226562
383,45431,84.59749901552465,4.251901245117187,708.6502075195312
384,45551,82.71653806647613,4.166726440429687,694.4544067382812
385,45671,74.50373271764703,3.7893585205078124,631.5597534179688
386,45791,76.0994362301863,3.8624813232421875,643.7468872070312
387,45911,76.97847393891746,3.905652099609375,650.9420166015625
388,46031,82.25013057958303,4.136800048828125,689.4666748046875
389,46151,84.53801676048275,4.24265478515625,707.109130859375
390,46271,77.14144491459271,3.903125244140625,650.5208740234375
391,46391,80.73262788935115,4.067448852539062,677.9081420898438
392,46511,91.57753334434182,4.550546997070312,758.4244995117188
393,46631,84.52278000766563,4.23888427734375,706.480712890625
394,46751,79.99986526643934,4.037641845703125,672.9403076171875
395,46871,83.9742960799343,4.214240844726563,702.3734741210938
396,46991,82.90021489391401,4.152263671875,692.0439453125
397,47111,76.18232453260747,3.8598922119140626,643.3153686523438
398,47231,83.68395172417975,4.197828002929688,699.6380004882812
399,47351,93.31484913223777,4.643255493164062,773.8759155273438
400,47471,85.42986015966656,4.289467895507813,714.9113159179688
401,47591,88.744473743882,4.42564453125,737.607421875
402,47711,83.9951336697437,4.211852416992188,701.9754028320312
403,47831,86.37483867088625,4.334624267578125,722.4373779296875
404,47951,78.57761190434826,3.983841796875,663.9736328125
405,48071,83.95929561222496,4.216740234375,702.7900390625
406,48191,81.75108132180485,4.118626831054687,686.4378051757812
407,48311,82.75118069469343,4.161587036132812,693.5978393554688
408,48431,85.70771072686063,4.294395629882812,715.7326049804688
409,48551,86.6461148170728,4.348175903320312,724.6959838867188
410,48671,78.4361827135945,3.9678299560546875,661.3049926757812
411,48791,83.14536850351091,4.176222290039062,696.0370483398438
412,48911,81.15843587267929,4.082396850585938,680.3994750976562
413,49031,84.62663061889712,4.251973022460938,708.6621704101562
414,49151,78.4110866433791,3.9642161865234375,660.7026977539062
415,49271,88.02113129388842,4.389340209960937,731.5567016601562
416,49391,82.35667478307847,4.140358154296875,690.0596923828125
417,49511,91.50088763737008,4.549283203125,758.2138671875
418,49631,82.04151527704957,4.115480712890625,685.9134521484375
419,49751,93.01935573963223,4.626402465820313,771.0670776367188
420,49871,91.14514187375798,4.543053955078125,757.1756591796875
421,49991,90.69401548346012,4.515787353515625,752.6312255859375
422,50111,92.04011641754195,4.571582153320312,761.9303588867188
423,50231,87.86929667284824,4.391936279296875,731.9893798828125
424,50351,94.60398149316221,4.6916348876953125,781.9391479492188
425,50471,77.93907854877128,3.942005126953125,657.0008544921875
426,50591,92.24753719933058,4.5851766357421875,764.1961059570312
427,50711,79.86246990736605,4.029758422851563,671.6264038085938
428,50831,82.15275879599331,4.138279541015625,689.7132568359375
429,50951,90.69588645932882,4.507857421875,751.3095703125
430,51071,93.3268045994847,4.640109008789063,773.3515014648438
431,51191,90.73156925055484,4.526892333984375,754.4820556640625
432,51311,96.65276517669959,4.79956201171875,799.927001953125
433,51431,89.3017017224329,4.454689086914063,742.4481811523438
434,51551,96.7739367369596,4.801858154296875,800.3096923828125
435,51671,89.65932263891207,4.487763427734375,747.9605712890625
436,51791,94.40537564400928,4.7011259765625,783.52099609375
437,51911,87.75303522158393,4.374203247070312,729.0338745117188
438,52031,90.81809034355895,4.5236488037109375,753.9414672851562
439,52151,88.30952968517977,4.412744384765625,735.4573974609375
440,52271,87.93843970479578,4.398676391601563,733.1127319335938
441,52391,83.7841989592825,4.206962036132812,701.1603393554688
442,52511,90.02350579522795,4.4912490234375,748.54150390625
443,52631,87.86305142326522,4.386151245117188,731.0252075195312
444,52751,92.11539683947987,4.595832275390625,765.9720458984375
445,52871,78.58194884881104,3.978765380859375,663.1275634765625
446,52991,88.77589217263264,4.431958740234375,738.6597900390625
447,53111,95.52810268968751,4.7442821044921875,790.7136840820312
448,53231,88.13738911934645,4.397110473632813,732.8517456054688
449,53351,94.947600104683,4.713781494140625,785.6302490234375
450,53471,90.62803757338459,4.510664794921875,751.7774658203125
451,53591,93.02676527660368,4.613759765625,768.9599609375
452,53711,90.77477456482947,4.523310424804688,753.8850708007812
453,53831,100.93428724351597,4.98468603515625,830.781005859375
454,53951,97.98190497608874,4.844000244140625,807.3333740234375
455,54071,96.74298244280394,4.789966552734375,798.3277587890625
456,54191,91.11708424062726,4.527773803710938,754.6289672851562
457,54311,90.09472488709238,4.498146606445313,749.6911010742188
458,54431,92.63117147025864,4.60124853515625,766.874755859375
459,54551,87.58619487369964,4.367382934570313,727.8971557617188
460,54671,90.7406620169194,4.508688720703125,751.4481201171875
461,54791,91.40298980687581,4.559738891601563,759.9564819335938
462,54911,95.56475556218695,4.743713745117187,790.6189575195312
463,55031,92.54985252294469,4.606189819335937,767.6983032226562
464,55151,101.04367861320854,4.983655151367188,830.6091918945312
465,55271,93.50769605796562,4.646545166015625,774.4241943359375
466,55391,95.3762547718585,4.738612426757813,789.7687377929688
467,55511,95.05366092810868,4.719305419921875,786.5509033203125
468,55631,86.43377643114866,4.3279573974609375,721.3262329101562
469,55751,96.29716766247304,4.771667358398438,795.2778930664062
470,55871,90.06413693919907,4.499098022460937,749.8496704101562
471,55991,95.81609980580458,4.765385375976562,794.2308959960938
472,56111,99.09927496605813,4.899460327148438,816.5767211914062
473,56231,95.3215865688535,4.733701171875,788.9501953125
474,56351,87.09742730413481,4.358373413085937,726.3955688476562
475,56471,94.36852568945685,4.675564086914062,779.2606811523438
476,56591,88.16546148294503,4.404673828125,734.1123046875
477,56711,91.63433515510862,4.561928833007813,760.3214721679688
478,56831,96.19808965603912,4.772377807617188,795.3963012695312
479,56951,99.34154307467132,4.901845092773438,816.9741821289062
480,57071,91.22351576581357,4.544901123046875,757.4835205078125
481,57191,95.61215840377787,4.73749658203125,789.582763671875
482,57311,88.72207477223118,4.433149658203125,738.8582763671875
483,57431,101.64298104178786,5.015048583984375,835.8414306640625
484,57551,91.29902230581482,4.547296508789063,757.8827514648438
485,57671,98.72852038164024,4.8741170654296875,812.3528442382812
486,57791,100.8306112583318,4.967334594726562,827.8890991210938
487,57911,94.98326833232434,4.710609008789063,785.1015014648438
488,58031,90.02137964684468,4.491228515625,748.5380859375
489,58151,93.90077845845413,4.653473510742187,775.5789184570312
490,58271,90.97563562934758,4.52724609375,754.541015625
491,58391,94.44014963181472,4.683591796875,780.5986328125
492,58511,96.57796688566752,4.781943969726562,796.9906616210938
493,58631,97.33867301635885,4.8245042724609375,804.0840454101562
494,58751,93.94138806790423,4.671225219726563,778.5375366210938
495,58871,90.65915792299754,4.5174228515625,752.90380859375
496,58991,93.15374581254571,4.6306175537109375,771.7695922851562
497,59111,97.11623274477613,4.814236450195312,802.3727416992188
498,59231,86.8106055621267,4.342649780273438,723.7749633789062
499,59351,91.37253055344462,4.540943115234375,756.8238525390625
500,59471,94.89800198309052,4.7144677734375,785.74462890625
501,59591,102.42343021420321,5.052765380859375,842.1275634765625
502,59711,95.93621626538878,4.748686157226563,791.4476928710938
503,59831,94.60649951458849,4.696072631835937,782.6787719726562
504,59951,91.73045983667247,4.5593935546875,759.89892578125
505,60071,94.03080840623012,4.658457641601562,776.4096069335938
506,60191,99.51187152027708,4.914287841796875,819.0479736328125
507,60311,93.07939564006857,4.62220166015625,770.366943359375
508,60431,95.68190444911542,4.740295532226562,790.0492553710938
509,60551,99.47487466671357,4.913666015625,818.9443359375
510,60671,92.11550944556018,4.587447509765625,764.5745849609375
511,60791,89.61335054423412,4.475377807617187,745.8963012695312
512,60911,101.5277929161343,5.013583374023438,835.5972290039062
513,61031,97.80210646059976,4.853828247070313,808.9713745117188
514,61151,105.12865560249656,5.162976196289063,860.4960327148438
515,61271,98.71403054469539,4.883979858398438,813.9966430664062
516,61391,95.4925279512903,4.728541625976563,788.0902709960938
517,61511,103.67623888331937,5.10793359375,851.322265625
518,61631,99.59531918617246,4.925184448242187,820.8640747070312
519,61751,99.56616707022758,4.916036865234375,819.3394775390625
520,61871,97.05738987322866,4.805675903320313,800.9459838867188
521,61991,103.84012115677972,5.116249145507813,852.7081909179688
522,62111,93.40467861508355,4.6432518310546875,773.8753051757812
523,62231,101.66783772883527,5.029016967773438,838.1694946289062
524,62351,101.71850690166893,5.015384765625,835.8974609375
525,62471,95.60811919389124,4.750966552734375,791.8277587890625
526,62591,96.07098738803413,4.760704833984375,793.4508056640625
527,62711,103.47696744250277,5.089339233398437,848.2232055664062
528,62831,91.41724639990522,4.550284057617188,758.3806762695312
529,62951,93.6162748829822,4.651359741210937,775.2266235351562
530,63071,100.99158230741435,4.9785003662109375,829.7500610351562
531,63191,99.02406520232876,4.896156005859375,816.0260009765625
532,63311,97.31759959981225,4.807084716796875,801.1807861328125
533,63431,96.20792971159156,4.771409545898438,795.2349243164062
534,63551,98.71818308128388,4.878484130859375,813.0806884765625
535,63671,106.02481459262258,5.211001831054688,868.5003051757812
536,63791,104.56300160809909,5.146938720703125,857.8231201171875
537,63911,97.04189172916251,4.8073740234375,801.22900390625
538,64031,99.92006720331513,4.930572143554688,821.7620239257812
539,64151,89.77043565267225,4.4748369140625,745.80615234375
540,64271,106.14495269729892,5.202785888671875,867.1309814453125
541,64391,102.62230348988908,5.062248413085937,843.7080688476562
542,64511,106.0759097246517,5.211234741210937,868.5391235351562
543,64631,100.33418894241804,4.953328857421875,825.5548095703125
544,64751,102.8071062475387,5.066406005859375,844.4010009765625
545,64871,98.02411273157796,4.846569213867188,807.7615356445312
546,64991,99.60369478985233,4.92678076171875,821.130126953125
547,65111,82.8576456730093,4.15845263671875,693.075439453125
548,65231,98.30224493469962,4.873014404296875,812.1690673828125
549,65351,94.63576949193775,4.6963084716796875,782.7180786132812
550,65471,90.26138686461441,4.500453369140625,750.0755615234375
551,65591,101.90063941917688,5.02672412109375,837.787353515625
552,65711,103.0212926664494,5.071137451171875,845.1895751953125
553,65831,95.88742949486391,4.748846557617187,791.4744262695312
554,65951,108.48481350996333,5.318812866210937,886.4688110351562
555,66071,96.74100575876092,4.79146142578125,798.576904296875
556,66191,103.78066584373404,5.105556518554687,850.9260864257812
557,66311,99.58958382941829,4.917181274414062,819.5302124023438
558,66431,99.14713505685609,4.89878759765625,816.464599609375
559,66551,101.24617262378518,4.988587646484375,831.4312744140625
560,66671,101.29884659407163,4.9944085693359375,832.4014282226562
561,66791,105.90663726934699,5.192395385742188,865.3992309570312
562,66911,98.68968094635211,4.87873828125,813.123046875
563,67031,88.35060135575695,4.410558837890625,735.0931396484375
564,67151,96.02172178793194,4.761117553710937,793.5195922851562
565,67271,99.15011278913418,4.907104614257812,817.8507690429688
566,67391,100.07868529658629,4.941160766601563,823.5267944335938
567,67511,98.5392781865888,4.875724731445312,812.6207885742188
568,67631,100.84555464571827,4.983956909179687,830.6594848632812
569,67751,92.81005539949984,4.60440087890625,767.400146484375
570,67871,92.6845496154142,4.60589208984375,767.648681640625
571,67991,100.24330239292476,4.95215478515625,825.359130859375
572,68111,99.56639767457003,4.9179576416015625,819.6596069335938
573,68231,102.01625743868406,5.0259854736328125,837.6642456054688
574,68351,94.95174496718049,4.710287475585938,785.0479125976562
575,68471,101.06861198600572,4.981703247070312,830.2838745117188
576,68591,99.91075112959712,4.9325947265625,822.09912109375
577,68711,95.16493590834664,4.7167335205078125,786.1222534179688
578,68831,106.60688969666909,5.22819287109375,871.365478515625
579,68951,100.77880161297618,4.969054321289063,828.1757202148438
580,69071,96.50796580584168,4.791675659179687,798.6126098632812
581,69191,97.24378418165219,4.8092900390625,801.54833984375
582,69311,108.96538692734234,5.334503173828125,889.0838623046875
583,69431,102.97357495384735,5.065922973632812,844.3204956054688
584,69551,98.0918780665286,4.853217407226563,808.8695678710938
585,69671,104.93142835753692,5.15607861328125,859.346435546875
586,69791,102.24175188511711,5.043881469726562,840.6469116210938
587,69911,98.42492376373494,4.85790673828125,809.651123046875
588,70031,103.01277142070666,5.071273315429687,845.2122192382812
589,70151,103.10657653651873,5.0712509765625,845.20849609375
590,70271,97.49591901224053,4.823735961914062,803.9559936523438
591,70391,104.12137030117493,5.1214599609375,853.57666015625
592,70511,101.9065035096362,5.013231811523437,835.5386352539062
593,70631,98.35732131685411,4.85485107421875,809.141845703125
594,70751,100.66176546376987,4.95994482421875,826.657470703125
595,70871,101.08712789127323,4.96844970703125,828.074951171875
596,70991,102.13483845645092,5.03442919921875,839.071533203125
597,71111,97.34029526151197,4.816543212890625,802.7572021484375
598,71231,107.82667735232138,5.289817749023437,881.6362915039062
599,71351,106.00925599002976,5.2126787109375,868.77978515625
600,71471,95.65454723140755,4.736572998046875,789.4288330078125
601,71591,95.32928088876409,4.72161767578125,786.936279296875
602,71711,96.17552856080701,4.75615283203125,792.692138671875
603,71831,107.30653230694429,5.269977172851562,878.3295288085938
604,71951,96.79666979268552,4.794870849609375,799.1451416015625
605,72071,107.13974495235948,5.2596763916015625,876.6127319335938
606,72191,95.08175523579696,4.715297607421875,785.8829345703125
607,72311,101.38978494924456,4.996712036132813,832.7853393554688
608,72431,106.75976987764821,5.232135498046875,872.0225830078125
609,72551,105.72193479791014,5.1934573974609375,865.5762329101562
610,72671,101.39406035488193,4.9961964111328125,832.6994018554688
611,72791,104.06811853006795,5.11765283203125,852.942138671875
612,72911,98.37168982182823,4.853595703125,808.9326171875
613,73031,104.98758832332805,5.159659790039062,859.9432983398438
614,73151,104.32208530197235,5.125171508789062,854.1952514648438
615,73271,105.94082823530574,5.2073408203125,867.89013671875
616,73391,102.45862063246658,5.049615234375,841.6025390625
617,73511,99.54809467760765,4.9068841552734375,817.8140258789062
618,73631,105.54111371892002,5.1820986328125,863.68310546875
619,73751,106.76250090874314,5.235451904296875,872.5753173828125
620,73871,102.86214163935492,5.051408203125,841.9013671875
621,73991,115.0855066953487,5.60981689453125,934.969482421875
622,74111,97.98646054285386,4.84613818359375,807.689697265625
623,74231,107.95883424595858,5.305418334960938,884.2363891601562
624,74351,108.66012978921167,5.320268188476563,886.7113647460938
625,74471,107.78902821284609,5.28950537109375,881.584228515625
626,74591,106.81878502159289,5.2387891845703125,873.1315307617188
627,74711,102.990817129287,5.060801513671875,843.4669189453125
628,74831,103.87063407530965,5.1022998046875,850.38330078125
629,74951,107.92772237972557,5.284755615234375,880.7926025390625
630,75071,100.10748866604118,4.928377807617188,821.3963012695312
631,75191,103.52950775786564,5.09960595703125,849.934326171875
632,75311,103.51937521767294,5.0790703125,846.51171875
633,75431,112.9634391626245,5.515055419921875,919.1759033203125
634,75551,105.78753099997991,5.18663818359375,864.439697265625
635,75671,105.92823464467348,5.203321655273437,867.2202758789062
636,75791,100.82693031151605,4.972412109375,828.7353515625
637,75911,104.29213942586908,5.124597290039063,854.0995483398438
638,76031,107.25225556766145,5.27228466796875,878.714111328125
639,76151,100.35304884017071,4.945950073242187,824.3250122070312
640,76271,103.69829646587195,5.088702758789062,848.1171264648438
641,76391,109.50180249463386,5.361800170898437,893.6333618164062
642,76511,105.60335452102385,5.18797265625,864.662109375
643,76631,109.2880735951279,5.344390869140625,890.7318115234375
644,76751,105.64156295165233,5.182012939453125,863.6688232421875
645,76871,104.97721544870498,5.15157275390625,858.595458984375
646,76991,103.42170048631682,5.0876444091796875,847.9407348632812
647,77111,107.6611469574617,5.272885986328125,878.8143310546875
648,77231,108.88181394851621,5.329892578125,888.3154296875
649,77351,107.22225092738145,5.255301635742187,875.8836059570312
650,77471,102.11128427496624,5.02081787109375,836.802978515625
651,77591,102.44255256090823,5.0444095458984375,840.7349243164062
652,77711,106.10496933831358,5.212930297851562,868.8217163085938
653,77831,104.03549175552463,5.112234741210938,852.0391235351562
654,77951,106.53353907802972,5.223563598632812,870.5939331054688
655,78071,104.74887104920478,5.137509155273437,856.2515258789062
656,78191,102.97189562385084,5.060420288085938,843.4033813476562
657,78311,107.61680987603211,5.26692333984375,877.820556640625
658,78431,109.10124981829422,5.338822631835938,889.8037719726562
659,78551,103.50930851218543,5.0873653564453125,847.8942260742188
660,78671,103.54587295720161,5.082132934570312,847.0221557617188
661,78791,104.53642211664209,5.117236083984375,852.8726806640625
662,78911,108.1055609703225,5.291897094726562,881.9828491210938
663,79031,104.59706652951583,5.13349365234375,855.582275390625
664,79151,103.63574397384824,5.088753662109375,848.1256103515625
665,79271,111.11786346326411,5.4318387451171875,905.3064575195312
666,79391,109.01266549340913,5.3340736083984375,889.0122680664062
667,79511,101.8304266667163,5.010923950195313,835.1539916992188
668,79631,97.4653046058649,4.812577514648438,802.0962524414062
669,79751,100.77800349041014,4.965005493164062,827.5009155273438
670,79871,100.56874629634684,4.9446943359375,824.11572265625
671,79991,109.24148875709032,5.349617065429688,891.6028442382812
672,80111,98.5977096434791,4.851957275390625,808.6595458984375
673,80231,108.00711656081809,5.290822631835938,881.8037719726562
674,80351,104.50700925484873,5.1321591796875,855.35986328125
675,80471,110.45661039588242,5.402475219726562,900.4125366210938
676,80591,103.7779543712908,5.098895874023437,849.8159790039062
677,80711,103.75266572829852,5.095242553710937,849.2070922851562
678,80831,112.26151483270327,5.491654174804688,915.2756958007812
679,80951,112.56095458178991,5.499693237304688,916.6155395507812
680,81071,108.60394421369182,5.301541259765625,883.5902099609375
681,81191,108.8858348314118,5.3216044921875,886.93408203125
682,81311,106.37170972936433,5.211703491210938,868.6172485351562
683,81431,106.22869179786298,5.222033569335937,870.3389282226562
684,81551,108.57225669237276,5.31818994140625,886.364990234375
685,81671,110.29035030721464,5.396874755859375,899.4791259765625
686,81791,117.7498888542175,5.741332763671875,956.8887939453125
687,81911,110.22167937878591,5.383575073242188,897.2625122070312
688,82031,110.00452075539738,5.3739298095703125,895.6549682617188
689,82151,113.54400106021811,5.53500732421875,922.501220703125
690,82271,115.02247070501102,5.593165649414063,932.1942749023438
691,82391,109.13394905170526,5.336973266601563,889.4955444335938
692,82511,108.72280957181258,5.3229869384765625,887.1644897460938
693,82631,110.99325543263762,5.422464477539062,903.7440795898438
694,82751,104.26454699166618,5.109498413085937,851.5830688476562
695,82871,110.81855294205297,5.408495361328125,901.4158935546875
696,82991,109.76584387283444,5.373720703125,895.6201171875
697,83111,108.22240180268409,5.29784326171875,882.973876953125
698,83231,113.08885041899467,5.507444458007813,917.9074096679688
699,83351,109.77003527660669,5.363419555664063,893.9032592773438
700,83471,108.36083960300563,5.300749145507813,883.4581909179688
701,83591,106.48135087617952,5.226230346679688,871.0383911132812
702,83711,117.35657418564891,5.705390625,950.8984375
703,83831,106.61185922467868,5.236668090820313,872.7780151367188
704,83951,105.54292259054333,5.165624267578125,860.9373779296875
705,84071,103.46422212316952,5.074697387695313,845.7828979492188
706,84191,105.6050822673092,5.180151123046875,863.3585205078125
707,84311,104.5687797091484,5.129779174804687,854.9631958007812
708,84431,113.46758211048673,5.5336083984375,922.26806640625
709,84551,114.9571192080642,5.601328125,933.5546875
710,84671,109.03230116507392,5.336679931640625,889.4466552734375
711,84791,108.10786265080326,5.286240966796875,881.0401611328125
712,84911,108.58227500756672,5.306963012695313,884.4938354492188
713,85031,106.72309801796935,5.2318311767578125,871.9718627929688
714,85151,108.79849322356117,5.33003173828125,888.338623046875
715,85271,111.30950333748909,5.4503895263671875,908.3982543945312
716,85391,111.76495956516962,5.459882080078125,909.9803466796875
717,85511,103.67465166588575,5.086156860351562,847.6928100585938
718,85631,114.12845944130056,5.561798583984375,926.9664306640625
719,85751,110.14300561094858,5.386291625976562,897.7152709960938
720,85871,107.04758218697742,5.2502958984375,875.04931640625
721,85991,109.97946182983695,5.370390380859375,895.0650634765625
722,86111,110.39881530649085,5.39338623046875,898.897705078125
723,86231,101.85392146906392,5.004709350585937,834.1182250976562
724,86351,106.6092930551733,5.230999877929688,871.8333129882812
725,86471,110.48307419760278,5.394387817382812,899.0646362304688
726,86591,118.19928888310807,5.741630859375,956.9384765625
727,86711,113.96544682890485,5.543490966796875,923.9151611328125
728,86831,107.48201429261498,5.262190063476562,877.0316772460938
729,86951,107.97675995546157,5.280658447265625,880.1097412109375
730,87071,110.70687947601343,5.411218872070313,901.8698120117188
731,87191,101.55993484175112,4.982020385742188,830.3367309570312
732,87311,109.65769938088576,5.3549652099609375,892.4942016601562
733,87431,116.59405037554322,5.674338500976562,945.7230834960938
734,87551,107.03851269286355,5.248024658203125,874.6707763671875
735,87671,109.75912228816873,5.365468505859375,894.2447509765625
736,87791,108.1090030977988,5.281966552734375,880.3277587890625
737,87911,112.45896149854633,5.491768432617188,915.2947387695312
738,88031,113.19817265757655,5.521261962890625,920.2103271484375
739,88151,112.6201235379443,5.495501586914062,915.9169311523438
740,88271,109.98084058759312,5.381758666992187,896.9597778320312
741,88391,109.05118441349407,5.328756591796875,888.1260986328125
742,88511,102.09561640591168,5.007952880859375,834.6588134765625
743,88631,113.31637786211473,5.52219287109375,920.365478515625
744,88751,114.78879884075583,5.602425659179688,933.7376098632812
745,88871,104.16661060644194,5.115094482421875,852.5157470703125
746,88991,116.02579435905034,5.648472290039063,941.4120483398438
747,89111,107.22340292609395,5.254283203125,875.7138671875
748,89231,103.39732850956707,5.079318237304688,846.5530395507812
749,89351,113.02804310646374,5.517373901367187,919.5623168945312
750,89471,116.90939049563367,5.685043212890625,947.5072021484375
751,89591,105.7564476251994,5.187812622070313,864.6354370117188
752,89711,102.36514150193355,5.023643188476562,837.2738647460938
753,89831,108.65187301897505,5.320185791015625,886.6976318359375
754,89951,116.77120396777872,5.67929150390625,946.548583984375
755,90071,111.90020766513615,5.463708251953125,910.6180419921875
756,90191,111.55367237046224,5.445257080078125,907.5428466796875
757,90311,106.03398926006967,5.192662719726562,865.4437866210938
758,90431,119.37108621669911,5.799220092773438,966.5366821289062
759,90551,107.62130148858034,5.2608797607421875,876.8132934570312
760,90671,103.82984281851947,5.094129638671875,849.0216064453125
761,90791,112.43249157747513,5.488290161132812,914.7150268554688
762,90911,109.11396625487583,5.338355346679688,889.7258911132812
763,91031,112.82545661820951,5.5053662109375,917.56103515625
764,91151,107.74039508618789,5.272884887695312,878.8141479492188
765,91271,108.58218352008811,5.306384399414062,884.3973999023438
766,91391,118.16428111729718,5.740187255859375,956.6978759765625
767,91511,112.90691203414283,5.513006103515625,918.8343505859375
768,91631,117.25641638890251,5.706227783203125,951.0379638671875
769,91751,109.42187881556299,5.353855590820313,892.3092651367188
770,91871,112.21730394660614,5.47226513671875,912.044189453125
771,91991,103.92932026170656,5.108568603515625,851.4281005859375
772,92111,111.76837374701276,5.456452514648437,909.4087524414062
773,92231,111.631158676098,5.445199951171875,907.5333251953125
774,92351,102.6929187239995,5.042789794921875,840.4649658203125
775,92471,106.21757342653056,5.20131005859375,866.885009765625
776,92591,115.37441542194144,5.619593994140625,936.5989990234375
777,92711,105.26631495280387,5.1621551513671875,860.3591918945312
778,92831,110.95450816830916,5.418556274414063,903.0927124023438
779,92951,108.21200054661037,5.3074317626953125,884.5719604492188
780,93071,113.40922376732752,5.535880737304687,922.6467895507812
781,93191,110.199200785084,5.390400146484375,898.4000244140625
782,93311,111.1192616267141,5.431714965820312,905.2858276367188
783,93431,114.84906850817933,5.600955688476563,933.4926147460938
784,93551,106.83587573499295,5.23258740234375,872.097900390625
785,93671,109.86489437577853,5.365156860351562,894.1928100585938
786,93791,104.29985306019071,5.11051171875,851.751953125
787,93911,110.51552905049894,5.4001658935546875,900.0276489257812
788,94031,113.01347805475204,5.504278564453125,917.3797607421875
789,94151,104.50750051888178,5.12855126953125,854.758544921875
790,94271,108.95471138839343,5.333827880859375,888.9713134765625
791,94391,106.9362916915231,5.232280883789063,872.0468139648438
792,94511,117.54286211165918,5.7131019287109375,952.1836547851562
793,94631,120.57641988097919,5.857810546875,976.3017578125
794,94751,113.54440299936593,5.536054321289063,922.6757202148438
795,94871,113.91828131769878,5.55674560546875,926.124267578125
796,94991,115.53720570919663,5.625845581054688,937.6409301757812
797,95111,104.4320299812638,5.12830224609375,854.717041015625
798,95231,108.5392293555357,5.304869018554688,884.1448364257812
799,95351,109.51354733744137,5.357540771484375,892.9234619140625
800,95471,116.41596581247842,5.668583129882813,944.7638549804688
801,95591,113.420698766324,5.522362426757812,920.3937377929688
802,95711,120.46276811195384,5.8564647216796875,976.0774536132812
803,95831,110.359113728199,5.392801391601562,898.8002319335938
804,95951,111.087885146667,5.425326049804688,904.2210083007812
805,96071,112.52748477138134,5.493368408203125,915.5614013671875
806,96191,109.8776764182771,5.36534912109375,894.224853515625
807,96311,111.93361989561619,5.463397705078125,910.5662841796875
808,96431,109.63214112216488,5.348603759765625,891.4339599609375
809,96551,118.04431146329415,5.739453002929688,956.5755004882812
810,96671,118.37306722087203,5.754561401367187,959.0935668945312
811,96791,122.79478435003054,5.96017529296875,993.362548828125
812,96911,103.6664164994778,5.090786865234375,848.4644775390625
813,97031,114.50872350794097,5.582807006835938,930.4678344726562
814,97151,117.0435140470707,5.69520849609375,949.201416015625
815,97271,109.13550458155652,5.338087280273437,889.6812133789062
816,97391,117.47677821881308,5.712611206054688,952.1018676757812
817,97511,113.88643004395651,5.562361083984375,927.0601806640625
818,97631,112.13347873807248,5.474824951171875,912.4708251953125
819,97751,111.0067895310167,5.426085571289063,904.3475952148438
820,97871,117.22405976405375,5.7085400390625,951.42333984375
821,97991,112.14272167746822,5.474787231445313,912.4645385742188
822,98111,119.5554125148108,5.8033037109375,967.21728515625
823,98231,116.92359496677408,5.686269653320313,947.7116088867188
824,98351,111.30053284455381,5.42967041015625,904.945068359375
825,98471,111.0276182749568,5.42881201171875,904.802001953125
826,98591,107.08534638357901,5.243133544921875,873.8555908203125
827,98711,107.07173733771162,5.242073364257813,873.6788940429688
828,98831,115.70892648646114,5.629195678710937,938.1992797851562
829,98951,120.02692825293002,5.834269409179687,972.3782348632812
830,99071,121.72572945777517,5.915628662109375,985.9381103515625
831,99191,117.60998619234513,5.7288720703125,954.81201171875
832,99311,116.2685496000675,5.656945678710938,942.8242797851562
833,99431,116.21456033702955,5.657619506835937,942.9365844726562
834,99551,111.70211067967409,5.45826416015625,909.710693359375
835,99671,113.62061592717501,5.543325439453125,923.8875732421875
836,99791,116.5131183656485,5.681284057617187,946.8806762695312
837,99911,112.85970563069469,5.516341186523437,919.3901977539062
838,100031,119.67248478408041,5.818772827148438,969.7954711914062
839,100151,113.73761218040177,5.53970361328125,923.283935546875
840,100271,108.32465945764014,5.298269897460938,883.0449829101562
841,100391,114.45231962460853,5.58284619140625,930.474365234375
842,100511,113.05760948258333,5.5082783203125,918.04638671875
843,100631,108.89288057873118,5.335798095703125,889.2996826171875
844,100751,117.62046629404288,5.730160034179687,955.0266723632812
845,100871,111.94605712350514,5.461131958007813,910.1886596679688
846,100991,119.09666078874112,5.788698486328125,964.7830810546875
847,101111,110.78123946079064,5.418166259765625,903.0277099609375
848,101231,116.53005891120046,5.684236083984375,947.3726806640625
849,101351,119.24091717777654,5.7980595703125,966.34326171875
850,101471,114.26466252508855,5.565838989257813,927.6398315429688
851,101591,116.45974174834204,5.672484741210938,945.4141235351562
852,101711,115.5142126465798,5.63773828125,939.623046875
853,101831,116.11936549693985,5.653254272460938,942.2090454101562
854,101951,118.36935036109554,5.752897705078125,958.8162841796875
855,102071,114.74668302708392,5.598680419921875,933.1134033203125
856,102191,110.51445211714027,5.405625366210938,900.9375610351562
857,102311,113.60355537445145,5.535591430664063,922.5985717773438
858,102431,114.47474742343445,5.582270874023438,930.3784790039062
859,102551,118.26013834224932,5.75277392578125,958.795654296875
860,102671,111.84259656740404,5.455682373046875,909.2803955078125
861,102791,115.86837954242709,5.64376904296875,940.628173828125
862,102911,111.61546271434905,5.447338623046875,907.8897705078125
863,103031,117.39933591764643,5.710361938476563,951.7269897460938
864,103151,112.59153587746917,5.506512451171875,917.7520751953125
865,103271,114.40907762970075,5.56937548828125,928.229248046875
866,103391,110.50745011329653,5.403069580078125,900.5115966796875
867,103511,114.26853259255658,5.564678466796875,927.4464111328125
868,103631,120.06553729388844,5.835111328125,972.5185546875
869,103751,117.63168925726006,5.713167846679688,952.1946411132812
870,103871,122.7147958621611,5.953989624023437,992.3316040039062
871,103991,115.22151061385048,5.620021362304687,936.6702270507812
872,104111,117.65039330042183,5.723109375,953.8515625
873,104231,112.31750992366767,5.487606811523437,914.6011352539062
874,104351,116.90608233220735,5.689362670898437,948.2271118164062
875,104471,115.65507139004306,5.640235473632813,940.0392456054688
876,104591,116.38434781390386,5.657647705078125,942.9412841796875
877,104711,112.67944518292929,5.507833740234375,917.9722900390625
878,104831,109.97955571218594,5.384328369140625,897.3880615234375
879,104951,114.83225243691278,5.5962861328125,932.71435546875
880,105071,113.97876950577468,5.561503051757812,926.9171752929688
881,105191,113.53642780866713,5.53825048828125,923.041748046875
882,105311,111.46589025759206,5.44953515625,908.255859375
883,105431,114.57679582299168,5.587703979492187,931.2839965820312
884,105551,113.71551803258544,5.535130737304687,922.5217895507812
885,105671,111.89781330248177,5.46889013671875,911.481689453125
886,105791,116.45958944215946,5.674421264648437,945.7368774414062
887,105911,113.91440601145044,5.56365380859375,927.275634765625
888,106031,114.02354776262234,5.558176025390625,926.3626708984375
889,106151,114.84237563707757,5.593941650390625,932.3236083984375
890,106271,113.00663342931276,5.515138549804687,919.1897583007812
891,106391,113.07905427102209,5.521537353515625,920.2562255859375
892,106511,116.52823444940415,5.66966748046875,944.944580078125
893,106631,110.13563022292877,5.377665161132812,896.2775268554688
894,106751,122.07371377026666,5.923042602539063,987.1737670898438
895,106871,116.25846620189732,5.658634643554688,943.1057739257812
896,106991,113.51080788015595,5.528574829101562,921.4291381835938
897,107111,115.26134573464485,5.613134765625,935.5224609375
898,107231,122.90961115730647,5.957281127929687,992.8801879882812
899,107351,122.83224550155626,5.961381225585938,993.5635375976562
900,107471,121.3987954319623,5.899396728515625,983.2327880859375
901,107591,118.4956831241372,5.7632958984375,960.54931640625
902,107711,112.22946396330033,5.476238891601563,912.7064819335938
903,107831,115.15539191705751,5.60591162109375,934.318603515625
904,107951,115.27424151642717,5.605714233398437,934.2857055664062
905,108071,112.46193806084568,5.494067138671875,915.6778564453125
906,108191,110.44310375896734,5.409280517578125,901.5467529296875
907,108311,112.97267919839436,5.513514770507813,918.9191284179688
908,108431,121.16547603634226,5.878623046875,979.7705078125
909,108551,108.23599122496312,5.28649951171875,881.083251953125
910,108671,113.04484033615913,5.519800048828125,919.9666748046875
911,108791,112.12198415848961,5.469536499023437,911.5894165039062
912,108911,124.70382346037442,6.042973754882812,1007.1622924804688
913,109031,118.36638711842919,5.751015380859375,958.5025634765625
914,109151,105.84036899083767,5.177899291992188,862.9832153320312
915,109271,114.98533677974433,5.6010325927734375,933.5054321289062
916,109391,122.34773429772085,5.937127807617188,989.5213012695312
917,109511,126.03518747081318,6.094512451171875,1015.7520751953125
918,109631,109.77223817429241,5.3737265625,895.62109375
919,109751,117.04300335386938,5.693408203125,948.9013671875
920,109871,122.66394862886193,5.956937255859375,992.8228759765625
921,109991,121.90428145826783,5.921785034179687,986.9641723632812
922,110111,121.13310818356442,5.879696411132812,979.9494018554688
923,110231,120.29017635729501,5.848605834960938,974.7676391601562
924,110351,115.59565677026089,5.62635791015625,937.726318359375
925,110471,115.14592052057486,5.612234985351562,935.3724975585938
926,110591,118.5823435540492,5.76644970703125,961.074951171875
927,110711,124.3346241420301,6.0303486328125,1005.05810546875
928,110831,115.12312444534354,5.606429077148437,934.4048461914062
929,110951,118.609816765174,5.766435424804688,961.0725708007812
930,111071,115.57900892380636,5.630140502929687,938.3567504882812
931,111191,112.00588361154422,5.462935546875,910.4892578125
932,111311,109.08133558867578,5.328921752929688,888.1536254882812
933,111431,123.24055187704498,5.980399291992187,996.7332153320312
934,111551,119.32938176038839,5.797218383789063,966.2030639648438
935,111671,123.89612608298977,6.01194580078125,1001.990966796875
936,111791,128.6047761937877,6.21658740234375,1036.097900390625
937,111911,114.62381237402178,5.581563720703125,930.2606201171875
938,112031,114.24764502475142,5.5655628662109375,927.5938110351562
939,112151,113.93132374761859,5.555205322265625,925.8675537109375
940,112271,119.45329740961397,5.798889770507812,966.4816284179688
941,112391,117.65405114815412,5.721027465820312,953.5045776367188
942,112511,121.74375467660494,5.915880615234375,985.9801025390625
943,112631,117.00143356798463,5.698815673828125,949.8026123046875
944,112751,118.234004419389,5.7454072265625,957.56787109375
945,112871,122.8928217337853,5.955692504882813,992.6154174804688
946,112991,117.26304821713379,5.703647094726563,950.6078491210938
947,113111,119.24068165191605,5.78384765625,963.974609375
948,113231,114.20495867726837,5.565296630859375,927.5494384765625
949,113351,115.46840845285826,5.620708374023438,936.7847290039062
950,113471,125.34402011869416,6.066776000976563,1011.1293334960938
951,113591,119.23388424246963,5.7909638671875,965.16064453125
952,113711,114.63446401887603,5.577583374023438,929.5972290039062
953,113831,115.41410900626134,5.620945678710937,936.8242797851562
954,113951,112.26456327032207,5.4805400390625,913.42333984375
955,114071,119.40188474781948,5.804768920898438,967.4614868164062
956,114191,121.03898620018609,5.88408251953125,980.680419921875
957,114311,113.33582741106076,5.520472412109375,920.0787353515625
958,114431,122.94066047876538,5.964634643554687,994.1057739257812
959,114551,123.76377000818576,6.007154663085937,1001.1924438476562
960,114671,119.14688296014543,5.78795947265625,964.659912109375
961,114791,118.04092030237663,5.739264770507813,956.5441284179688
962,114911,119.64175138152837,5.824100463867188,970.6834106445312
963,115031,115.76792949158303,5.639219604492188,939.8699340820312
964,115151,118.04861727899942,5.740911987304687,956.8186645507812
965,115271,119.86770316482904,5.817391479492188,969.5652465820312
966,115391,113.31022742002236,5.522765991210938,920.4609985351562
967,115511,110.54002134937996,5.394278686523437,899.0464477539062
968,115631,125.67543234240154,6.085068603515625,1014.1781005859375
969,115751,114.98462621119548,5.600596435546875,933.4327392578125
970,115871,118.439285317108,5.7658359375,960.97265625
971,115991,115.4751894637618,5.626411010742188,937.7351684570312
972,116111,118.42361736686779,5.755522705078125,959.2537841796875
973,116231,113.37793621255227,5.534137573242187,922.3562622070312
974,116351,121.65585625081142,5.90389453125,983.982421875
975,116471,121.60514979044372,5.9052744140625,984.21240234375
976,116591,117.81396943498532,5.729643676757813,954.9406127929688
977,116711,116.81545659732708,5.6784862060546875,946.4143676757812
978,116831,121.7481920758367,5.9115205078125,985.25341796875
979,116951,107.62359607865267,5.267644775390625,877.9407958984375
980,117071,118.30413579533317,5.753260620117188,958.8767700195312
981,117191,124.09166995666338,6.013868774414062,1002.3114624023438
982,117311,119.66165213415715,5.81847216796875,969.745361328125
983,117431,124.18145197163967,6.02357373046875,1003.928955078125
984,117551,122.46893901171373,5.939013793945312,989.8356323242188
985,117671,113.64095656530776,5.532661743164063,922.1102905273438
986,117791,118.6029573874286,5.766839721679688,961.1399536132812
987,117911,122.36166542274549,5.935721923828125,989.2869873046875
988,118031,113.2424185090136,5.526781127929688,921.1301879882812
989,118151,121.45574001090382,5.896698120117187,982.7830200195312
990,118271,116.09798295864636,5.648522827148438,941.4204711914062
991,118391,117.76994257379394,5.72593212890625,954.322021484375
992,118511,125.85767329369695,6.09118212890625,1015.197021484375
993,118631,119.97579376803353,5.833415771484375,972.2359619140625
994,118751,122.72510921680944,5.952984375,992.1640625
995,118871,114.74891952620963,5.59559326171875,932.598876953125
996,118991,116.01673471169835,5.651493530273438,941.9155883789062
997,119111,119.10158583665226,5.790446044921875,965.0743408203125
998,119231,114.81283201234376,5.600962280273437,933.4937133789062
999,119351,117.12699085986493,5.703417846679687,950.5696411132812
1000,119471,121.91315579440003,5.920540283203125,986.7567138671875
1001,119591,117.1052492231235,5.7052503662109375,950.8750610351562
1002,119711,109.45926323728436,5.350210327148438,891.7017211914062
1003,119831,119.24333960138023,5.793083129882812,965.5138549804688
1004,119951,114.1855191621707,5.566279907226562,927.7133178710938
1005,120071,120.72022421369354,5.875691162109375,979.2818603515625
1006,120191,125.75961242718003,6.091943115234375,1015.3238525390625
1007,120311,120.83973464382775,5.86906201171875,978.177001953125
1008,120431,118.63932585076395,5.76085400390625,960.142333984375
1009,120551,119.77331011062735,5.819115234375,969.8525390625
1010,120671,115.94491929269412,5.6424407958984375,940.4067993164062
1011,120791,115.982986402366,5.648076049804687,941.3460083007812
1012,120911,109.76920588500862,5.368701782226562,894.7836303710938
1013,121031,121.62603350355084,5.904499145507812,984.0831909179688
1014,121151,116.00288759000662,5.646819213867188,941.1365356445312
1015,121271,117.60035308317663,5.724893188476562,954.1488647460938
1016,121391,121.49280496768206,5.896480590820312,982.7467651367188
1017,121511,116.33727446683403,5.668571411132812,944.7619018554688
1018,121631,122.32540716423135,5.93703369140625,989.505615234375
1019,121751,123.43196228401447,5.98659814453125,997.766357421875
1020,121871,111.15417640742464,5.42387548828125,903.979248046875
1021,121991,116.12022368332295,5.655084228515625,942.5140380859375
1022,122111,116.94252856220957,5.7027333984375,950.45556640625
1023,122231,114.88762820817342,5.60079052734375,933.465087890625
1024,122351,116.8327818191027,5.68591259765625,947.652099609375
1025,122471,119.84642356434716,5.813502319335938,968.9170532226562
1026,122591,114.59247462415439,5.581210327148438,930.2017211914062
1027,122711,111.63552761299708,5.448029663085937,908.0049438476562
1028,122831,123.61057440591624,5.993460571289062,998.9100952148438
1029,122951,119.25027552020902,5.803331909179687,967.2219848632812
1030,123071,123.3647126293876,5.984794921875,997.4658203125
1031,123191,117.89712016132688,5.73828369140625,956.380615234375
1032,123311,124.94269183327977,6.056857543945313,1009.4762573242188
1033,123431,122.86466891905222,5.965339599609375,994.2232666015625
1034,123551,123.9630036765706,6.004909790039062,1000.8182983398438
1035,123671,113.32333675614493,5.525872924804688,920.9788208007812
1036,123791,115.8440742373817,5.642373779296875,940.3956298828125
1037,123911,122.52840290156416,5.937014282226563,989.5023803710938
1038,124031,116.43024260674629,5.666565307617187,944.4275512695312
1039,124151,119.00246233300608,5.783032104492188,963.8386840820312
1040,124271,119.97428690218997,5.828160278320312,971.3600463867188
1041,124391,118.37623410938856,5.755063110351562,959.1771850585938
1042,124511,110.91263764620099,5.418131103515625,903.0218505859375
1043,124631,115.10770665866305,5.611051025390625,935.1751708984375
1044,124751,117.82614946181499,5.73110009765625,955.183349609375
1045,124871,117.29554799849045,5.70532763671875,950.887939453125
1046,124991,117.99168010467329,5.737220581054688,956.2034301757812
1047,125111,116.03800251824444,5.643263671875,940.5439453125
1048,125231,121.74307314590946,5.9026552734375,983.77587890625
1049,125351,123.68484867105322,6.000048706054687,1000.0081176757812
1050,125471,117.96662482822275,5.730572387695313,955.0953979492188
1051,125591,122.68361375892972,5.9524306640625,992.07177734375
1052,125711,121.40496191223501,5.894593139648437,982.4321899414062
1053,125831,122.1541473528141,5.928148681640625,988.0247802734375
1054,125951,125.05275599656152,6.059628295898437,1009.9380493164062
1055,126071,126.0134774692712,6.098234252929688,1016.3723754882812
1056,126191,125.90951577788094,6.09703271484375,1016.172119140625
1057,126311,117.73906847341561,5.722669921875,953.7783203125
1058,126431,125.89725791012638,6.089151489257812,1014.8585815429688
1059,126551,119.33721167581702,5.793375,965.5625
1060,126671,114.83345359772953,5.597290283203125,932.8817138671875
1061,126791,124.35921688722996,6.022037475585938,1003.6729125976562
1062,126911,123.07507823328771,5.968386840820313,994.7311401367188
1063,127031,117.30029496122505,5.699448852539063,949.9081420898438
1064,127151,119.44930685034515,5.80922900390625,968.204833984375
1065,127271,126.89295571019363,6.15677783203125,1026.129638671875
1066,127391,120.01978948558825,5.833427124023437,972.2378540039062
1067,127511,121.95757955709212,5.92332861328125,987.221435546875
1068,127631,118.00021555184323,5.7369990234375,956.16650390625
1069,127751,120.62254966130418,5.849303100585938,974.8838500976562
1070,127871,124.89904406726154,6.04971826171875,1008.286376953125
1071,127991,117.51398806444382,5.717711791992188,952.9519653320312
1072,128111,122.8208524666362,5.95982080078125,993.303466796875
1073,128231,123.50195756571802,5.984245971679687,997.3743286132812
1074,128351,114.04136873249549,5.5672496337890625,927.8749389648438
1075,128471,121.4746518773399,5.894963012695312,982.4938354492188
1076,128591,115.1165628084004,5.602294555664063,933.7157592773438
1077,128711,121.14491413068419,5.879331665039063,979.8886108398438
1078,128831,114.77876227453143,5.590717163085937,931.7861938476562
1079,128951,123.35893208831718,5.97576416015625,995.960693359375
1080,129071,115.67033901431391,5.630102783203125,938.3504638671875
1081,129191,123.80768303766658,5.995250610351563,999.2084350585938
1082,129311,120.62766052487137,5.856378662109375,976.0631103515625
1083,129431,126.20124393037484,6.114837890625,1019.1396484375
1084,129551,123.96845025337689,6.011060668945312,1001.8434448242188
1085,129671,119.59508235700194,5.816952026367187,969.4920043945312
1086,129791,123.8925298379261,6.006587036132813,1001.0978393554688
1087,129911,114.75420086706151,5.5866112060546875,931.1018676757812
1088,130031,116.82514803706896,5.679026733398437,946.5044555664062
1089,130151,116.61111438658249,5.671072631835938,945.1787719726562
1090,130271,121.12188641183552,5.876546997070313,979.4244995117188
1091,130391,119.29869812352862,5.796451171875,966.0751953125
1092,130511,121.2353073683143,5.887802490234375,981.3004150390625
1093,130631,122.10151823123496,5.924949096679687,987.4915161132812
1094,130751,118.35497402733478,5.74966259765625,958.277099609375
1095,130871,115.55309968989734,5.622922119140625,937.1536865234375
1096,130991,117.1770247821575,5.7034193115234375,950.5698852539062
1097,131111,120.94068831837265,5.8662099609375,977.70166015625
1098,131231,116.9568694297133,5.69298486328125,948.830810546875
1099,131351,116.8682717450964,5.694269165039063,949.0448608398438
1100,131471,121.54204375701805,5.892822143554688,982.1370239257812
1101,131591,121.11151081033118,5.876896362304688,979.4827270507812
1102,131711,119.38798189047937,5.7981024169921875,966.3504028320312
1103,131831,119.9057493291721,5.824255004882812,970.7091674804688
1104,131951,121.79737194454646,5.903186645507812,983.8644409179688
1105,132071,126.90149663411115,6.1408582763671875,1023.4763793945312
1106,132191,121.46698509342187,5.895856201171875,982.6427001953125
1107,132311,118.97420716965732,5.778253784179688,963.0422973632812
1108,132431,125.20995883349133,6.06630908203125,1011.051513671875
1109,132551,126.83114166978959,6.1437923583984375,1023.9653930664062
1110,132671,116.67238285618183,5.675179321289063,945.8632202148438
1111,132791,128.84828971419603,6.230501220703125,1038.4168701171875
1112,132911,122.67126713982128,5.9457099609375,990.95166015625
1113,133031,123.71845960015985,6.00144287109375,1000.240478515625
1114,133151,119.7367554538818,5.811298461914062,968.5497436523438
1115,133271,124.83882511232052,6.04528857421875,1007.548095703125
1116,133391,116.78123418976924,5.676255981445313,946.0426635742188
1117,133511,120.98788848201451,5.872098266601562,978.6830444335938
1118,133631,121.89332360996472,5.908610595703125,984.7684326171875
1119,133751,125.16322183534373,6.062415893554688,1010.4026489257812
1120,133871,116.37296932344955,5.661720336914063,943.6200561523438
1121,133991,108.11241595629237,5.28065185546875,880.108642578125
1122,134111,120.24066743231967,5.838095581054687,973.0159301757812
1123,134231,121.64275246606181,5.89920849609375,983.201416015625
1124,134351,122.55640796396116,5.942526123046875,990.4210205078125
1125,134471,129.9215238333689,6.2789970703125,1046.49951171875
1126,134591,124.23168613830468,6.02303173828125,1003.838623046875
1127,134711,118.56257151408221,5.764739501953125,960.7899169921875
1128,134831,119.59386784377992,5.812701782226562,968.7836303710938
1129,134951,117.09514359452446,5.694248657226563,949.0414428710938
1130,135071,117.29719870400774,5.712316040039062,952.0526733398438
1131,135191,121.90243446775057,5.921572631835938,986.9287719726562
1132,135311,122.4855259692682,5.945727905273437,990.9546508789062
1133,135431,121.43600552681382,5.892075805664063,982.0126342773438
1134,135551,112.07365328671906,5.466066284179687,911.0110473632812
1135,135671,121.08844093816381,5.86747265625,977.912109375
1136,135791,122.04887403072276,5.923145141601562,987.1908569335938
1137,135911,120.1597830635555,5.83944287109375,973.240478515625
1138,136031,120.25378569583285,5.843169799804688,973.8616333007812
1139,136151,122.92950241195051,5.96352392578125,993.920654296875
1140,136271,116.4327789676698,5.66100439453125,943.500732421875
1141,136391,126.26543507057227,6.116037231445312,1019.3395385742188
1142,136511,124.82481103569881,6.0428660888671875,1007.1443481445312
1143,136631,128.11809364732002,6.20129736328125,1033.549560546875
1144,136751,117.82140303494374,5.730595825195312,955.0993041992188
1145,136871,115.31426032392295,5.61347607421875,935.579345703125
1146,136991,119.84941598444192,5.82080712890625,970.134521484375
1147,137111,119.60061384484321,5.8130255126953125,968.8375854492188
1148,137231,128.76043326368384,6.22887890625,1038.146484375
1149,137351,119.73867804094178,5.812219116210938,968.7031860351562
1150,137471,120.2632712190103,5.82730810546875,971.218017578125
1151,137591,127.70511394715862,6.1728896484375,1028.81494140625
1152,137711,122.0010219388725,5.918100952148437,986.3501586914062
1153,137831,118.9141370285898,5.78048583984375,963.414306640625
1154,137951,120.27314095887084,5.8431068115234375,973.8511352539062
1155,138071,121.98587815320802,5.913726928710937,985.6211547851562
1156,138191,115.94165818484353,5.6472279052734375,941.2046508789062
1157,138311,128.29777424305107,6.20006689453125,1033.344482421875
1158,138431,124.38047030082302,6.017122924804688,1002.8538208007812
1159,138551,117.40258754007078,5.705151489257813,950.8585815429688
1160,138671,123.97624739443378,6.012686645507812,1002.1144409179688
1161,138791,125.83541327124384,6.097703247070313,1016.2838745117188
1162,138911,129.50018643532047,6.259907958984375,1043.3179931640625
1163,139031,121.00583310606493,5.88054345703125,980.090576171875
1164,139151,122.28488058465727,5.928982543945312,988.1637573242188
1165,139271,116.46051647008541,5.666383666992187,944.3972778320312
1166,139391,119.36549151549312,5.7913927001953125,965.2321166992188
1167,139511,119.11185955956127,5.786103881835937,964.3506469726562
1168,139631,123.74937941488471,5.99333203125,998.888671875
1169,139751,127.11174419008918,6.145001220703125,1024.1668701171875
1170,139871,121.1147657254794,5.868786987304688,978.1311645507812
1171,139991,111.07508035105941,5.419646484375,903.2744140625
1172,140111,119.35621983565692,5.80250244140625,967.083740234375
1173,140231,125.30529311554056,6.069538330078125,1011.5897216796875
1174,140351,124.7266048799824,6.042743774414062,1007.1239624023438
1175,140471,116.5002197362359,5.665745727539062,944.2909545898438
1176,140591,125.33875118860566,6.062990844726563,1010.4984741210938
1177,140711,116.43682534700721,5.66179833984375,943.633056640625
1178,140831,125.17489965854872,6.063847778320312,1010.6412963867188
1179,140951,114.68401285119334,5.589441650390625,931.5736083984375
1180,141071,120.77682548183324,5.860820068359375,976.8033447265625
1181,141191,121.8279603759384,5.904366943359375,984.0611572265625
1182,141311,133.67467396590732,6.4473369140625,1074.55615234375
1183,141431,115.38619815892518,5.610436157226562,935.0726928710938
1184,141551,122.92800862004647,5.968265625,994.7109375
1185,141671,131.01324364426733,6.334388671875,1055.7314453125
1186,141791,124.53835264907931,6.038841430664062,1006.4735717773438
1187,141911,119.33644407892014,5.800428588867187,966.7380981445312
1188,142031,124.54194858813275,6.0301754150390625,1005.0292358398438
1189,142151,119.4661812999554,5.804791259765625,967.4652099609375
1190,142271,120.29009913654907,5.826705322265625,971.1175537109375
1191,142391,126.271954872558,6.112742431640625,1018.7904052734375
1192,142511,130.26617574564892,6.301333740234375,1050.2222900390625
1193,142631,119.00497285315308,5.7816796875,963.61328125
1194,142751,120.4261431711038,5.847110961914063,974.5184936523438
1195,142871,123.30241648357685,5.981850952148437,996.9751586914062
1196,142991,123.95017794748591,6.008147094726563,1001.3578491210938
1197,143111,130.18880273723795,6.28374755859375,1047.291259765625
1198,143231,127.6342542945597,6.176685791015625,1029.4476318359375
1199,143351,122.32386422966408,5.927780639648438,987.9634399414062
1200,143471,126.44333808801879,6.123584106445312,1020.5973510742188
1201,143591,124.36738517338466,6.019228271484375,1003.2047119140625
1202,143711,129.02974870764777,6.231179443359375,1038.5299072265625
1203,143831,123.17547108979016,5.964165161132812,994.0275268554688
1204,143951,122.78968297084485,5.957842163085937,992.9736938476562
1205,144071,123.40510479938769,5.98475390625,997.458984375
1206,144191,122.40986492175159,5.9292421875,988.20703125
1207,144311,124.78227482588919,6.047196899414063,1007.8661499023438
1208,144431,128.64285528265538,6.21284912109375,1035.474853515625
1209,144551,125.21149565796081,6.065718383789062,1010.9530639648438
1210,144671,115.11425084721775,5.605300415039062,934.2167358398438
1211,144791,127.92904244418975,6.18801416015625,1031.335693359375
1212,144911,115.22467614746417,5.5990667724609375,933.1777954101562
1213,145031,119.55350465687424,5.799640869140625,966.6068115234375
1214,145151,133.04145614494522,6.420299560546875,1070.0499267578125
1215,145271,119.57870958631172,5.807281127929688,967.8801879882812
1216,145391,127.178252060668,6.143350708007812,1023.8917846679688
1217,145511,120.65258482204779,5.851420166015625,975.2366943359375
1218,145631,125.18389048004585,6.056951293945312,1009.4918823242188
1219,145751,125.3787848828361,6.063260375976562,1010.5433959960938
1220,145871,124.495415069451,6.028458251953125,1004.7430419921875
1221,145991,118.58489615689564,5.760254150390625,960.0423583984375
1222,146111,122.1020575281594,5.917096435546875,986.1827392578125
1223,146231,129.91634091946926,6.27436376953125,1045.727294921875
1224,146351,127.35367323023712,6.161827880859375,1026.9713134765625
1225,146471,122.01626744958412,5.9138642578125,985.64404296875
1226,146591,124.02382076648895,5.999787231445312,999.9645385742188
1227,146711,124.65722693644011,6.03404443359375,1005.674072265625
1228,146831,113.38362874107301,5.5340467529296875,922.3411254882812
1229,146951,127.58833653963015,6.1676396484375,1027.93994140625
1230,147071,126.2197902081531,6.10522119140625,1017.536865234375
1231,147191,125.65513131403975,6.072276123046875,1012.0460205078125
1232,147311,122.71148265408854,5.947095703125,991.1826171875
1233,147431,128.0810543155021,6.191684326171875,1031.9473876953125
1234,147551,120.08455247509292,5.824049926757812,970.6749877929688
1235,147671,122.44347391315996,5.930102416992187,988.3504028320312
1236,147791,121.51007207612753,5.88012451171875,980.020751953125
1237,147911,122.14138278441226,5.915685424804687,985.9475708007812
1238,148031,127.37829987269168,6.15663720703125,1026.106201171875
1239,148151,123.82057233490681,5.989482055664062,998.2470092773438
1240,148271,120.06644686985047,5.814296630859375,969.0494384765625
1241,148391,132.18470754108105,6.3798427734375,1063.30712890625
1242,148511,120.29920602104166,5.835593994140625,972.5989990234375
1243,148631,123.74633963101542,5.988894287109375,998.1490478515625
1244,148751,126.66475026049514,6.124394897460937,1020.7324829101562
1245,148871,133.23443296724807,6.421212158203125,1070.2020263671875
1246,148991,118.79328802015557,5.7570439453125,959.50732421875
1247,149111,125.1145566526412,6.0548074951171875,1009.1345825195312
1248,149231,124.2933487962814,6.00618017578125,1001.030029296875
1249,149351,127.51644007903262,6.164870361328125,1027.4783935546875
1250,149471,132.61036788686172,6.38959716796875,1064.932861328125
1251,149591,121.57609019656651,5.882098388671875,980.3497314453125
1252,149711,123.92373380667992,6.0031611328125,1000.52685546875
1253,149831,127.61041373350699,6.16527099609375,1027.545166015625
1254,149951,123.04548296926976,5.95864453125,993.107421875
1255,150071,118.09504914771456,5.729987548828125,954.9979248046875
1256,150191,126.46531227927139,6.109839111328125,1018.3065185546875
1257,150311,123.09390227147802,5.9600196533203125,993.3366088867188
1258,150431,128.6228953943627,6.210620361328125,1035.1033935546875
1259,150551,126.49854917910037,6.114069946289063,1019.0116577148438
1260,150671,123.36850773017319,5.97086865234375,995.144775390625
1261,150791,127.08338848017206,6.141697631835937,1023.6162719726562
1262,150911,118.98682015931527,5.774732299804688,962.4553833007812
1263,151031,121.17743384980173,5.874255249023437,979.0425415039062
1264,151151,121.8476722179686,5.904557373046875,984.0928955078125
1265,151271,125.42136312554936,6.06569677734375,1010.949462890625
1266,151391,110.62432677218158,5.395031616210938,899.1719360351562
1267,151511,133.2401231981776,6.428064697265625,1071.3441162109375
1268,151631,122.30285797338708,5.919229614257812,986.5382690429688
1269,151751,119.09542532328615,5.778698364257813,963.1163940429688
1270,151871,118.66029156171663,5.759913940429687,959.9856567382812
1271,151991,117.95089617182826,5.732771118164062,955.4618530273438
1272,152111,121.31519977642647,5.876095458984375,979.3492431640625
1273,152231,127.20081486435498,6.155974365234375,1025.9957275390625
1274,152351,122.52844745164188,5.929219848632813,988.2033081054688
1275,152471,121.23847653764744,5.8818603515625,980.31005859375
1276,152591,122.86332736634428,5.94988623046875,991.647705078125
1277,152711,123.84705341761423,5.993964111328125,998.9940185546875
1278,152831,128.32119453914328,6.198596923828125,1033.0994873046875
1279,152951,121.8531945030997,5.904204711914063,984.0341186523438
1280,153071,120.03121201509069,5.82133154296875,970.221923828125
1281,153191,126.37124094736926,6.1092421875,1018.20703125
1282,153311,125.71663530837424,6.082452758789063,1013.7421264648438
1283,153431,120.9031059896439,5.8662861328125,977.71435546875
1284,153551,123.40793912693657,5.975517333984375,995.9195556640625
1285,153671,123.68233788441843,5.985740844726562,997.6234741210938
1286,153791,124.84133863182528,6.037058349609375,1006.1763916015625
1287,153911,121.17954678537481,5.876353271484375,979.3922119140625
1288,154031,121.88012565486814,5.903395385742187,983.8992309570312
1289,154151,119.65074374419294,5.795477416992187,965.9129028320312
1290,154271,117.32518755304079,5.696549926757813,949.4249877929688
1291,154391,119.96596038797037,5.81506201171875,969.177001953125
1292,154511,131.23754904543256,6.333526611328125,1055.5877685546875
1293,154631,127.062153859246,6.136708740234375,1022.7847900390625
1294,154751,121.09298927382508,5.867712890625,977.9521484375
1295,154871,131.05954237185767,6.324198486328125,1054.0330810546875
1296,154991,122.90670036848896,5.951008666992188,991.8347778320312
1297,155111,115.3357733269376,5.604431762695312,934.0719604492188
1298,155231,126.1517308845991,6.097400024414062,1016.2333374023438
1299,155351,122.63415485457331,5.940013916015625,990.0023193359375
1300,155471,117.80166588586268,5.711551025390625,951.9251708984375
1301,155591,117.6038027427658,5.709468383789062,951.5780639648438
1302,155711,120.97869018560846,5.871726196289062,978.6210327148438
1303,155831,126.68994095224033,6.127869873046875,1021.3116455078125
1304,155951,121.33113875252413,5.876489868164063,979.4149780273438
1305,156071,123.5478428769332,5.981783935546875,996.9639892578125
1306,156191,125.66180457290841,6.075729858398438,1012.6216430664062
1307,156311,123.98042808915586,6.002913208007812,1000.4855346679688
1308,156431,124.80297920078542,6.033603881835938,1005.6006469726562
1309,156551,118.06794712352021,5.733752197265625,955.6253662109375
1310,156671,127.41277175694543,6.15976904296875,1026.628173828125
1311,156791,125.7843100627042,6.0850986328125,1014.18310546875
1312,156911,123.14542192966924,5.9617822265625,993.63037109375
1313,157031,123.37831743608868,5.970444213867188,995.0740356445312
1314,157151,121.03783382227526,5.8699423828125,978.32373046875
1315,157271,126.15056741453793,6.102349365234375,1017.0582275390625
1316,157391,119.81661111606283,5.80420458984375,967.367431640625
1317,157511,121.00436618272433,5.864322509765625,977.3870849609375
1318,157631,123.90017231149673,5.995625610351563,999.2709350585938
1319,157751,126.38325752969004,6.10632861328125,1017.721435546875
1320,157871,122.86929185473636,5.94339990234375,990.566650390625
1321,157991,121.63921581094107,5.890702880859375,981.7838134765625
1322,158111,123.5896325323838,5.981334594726563,996.8890991210938
1323,158231,117.96062787608183,5.729715454101562,954.9525756835938
1324,158351,121.07259714022202,5.8648355712890625,977.4725952148438
1325,158471,125.8582323440309,6.079061279296875,1013.1768798828125
1326,158591,117.2072917289415,5.692322387695312,948.7203979492188
1327,158711,115.82429168602123,5.6268896484375,937.81494140625
1328,158831,123.73100943369963,5.985469848632812,997.5783081054688
1329,158951,124.17804742271495,6.0079412841796875,1001.3235473632812
1330,159071,121.84890012824513,5.900526489257812,983.4210815429688
1331,159191,125.65274075104823,6.074631225585938,1012.4385375976562
1332,159311,131.9566339042136,6.36555029296875,1060.925048828125
1333,159431,125.26220194486426,6.055031982421875,1009.1719970703125
1334,159551,128.98168474570716,6.227867431640625,1037.9779052734375
1335,159671,131.13357436898985,6.32530517578125,1054.217529296875
1336,159791,127.45900874236088,6.15356689453125,1025.594482421875
1337,159911,132.88562384992701,6.4007314453125,1066.78857421875
1338,160031,123.25868413477677,5.966358032226562,994.3930053710938
1339,160151,122.68297140422186,5.936618774414063,989.4364624023438
1340,160271,127.00618951081488,6.138195922851563,1023.0326538085938
1341,160391,120.77886804545743,5.8471527099609375,974.5254516601562
1342,160511,117.11669504348771,5.687706298828125,947.9510498046875
1343,160631,127.29622177820401,6.145070068359375,1024.1783447265625
1344,160751,124.73767402260869,6.0327392578125,1005.45654296875
1345,160871,114.45092917649336,5.563441772460937,927.2402954101562
1346,160991,127.46792749557417,6.159062255859375,1026.5103759765625
1347,161111,122.20523302090736,5.921063232421875,986.8438720703125
1348,161231,122.34599287461012,5.924647705078125,987.4412841796875
1349,161351,123.45737415073862,5.976934204101562,996.1557006835938
1350,161471,124.30246968604212,6.015896850585937,1002.6494750976562
1351,161591,125.52214115717959,6.069851440429687,1011.6419067382812
1352,161711,129.67161700601326,6.256453125,1042.7421875
1353,161831,116.71737047138846,5.660879516601563,943.4799194335938
1354,161951,119.23944469627077,5.783904418945313,963.9840698242188
1355,162071,132.0111053698985,6.3661025390625,1061.01708984375
1356,162191,121.21267216742253,5.8752593994140625,979.2098999023438
1357,162311,125.8226221293309,6.084665771484375,1014.1109619140625
1358,162431,121.66775893808823,5.893868774414062,982.3114624023438
1359,162551,126.31029477392222,6.101297973632812,1016.8829956054688
1360,162671,125.5922577643325,6.073932861328125,1012.3221435546875
1361,162791,125.33718203278704,6.05451123046875,1009.085205078125
1362,162911,131.37754142382116,6.33739892578125,1056.233154296875
1363,163031,123.41487890228973,5.966551025390625,994.4251708984375
1364,163151,121.00572136461524,5.861685424804688,976.9475708007812
1365,163271,125.37699081229209,6.065081176757812,1010.8468627929688
1366,163391,119.5796074515673,5.800930297851562,966.8217163085938
1367,163511,119.24575095793097,5.781291870117188,963.5486450195312
1368,163631,131.91181368956092,6.355600341796875,1059.2667236328125
1369,163751,122.45096231075735,5.92867236328125,988.112060546875
1370,163871,131.05890777183419,6.329877685546875,1054.9796142578125
1371,163991,123.47642173788617,5.972389892578125,995.3983154296875
1372,164111,125.77793312113741,6.078329956054687,1013.0549926757812
1373,164231,116.1690473954396,5.641812744140625,940.3021240234375
1374,164351,124.34178876276721,6.012284545898438,1002.0474243164062
1375,164471,130.92934204345642,6.32065283203125,1053.442138671875
1376,164591,123.24975676576446,5.9604906005859375,993.4151000976562
1377,164711,123.08691157712438,5.9534326171875,992.23876953125
1378,164831,128.85670263066578,6.224189208984375,1037.3648681640625
1379,164951,121.68000349151849,5.895083862304688,982.5139770507812
1380,165071,127.29070593964911,6.149641845703125,1024.9403076171875
1381,165191,121.35633486521164,5.871384521484375,978.5640869140625
1382,165311,126.2572725752159,6.1025771484375,1017.09619140625
1383,165431,124.53685856556498,6.021894653320312,1003.6491088867188
1384,165551,124.81906696052017,6.0424259033203125,1007.0709838867188
1385,165671,118.7989657841874,5.766127807617187,961.0213012695312
1386,165791,127.66403095054491,6.17094287109375,1028.490478515625
1387,165911,122.55930333521438,5.929241455078125,988.2069091796875
1388,166031,127.76740647034221,6.177402099609375,1029.5670166015625
1389,166151,131.3465331251762,6.34071533203125,1056.785888671875
1390,166271,121.00737979119833,5.867157348632812,977.8595581054688
1391,166391,127.91675511086328,6.176455810546875,1029.4093017578125
1392,166511,123.65707842643685,5.983147705078125,997.1912841796875
1393,166631,129.06520349798674,6.2338857421875,1038.98095703125
1394,166751,117.23743829432438,5.694025634765625,949.0042724609375
1395,166871,125.16589312815802,6.058350219726562,1009.7250366210938
1396,166991,126.20738384399631,6.1003135986328125,1016.7189331054688
1397,167111,121.2324512001847,5.877199951171875,979.5333251953125
1398,167231,123.31343887435443,5.967239501953125,994.5399169921875
1399,167351,124.02751979928819,6.001936157226562,1000.3226928710938
1400,167471,121.04028343492456,5.8689158935546875,978.1526489257812
1401,167591,123.52057373381275,5.97381298828125,995.635498046875
1402,167711,125.23329835862097,6.063655883789062,1010.6093139648438
1403,167831,124.1541087046673,6.01130712890625,1001.884521484375
1404,167951,121.9854150106955,5.911297119140625,985.2161865234375
1405,168071,123.09759925155875,5.9613233642578125,993.5538940429688
1406,168191,126.61661797604194,6.119686889648437,1019.9478149414062
1407,168311,121.91614238016793,5.900422485351562,983.4037475585938
1408,168431,120.93203007285888,5.862390014648438,977.0650024414062
1409,168551,134.2437476335449,6.468046875,1078.0078125
1410,168671,117.6631272382701,5.715305786132813,952.5509643554688
1411,168791,128.06581490258912,6.185044921875,1030.8408203125
1412,168911,125.39058635315435,6.068750610351563,1011.4584350585938
1413,169031,128.78858881904713,6.21883154296875,1036.471923828125
1414,169151,124.20239323079967,6.006849243164062,1001.1415405273438
1415,169271,126.08903773270248,6.105355590820312,1017.5592651367188
1416,169391,122.82870754416979,5.942929321289062,990.4882202148438
1417,169511,125.05321621459261,6.044776611328125,1007.4627685546875
1418,169631,124.54835589103449,6.026955322265625,1004.4925537109375
1419,169751,120.05499193296217,5.818538818359375,969.7564697265625
1420,169871,127.38287796524524,6.15941455078125,1026.569091796875
1421,169991,121.11024381510859,5.870445190429687,978.4075317382812
1422,170111,123.83727121070989,5.991254516601563,998.5424194335938
1423,170231,125.07374804189678,6.049801025390625,1008.3001708984375
1424,170351,127.56006512245767,6.166223876953125,1027.7039794921875
1425,170471,126.46683341026358,6.117026733398437,1019.5044555664062
1426,170591,122.95757263279708,5.94794384765625,991.323974609375
1427,170711,130.7780057928277,6.310699951171875,1051.7833251953125
1428,170831,121.36598122293432,5.884654174804687,980.7756958007812
1429,170951,130.9148380432822,6.315234375,1052.5390625
1430,171071,129.97479075166382,6.273366943359375,1045.5611572265625
1431,171191,122.75278639884174,5.9441986083984375,990.6997680664062
1432,171311,124.09625540337505,6.003330322265625,1000.5550537109375
1433,171431,125.34770722902921,6.060728759765625,1010.1214599609375
1434,171551,119.94489676867258,5.81685791015625,969.476318359375
1435,171671,130.7739157769898,6.308378173828125,1051.3963623046875
1436,171791,117.20952606496547,5.68960546875,948.267578125
1437,171911,120.61693541963862,5.844658447265625,974.1097412109375
1438,172031,130.55656960386315,6.29860986328125,1049.768310546875
1439,172151,121.87313011703408,5.897984985351562,982.9974975585938
1440,172271,128.8293582213466,6.223998046875,1037.3330078125
1441,172391,128.97172515768344,6.23320458984375,1038.867431640625
1442,172511,125.50377404208675,6.074566772460938,1012.4277954101562
1443,172631,122.78432874266727,5.950468505859375,991.7447509765625
1444,172751,120.14211290306065,5.822244140625,970.3740234375
1445,172871,122.78248598625262,5.950106323242188,991.6843872070312
1446,172991,128.29293811574541,6.192849609375,1032.1416015625
1447,173111,120.56247949335688,5.843864868164062,973.9774780273438
1448,173231,119.42478777516138,5.787620727539062,964.6034545898438
1449,173351,121.99846334153918,5.907099609375,984.5166015625
1450,173471,122.20695396495387,5.920358276367187,986.7263793945312
1451,173591,129.36550166709415,6.24936328125,1041.560546875
1452,173711,123.57126318400915,5.979169555664063,996.5282592773438
1453,173831,123.21630239129999,5.959030883789063,993.1718139648438
1454,173951,125.59033547106077,6.070301513671875,1011.7169189453125
1455,174071,126.01810782577584,6.088094970703125,1014.6824951171875
1456,174191,121.82942804079192,5.898404296875,983.0673828125
1457,174311,126.74259169376268,6.123758422851562,1020.6264038085938
1458,174431,126.78719604469103,6.127803588867187,1021.3005981445312
1459,174551,116.72618835483681,5.664880737304688,944.1467895507812
1460,174671,123.79738374175204,5.9878095703125,997.96826171875
1461,174791,134.67557186493326,6.49130859375,1081.884765625
1462,174911,128.6314730350598,6.20912548828125,1034.854248046875
1463,175031,132.32527062821453,6.382182861328125,1063.6971435546875
1464,175151,126.31047701255875,6.107066162109375,1017.8443603515625
1465,175271,123.94785517511342,5.995379516601562,999.2299194335938
1466,175391,124.50653995832624,6.022816772460938,1003.8027954101562
1467,175511,127.7520697116453,6.17550146484375,1029.250244140625
1468,175631,122.64709004969106,5.945739624023438,990.9566040039062
1469,175751,125.33867334947129,6.0618306884765625,1010.3051147460938
1470,175871,120.11142267204144,5.827252075195313,971.2086791992188
1471,175991,131.21463234206985,6.328802490234375,1054.8004150390625
1472,176111,129.68208539570662,6.2599248046875,1043.32080078125
1473,176231,118.23268944546216,5.743105590820313,957.1842651367188
1474,176351,122.17622125903188,5.922990600585938,987.1651000976562
1475,176471,119.78895254494671,5.808780029296875,968.1300048828125
1476,176591,127.9944917701557,6.1892841796875,1031.54736328125
1477,176711,130.63430313468962,6.3027919921875,1050.46533203125
1478,176831,128.03001051552434,6.185373046875,1030.8955078125
1479,176951,119.94251617139275,5.819092163085937,969.8486938476562
1480,177071,127.37417548136762,6.15847705078125,1026.412841796875
1481,177191,117.21116989995286,5.68541162109375,947.568603515625
1482,177311,123.54568588023034,5.977846801757813,996.3078002929688
1483,177431,117.97056321247658,5.7189180908203125,953.1530151367188
1484,177551,124.5433840650102,6.022412475585938,1003.7354125976562
1485,177671,120.70400849383206,5.84943896484375,974.906494140625
1486,177791,131.4763518487985,6.343837646484375,1057.3062744140625
1487,177911,128.56000532147817,6.210721435546875,1035.1202392578125
1488,178031,117.78748116651786,5.720023681640625,953.3372802734375
1489,178151,125.90086435121049,6.089217041015625,1014.8695068359375
1490,178271,127.80685247958766,6.172730712890625,1028.7884521484375
1491,178391,124.83531807115844,6.0377138671875,1006.28564453125
1492,178511,122.01088166428718,5.906124389648437,984.3540649414062
1493,178631,125.64952607021203,6.073625244140625,1012.2708740234375
1494,178751,122.92068334900192,5.948707763671875,991.4512939453125
1495,178871,122.50962571559987,5.932075927734375,988.6793212890625
1496,178991,130.15264342968865,6.28294775390625,1047.157958984375
1497,179111,114.65677021405229,5.57255859375,928.759765625
1498,179231,127.14125994317581,6.141180908203125,1023.5301513671875
1499,179351,134.73731354582173,6.489158203125,1081.5263671875
1500,179471,120.46449470146463,5.8318857421875,971.98095703125
1501,179591,127.08850413964846,6.1454560546875,1024.24267578125
1502,179711,117.33031735972028,5.69790380859375,949.650634765625
1503,179831,129.9552316120468,6.27156591796875,1045.260986328125
1504,179951,128.79669025677026,6.222705322265625,1037.1175537109375
1505,180071,121.01604044026908,5.862041748046875,977.0069580078125
1506,180191,132.33430849767626,6.38012548828125,1063.354248046875
1507,180311,124.00983377897657,5.999478149414062,999.9130249023438
1508,180431,125.5948000406412,6.074914672851563,1012.4857788085938
1509,180551,120.75961867404645,5.8420693359375,973.67822265625
1510,180671,122.4325049912899,5.930279296875,988.3798828125
1511,180791,120.41681433693687,5.833009643554687,972.1682739257812
1512,180911,120.21011316309824,5.823589233398438,970.5982055664062
1513,181031,122.75590577531416,5.936389892578125,989.3983154296875
1514,181151,124.332424048352,6.0163154296875,1002.71923828125
1515,181271,121.5615560723587,5.88760693359375,981.267822265625
1516,181391,131.4075481675047,6.341287353515625,1056.8812255859375
1517,181511,124.51228512123069,6.022025756835937,1003.6709594726562
1518,181631,120.10241565769464,5.819145263671875,969.8575439453125
1519,181751,120.75357749066997,5.845824462890625,974.3040771484375
1520,181871,127.99631977833315,6.179416259765625,1029.9027099609375
1521,181991,117.49763133539437,5.703125610351562,950.5209350585938
1522,182111,122.7830425668433,5.946937133789063,991.1561889648438
1523,182231,120.3330643591774,5.8341796875,972.36328125
1524,182351,125.81447222395715,6.081433227539063,1013.5722045898438
1525,182471,130.55069816076423,6.299354736328125,1049.8924560546875
1526,182591,120.04270984756822,5.816913208007812,969.4855346679688
1527,182711,129.03147500435395,6.227054443359375,1037.8424072265625
1528,182831,122.19358420848128,5.91661962890625,986.103271484375
1529,182951,125.13047558217261,6.056637451171875,1009.4395751953125
1530,183071,128.56732505442102,6.210173583984375,1035.0289306640625
1531,183191,129.25240488264907,6.2400615234375,1040.01025390625
1532,183311,122.57373198583977,5.932170043945312,988.6950073242188
1533,183431,132.89818302355178,6.404978759765625,1067.4964599609375
1534,183551,132.39852074653365,6.3807216796875,1063.45361328125
1535,183671,123.08308762114473,5.951724975585938,991.9541625976562
1536,183791,126.65207037000084,6.118769897460938,1019.7949829101562
1537,183911,123.43708887839885,5.974509887695312,995.7516479492188
1538,184031,115.20727445780736,5.595494750976562,932.5824584960938
1539,184151,123.75639613106281,5.9865179443359375,997.7529907226562
1540,184271,124.20705914862577,6.001471801757813,1000.2453002929688
1541,184391,118.16207036110943,5.736878540039062,956.1464233398438
1542,184511,125.71894156817804,6.07522998046875,1012.538330078125
1543,184631,119.96329838703231,5.816300903320313,969.3834838867188
1544,184751,129.2857431689755,6.238880859375,1039.8134765625
1545,184871,125.84213161166637,6.086332397460938,1014.3887329101562
1546,184991,125.57299298165108,6.072149780273437,1012.0249633789062
1547,185111,121.75599257048266,5.894533447265625,982.4222412109375
1548,185231,117.76819239531461,5.712505737304688,952.0842895507812
1549,185351,124.0937626435369,6.006320434570313,1001.0534057617188
1550,185471,125.28066747229973,6.05947265625,1009.912109375
1551,185591,120.65928313397598,5.847823974609375,974.6373291015625
1552,185711,122.9696257949052,5.9489769287109375,991.4961547851562
1553,185831,129.1846133368187,6.232067138671875,1038.6778564453125
1554,185951,121.07493498054367,5.865633544921875,977.6055908203125
1555,186071,118.43933711207416,5.7408046875,956.80078125
1556,186191,128.95660965796566,6.22217724609375,1037.029541015625
1557,186311,121.93702763347304,5.900529052734375,983.4215087890625
1558,186431,130.4109520591277,6.292177734375,1048.6962890625
1559,186551,122.07320206762257,5.9086805419921875,984.7800903320312
1560,186671,122.56440496125697,5.933148559570313,988.8580932617188
1561,186791,120.6408699691393,5.83491064453125,972.485107421875
1562,186911,119.62047789753436,5.799190795898437,966.5317993164062
1563,187031,122.83696600359691,5.943141357421875,990.5235595703125
1564,187151,122.7175402667645,5.941955932617187,990.3259887695312
1565,187271,125.5534064766405,6.071353271484375,1011.8922119140625
1566,187391,120.91792206610495,5.857224243164063,976.2040405273438
1567,187511,120.65988116547162,5.847640502929687,974.6067504882812
1568,187631,124.59224708797467,6.022612060546875,1003.7686767578125
1569,187751,120.10372365271076,5.812896240234375,968.8160400390625
1570,187871,125.43650534973114,6.064575805664062,1010.7626342773438
1571,187991,127.69421551856438,6.163593017578125,1027.2655029296875
1572,188111,126.62879073536635,6.11804150390625,1019.673583984375
1573,188231,117.18235662857798,5.687634521484375,947.9390869140625
1574,188351,129.6273949388365,6.259171875,1043.1953125
1575,188471,121.21142294996115,5.8638134765625,977.30224609375
1576,188591,137.7474043549687,6.626599365234375,1104.4332275390625
1577,188711,128.16283047982162,6.1828125,1030.46875
1578,188831,124.61154151634938,6.030383056640625,1005.0638427734375
1579,188951,132.81414185781,6.40282177734375,1067.136962890625
1580,189071,121.6469759219444,5.89592138671875,982.653564453125
1581,189191,126.02089414496338,6.088386840820313,1014.7311401367188
1582,189311,124.36253203017137,6.012456665039062,1002.0761108398438
1583,189431,131.2667040679903,6.331537353515625,1055.2562255859375
1584,189551,126.72429319764589,6.126626220703125,1021.1043701171875
1585,189671,123.97286990482112,5.997298095703125,999.5496826171875
1586,189791,125.53692003341575,6.0686319580078125,1011.4386596679688
1587,189911,122.61993913599527,5.93349462890625,988.915771484375
1588,190031,118.0828009684418,5.72709814453125,954.516357421875
1589,190151,128.07293657941148,6.18114697265625,1030.191162109375
1590,190271,125.23344980366832,6.056923828125,1009.4873046875
1591,190391,121.11335529254842,5.8609482421875,976.82470703125
1592,190511,119.93395041360301,5.81408056640625,969.013427734375
1593,190631,125.57389639881742,6.07271630859375,1012.119384765625
1594,190751,126.80569456197132,6.13126318359375,1021.877197265625
1595,190871,137.1747863626547,6.597886962890625,1099.6478271484375
1596,190991,126.89565943194799,6.1326793212890625,1022.1132202148438
1597,191111,125.06206853110456,6.0494296875,1008.23828125
1598,191231,131.89401797632942,6.363150146484375,1060.5250244140625
1599,191351,129.1439601019357,6.232915283203125,1038.8192138671875
1600,191471,126.3998609846061,6.108101440429688,1018.0169067382812
1601,191591,118.18438881588158,5.73446630859375,955.744384765625
1602,191711,129.32413560386348,6.23751416015625,1039.585693359375
1603,191831,123.49504124682528,5.98204833984375,997.008056640625
1604,191951,126.11399564085345,6.0947578125,1015.79296875
1605,192071,124.2617757866879,6.014096923828125,1002.3494873046875
1606,192191,126.24847970562374,6.094712036132813,1015.7853393554688
1607,192311,120.3686178586996,5.832828735351563,972.1381225585938
1608,192431,115.54154651490559,5.61010107421875,935.016845703125
1609,192551,128.75361605658065,6.216062255859375,1036.0103759765625
1610,192671,130.7441307232681,6.3078720703125,1051.31201171875
1611,192791,122.87205145819001,5.949985107421875,991.6641845703125
1612,192911,122.68031873825961,5.938887084960937,989.8145141601562
1613,193031,124.68353256684203,6.038259155273438,1006.3765258789062
1614,193151,123.73582549527052,5.986072998046875,997.6788330078125
1615,193271,127.18188049260564,6.1455849609375,1024.26416015625
1616,193391,121.71476952674749,5.895270263671875,982.5450439453125
1617,193511,131.01123105721902,6.3196201171875,1053.27001953125
1618,193631,123.39572748825375,5.968423461914062,994.7372436523438
1619,193751,126.20604602325733,6.094883422851563,1015.8139038085938
1620,193871,130.46022824350285,6.29586474609375,1049.310791015625
1621,193991,128.52183018929128,6.201384521484375,1033.5640869140625
1622,194111,120.19083233096713,5.8267705078125,971.12841796875
1623,194231,121.9510661524596,5.901030029296875,983.5050048828125
1624,194351,120.55694880374514,5.8423740234375,973.72900390625
1625,194471,121.49425397276153,5.880625854492187,980.1043090820312
1626,194591,122.3388916425077,5.918687622070313,986.4479370117188
1627,194711,122.0254455951495,5.907347534179688,984.5579223632812
1628,194831,124.47903844173763,6.0193388671875,1003.22314453125
1629,194951,121.71588118499265,5.8908541259765625,981.8090209960938
1630,195071,122.63514356928451,5.935959228515625,989.3265380859375
1631,195191,131.27035113032125,6.32955322265625,1054.925537109375
1632,195311,123.98131607104601,5.995088012695312,999.1813354492188
1633,195431,129.9978346344085,6.271626708984375,1045.2711181640625
1634,195551,129.35797388019523,6.240982177734375,1040.1636962890625
1635,195671,126.6498553349017,6.119036865234375,1019.8394775390625
1636,195791,119.6599977638462,5.796789184570312,966.1315307617188
1637,195911,125.95034453565331,6.086333129882813,1014.3888549804688
1638,196031,126.62857282872444,6.119650634765625,1019.9417724609375
1639,196151,120.7945089541393,5.8514732666015625,975.2455444335938
1640,196271,129.78020688253753,6.2650751953125,1044.17919921875
1641,196391,125.70173128075413,6.075582275390625,1012.5970458984375
1642,196511,128.27547071829952,6.194759033203125,1032.4598388671875
1643,196631,126.85110209163824,6.129926879882812,1021.6544799804688
1644,196751,128.05392118794924,6.18186181640625,1030.310302734375
1645,196871,126.39462196893172,6.107217041015625,1017.8695068359375
1646,196991,126.45248283392783,6.11082568359375,1018.470947265625
1647,197111,134.24054362349938,6.46457080078125,1077.428466796875
1648,197231,128.98800940010543,6.223510986328125,1037.2518310546875
1649,197351,130.37729834314024,6.287502685546875,1047.9171142578125
1650,197471,120.45360743644845,5.832423706054687,972.0706176757812
1651,197591,127.45521762333868,6.15772998046875,1026.288330078125
1652,197711,125.05448058712761,6.04546142578125,1007.576904296875
1653,197831,124.25253978039521,6.012943359375,1002.1572265625
1654,197951,126.40773171042915,6.104352172851563,1017.3920288085938
1655,198071,123.60773012306166,5.987519897460937,997.9199829101562
1656,198191,122.59073604829626,5.93622216796875,989.370361328125
1657,198311,123.92927739167257,5.990421020507813,998.4035034179688
1658,198431,131.0345569647855,6.320184814453125,1053.3641357421875
1659,198551,124.24532344052665,6.01070361328125,1001.783935546875
1660,198671,126.64244541185053,6.115927001953125,1019.3211669921875
1661,198791,124.92075325742319,6.044782470703125,1007.4637451171875
1662,198911,122.47793242406773,5.93001416015625,988.335693359375
1663,199031,121.40395588626333,5.877592895507813,979.5988159179688
1664,199151,121.27028237904156,5.8751026611328125,979.1837768554688
1665,199271,130.98673907358446,6.31503515625,1052.505859375
1666,199391,120.7298811585247,5.852402709960938,975.4004516601562
1667,199511,128.88750014631526,6.2206962890625,1036.78271484375
1668,199631,121.62627675783278,5.885730102539062,980.9550170898438
1669,199751,125.56168535817528,6.0692728271484375,1011.5454711914062
1670,199871,119.24115732075133,5.781061157226563,963.5101928710938
1671,199991,127.45022999925627,6.15523828125,1025.873046875
1672,200111,129.41523353919678,6.249227783203125,1041.5379638671875
1673,200231,123.37564731006836,5.9651861572265625,994.1976928710938
1674,200351,136.87398378566382,6.589080322265625,1098.1800537109375
1675,200471,128.3752845639366,6.194533447265625,1032.4222412109375
1676,200591,122.9376260515136,5.952576416015625,992.0960693359375
1677,200711,126.13121443114818,6.095181518554687,1015.8635864257812
1678,200831,131.61661707559583,6.345955810546875,1057.6593017578125
1679,200951,120.97000684087789,5.865387451171875,977.5645751953125
1680,201071,127.26281734476909,6.15066064453125,1025.110107421875
1681,201191,127.59054772802918,6.1650703125,1027.51171875
1682,201311,122.62142779661892,5.939522827148438,989.9204711914062
1683,201431,119.98925712126052,5.818969482421875,969.8282470703125
1684,201551,123.12065858816855,5.962192749023438,993.6987915039062
1685,201671,129.6487592347097,6.254542236328125,1042.4237060546875
1686,201791,127.17895940216349,6.14663525390625,1024.439208984375
1687,201911,121.81531767229092,5.899633666992187,983.2722778320312
1688,202031,123.57960909132468,5.977747192382813,996.2911987304688
1689,202151,131.78314199419407,6.357059326171875,1059.5098876953125
1690,202271,121.24933956968059,5.873872192382812,978.9786987304688
1691,202391,133.03524179429078,6.41142041015625,1068.570068359375
1692,202511,128.38041198333514,6.2021337890625,1033.68896484375
1693,202631,129.43150331457394,6.24668994140625,1041.114990234375
1694,202751,131.79111978141736,6.354999755859375,1059.1666259765625
1695,202871,124.27629272427446,6.012202514648438,1002.0337524414062
1696,202991,126.56146597606083,6.119798950195312,1019.9664916992188
1697,203111,124.51389015103304,6.020585083007813,1003.4308471679688
1698,203231,124.22938027378137,6.00541845703125,1000.903076171875
1699,203351,121.7744786510028,5.897911010742187,982.9851684570312
1700,203471,130.0251926722076,6.271644287109375,1045.2740478515625
1701,203591,128.05737623573876,6.18605859375,1031.009765625
1702,203711,128.02314397403518,6.184566650390625,1030.7611083984375
1703,203831,127.78675617456582,6.1765048828125,1029.41748046875
1704,203951,116.76093123693576,5.663328735351563,943.8881225585938
1705,204071,126.66899393107104,6.11747314453125,1019.578857421875
1706,204191,128.055505947114,6.1839375,1030.65625
1707,204311,124.20850779117819,6.013780517578125,1002.2967529296875
1708,204431,118.12018090298814,5.734728881835937,955.7881469726562
1709,204551,124.30908319451704,6.0131162109375,1002.18603515625
1710,204671,130.55324818211568,6.300699462890625,1050.1165771484375
1711,204791,132.22747889254077,6.378224853515625,1063.0374755859375
1712,204911,128.6484351905615,6.21107958984375,1035.179931640625
1713,205031,124.41422130285255,6.0145517578125,1002.42529296875
1714,205151,124.29026623109445,6.014259521484375,1002.3765869140625
1715,205271,125.49155000850159,6.063816650390625,1010.6361083984375
1716,205391,121.20880022448517,5.88167578125,980.279296875
1717,205511,125.82131990969157,6.08226416015625,1013.710693359375
1718,205631,126.48827556960323,6.114525146484375,1019.0875244140625
1719,205751,126.71591180858137,6.125104614257813,1020.8507690429688
1720,205871,121.70046194844848,5.892110595703125,982.0184326171875
1721,205991,125.78365081615091,6.080649169921875,1013.4415283203125
1722,206111,126.2879297795092,6.104442993164063,1017.4071655273438
1723,206231,126.64394385107025,6.121012939453125,1020.1688232421875
1724,206351,134.11353779777315,6.459809326171875,1076.6348876953125
1725,206471,130.89393784728125,6.315099609375,1052.5166015625
1726,206591,120.48627878744772,5.837521362304687,972.9202270507812
1727,206711,113.24217270878472,5.51144970703125,918.574951171875
1728,206831,124.28987492235413,6.013991455078125,1002.3319091796875
1729,206951,132.96772981720926,6.40914404296875,1068.190673828125
1730,207071,126.86709955957117,6.132487426757812,1022.0812377929688
1731,207191,124.75843724893502,6.0301787109375,1005.02978515625
1732,207311,128.34456715515068,6.192434326171875,1032.0723876953125
1733,207431,137.39430831691223,6.61139208984375,1101.898681640625
1734,207551,127.54140748463948,6.164857177734375,1027.4761962890625
1735,207671,124.72230648549589,6.02840771484375,1004.734619140625
1736,207791,126.3202568354534,6.099896484375,1016.6494140625
1737,207911,122.61680673440205,5.933917602539062,988.9862670898438
1738,208031,122.59680182785971,5.933536743164063,988.9227905273438
1739,208151,130.17074808674235,6.2778603515625,1046.31005859375
1740,208271,120.9973574530167,5.863001220703125,977.1668701171875
1741,208391,125.99654969030485,6.088015502929688,1014.6692504882812
1742,208511,125.8196996640184,6.086010131835938,1014.3350219726562
1743,208631,125.24334191941512,6.053650634765625,1008.9417724609375
1744,208751,126.22424817185181,6.104150756835938,1017.3584594726562
1745,208871,127.08153211323206,6.136875366210938,1022.8125610351562
1746,208991,123.42123897463509,5.977754150390625,996.2923583984375
1747,209111,119.1342002144415,5.77721044921875,962.868408203125
1748,209231,117.79992658981602,5.716951904296875,952.8253173828125
1749,209351,123.99178910271239,6.000017578125,1000.0029296875
1750,209471,123.2150635377248,5.964215698242188,994.0359497070312
1751,209591,128.15935018590315,6.189167724609375,1031.5279541015625
1752,209711,125.17830430939239,6.04991015625,1008.318359375
1753,209831,126.22781571399626,6.105702392578125,1017.6170654296875
1754,209951,128.91353940639664,6.2276953125,1037.94921875
1755,210071,120.62403140550053,5.846203491210938,974.3672485351562
1756,210191,126.71885265565932,6.121253173828125,1020.2088623046875
1757,210311,118.50254268691346,5.750783569335938,958.4639282226562
1758,210431,122.99014332710269,5.9491025390625,991.51708984375
1759,210551,129.19795633093517,6.234961669921875,1039.1602783203125
1760,210671,127.5057358751994,6.15854296875,1026.423828125
1761,210791,122.3955986134261,5.926293823242188,987.7156372070312
1762,210911,125.96858699671806,6.083966674804688,1013.9944458007812
1763,211031,123.6002448486855,5.9794156494140625,996.5692749023438
1764,211151,132.528924969535,6.38930419921875,1064.884033203125
1765,211271,129.59027289404924,6.259475830078125,1043.2459716796875
1766,211391,130.4691622007274,6.290896728515625,1048.4827880859375
1767,211511,125.57992560875496,6.078947021484375,1013.1578369140625
1768,211631,122.72681388363604,5.94184716796875,990.307861328125
1769,211751,118.58322389037792,5.75520263671875,959.200439453125
1770,211871,114.53368776301338,5.56794580078125,927.990966796875
1771,211991,127.06771256535463,6.14489794921875,1024.149658203125
1772,212111,127.29663382245315,6.1443544921875,1024.05908203125
1773,212231,132.18002220557878,6.372177978515625,1062.0296630859375
1774,212351,118.82153059730584,5.765865600585937,960.9776000976562
1775,212471,118.15052384874417,5.731306640625,955.2177734375
1776,212591,122.6276956168085,5.930629760742187,988.4382934570312
1777,212711,131.35929566563823,6.337812744140625,1056.3021240234375
1778,212831,123.17278948679493,5.9636044921875,993.93408203125
1779,212951,129.39600671110674,6.25104931640625,1041.841552734375
1780,213071,121.66559806956238,5.890662963867188,981.7771606445312
1781,213191,121.3177508309583,5.881164184570313,980.1940307617188
1782,213311,130.52633654705298,6.30159228515625,1050.265380859375
1783,213431,123.3550311695623,5.969747680664063,994.9579467773438
1784,213551,122.30946897369543,5.922901245117187,987.1502075195312
1785,213671,125.52851475519286,6.0691875,1011.53125
1786,213791,123.45851024661988,5.97266015625,995.443359375
1787,213911,119.28828085680658,5.787915161132813,964.6525268554688
1788,214031,129.87018642312418,6.27106787109375,1045.177978515625
1789,214151,128.13736838863642,6.183488525390625,1030.5814208984375
1790,214271,130.45697758861587,6.2935283203125,1048.92138671875
1791,214391,126.73338358622773,6.1247255859375,1020.78759765625
1792,214511,125.42493221502184,6.064394897460938,1010.7324829101562
1793,214631,124.21223343462012,6.005422119140625,1000.9036865234375
1794,214751,122.87477879073585,5.947683837890625,991.2806396484375
1795,214871,130.4296384908464,6.295329345703125,1049.2215576171875
1796,214991,128.8673808345353,6.225453369140625,1037.5755615234375
1797,215111,122.83757449541413,5.94850927734375,991.418212890625
1798,215231,133.68038770424738,6.438418212890625,1073.0697021484375
1799,215351,125.86116647875676,6.07883056640625,1013.138427734375
1800,215471,123.24947191614433,5.963239013671875,993.8731689453125
1801,215591,128.88996574111673,6.22048681640625,1036.747802734375
1802,215711,125.8200405865703,6.083012329101562,1013.8353881835938
1803,215831,126.06758497000705,6.084911865234375,1014.1519775390625
1804,215951,118.35712239742038,5.73450732421875,955.751220703125
1805,216071,123.2274267872035,5.961703857421875,993.6173095703125
1806,216191,127.44957224023675,6.15586376953125,1025.977294921875
1807,216311,136.2378742380284,6.55525341796875,1092.542236328125
1808,216431,108.69153808525796,5.301744140625,883.6240234375
1809,216551,124.90274096328758,6.04102001953125,1006.836669921875
1810,216671,127.33212197076895,6.15463330078125,1025.772216796875
1811,216791,119.05074594859003,5.769081665039063,961.5136108398438
1812,216911,123.9631359985693,5.994463256835937,999.0772094726562
1813,217031,127.51212281163623,6.162747802734375,1027.1246337890625
1814,217151,126.98467495007684,6.132149047851563,1022.0248413085938
1815,217271,127.67719845694891,6.165182373046875,1027.5303955078125
1816,217391,123.8225400332973,5.990866333007813,998.4777221679688
1817,217511,126.38567017435577,6.1068834228515625,1017.8139038085938
1818,217631,132.82685712914198,6.4004677734375,1066.74462890625
1819,217751,126.06805439452748,6.087934936523437,1014.6558227539062
1820,217871,126.31929001334643,6.103469970703125,1017.2449951171875
1821,217991,124.5976043672162,6.023061401367188,1003.8435668945312
1822,218111,124.92693365740386,6.041726806640625,1006.9544677734375
1823,218231,117.74432027334372,5.714530151367187,952.4216918945312
1824,218351,126.72859681736625,6.11986669921875,1019.977783203125
1825,218471,124.3575874928359,6.015197387695313,1002.5328979492188
1826,218591,125.85503144189967,6.0779912109375,1012.99853515625
1827,218711,127.87864885286653,6.17692236328125,1029.487060546875
1828,218831,126.397355471774,6.106881958007812,1017.8136596679688
1829,218951,127.7567684974755,6.172036376953125,1028.6727294921875
1830,219071,134.484191311608,6.48669873046875,1081.116455078125
1831,219191,122.30492653609053,5.91642919921875,986.071533203125
1832,219311,122.78300432341801,5.9461168212890625,991.0194702148438
1833,219431,123.8831646757414,5.992062377929687,998.6770629882812
1834,219551,125.92654129987352,6.090218627929688,1015.0364379882812
1835,219671,124.08793885044042,6.002880981445313,1000.4801635742188
1836,219791,127.80120617283869,6.1786669921875,1029.77783203125
1837,219911,124.0163346759922,6.001721557617188,1000.2869262695312
1838,220031,128.8196542486513,6.216008056640625,1036.0013427734375
1839,220151,126.830626982398,6.13005322265625,1021.675537109375
1840,220271,127.20649080331674,6.145048095703125,1024.1746826171875
1841,220391,126.62590216002715,6.11655615234375,1019.426025390625
1842,220511,121.28378150475456,5.873823120117187,978.9705200195312
1843,220631,124.1085994771558,6.003425903320313,1000.5709838867188
1844,220751,132.39292333804232,6.380614013671875,1063.4356689453125
1845,220871,122.37198298368158,5.927154418945313,987.8590698242188
1846,220991,129.59794960635796,6.25430712890625,1042.384521484375
1847,221111,137.27501863706433,6.607215087890625,1101.2025146484375
1848,221231,126.62716108223512,6.118581665039063,1019.7636108398438
1849,221351,132.51176165177714,6.38872412109375,1064.787353515625
1850,221471,124.09950485175013,5.998465209960938,999.7442016601562
1851,221591,131.32645067755146,6.335168701171875,1055.8614501953125
1852,221711,131.76656205206604,6.358396728515625,1059.7327880859375
1853,221831,128.50493424788056,6.202370361328125,1033.7283935546875
1854,221951,122.05800441851636,5.9089921875,984.83203125
1855,222071,126.45201432211007,6.106728149414063,1017.7880249023438
1856,222191,118.22123696291864,5.732462036132812,955.4103393554688
1857,222311,126.09914265973367,6.094112915039062,1015.6854858398438
1858,222431,124.71201483556092,6.0299139404296875,1004.9856567382812
1859,222551,129.6938453131277,6.252870849609375,1042.1451416015625
1860,222671,120.31377823681865,5.831160278320312,971.8600463867188
1861,222791,132.10428323424938,6.3730927734375,1062.18212890625
1862,222911,117.24354976147828,5.693067626953125,948.8446044921875
1863,223031,127.18418332015241,6.14181005859375,1023.635009765625
1864,223151,126.33732163836032,6.103337768554687,1017.2229614257812
1865,223271,126.9457257898908,6.1326009521484375,1022.1001586914062
1866,223391,124.04783777245338,5.998874267578125,999.8123779296875
1867,223511,126.99988066633048,6.136464477539063,1022.7440795898438
1868,223631,131.30836729748776,6.334697021484375,1055.7828369140625
1869,223751,131.98712515627477,6.360109130859375,1060.0181884765625
1870,223871,125.60911202768702,6.07411669921875,1012.352783203125
1871,223991,131.8646395735592,6.35955322265625,1059.925537109375
1872,224111,129.35511376341043,6.241465576171875,1040.2442626953125
1873,224231,123.34498653256381,5.966272705078125,994.3787841796875
1874,224351,123.46582506498584,5.9656483154296875,994.2747192382812
1875,224471,119.87597567462768,5.80827099609375,968.045166015625
1876,224591,123.28334662367241,5.971645385742187,995.2742309570312
1877,224711,134.47277039070255,6.478620849609375,1079.7701416015625
1878,224831,128.01791801469147,6.179886474609375,1029.9810791015625
1879,224951,129.14853408019388,6.234626220703125,1039.1043701171875
1880,225071,125.39677837130067,6.0591826171875,1009.86376953125
1881,225191,124.4183165545648,6.020152221679687,1003.3587036132812
1882,225311,123.37044822307206,5.969319213867188,994.8865356445312
1883,225431,132.19417810979928,6.37202197265625,1062.003662109375
1884,225551,127.83421745385255,6.1750546875,1029.17578125
1885,225671,131.08053772134798,6.3201796875,1053.36328125
1886,225791,132.2795691363211,6.37675927734375,1062.793212890625
1887,225911,128.97180951739415,6.220970947265625,1036.8284912109375
1888,226031,122.02157868517048,5.90367626953125,983.946044921875
1889,226151,121.48328569835567,5.888883544921875,981.4805908203125
1890,226271,119.70167688788965,5.7969818115234375,966.1636352539062
1891,226391,130.36929043366345,6.285533203125,1047.5888671875
1892,226511,126.3609990614176,6.105966064453125,1017.6610107421875
1893,226631,122.22309673914347,5.915313354492188,985.8855590820312
1894,226751,129.44765350122438,6.2442216796875,1040.70361328125
1895,226871,124.61201675487709,6.0229383544921875,1003.8230590820312
1896,226991,121.82577079425576,5.902342529296875,983.7237548828125
1897,227111,130.55806131256026,6.297076171875,1049.5126953125
1898,227231,131.48685225570617,6.345548583984375,1057.5914306640625
1899,227351,127.3171078695999,6.148133056640625,1024.6888427734375
1900,227471,131.7166108248141,6.349927734375,1058.3212890625
1901,227591,132.4430997905979,6.387703125,1064.6171875
1902,227711,129.1164906605566,6.23071728515625,1038.452880859375
1903,227831,118.72030440740605,5.755561889648438,959.2603149414062
1904,227951,134.72585496927195,6.485272705078125,1080.8787841796875
1905,228071,126.53630665822735,6.113642944335938,1018.9404907226562
1906,228191,126.93535068600362,6.136400390625,1022.7333984375
1907,228311,133.52397758521244,6.4342470703125,1072.37451171875
1908,228431,136.4366035144352,6.56823779296875,1094.706298828125
1909,228551,131.88452252707233,6.353914306640625,1058.9857177734375
1910,228671,127.47789670683913,6.153863525390625,1025.6439208984375
1911,228791,125.03176252679178,6.048376098632812,1008.0626831054688
1912,228911,128.3107390714259,6.1929345703125,1032.15576171875
1913,229031,121.72258155115675,5.887487915039062,981.2479858398438
1914,229151,121.82463506836243,5.895114990234375,982.5191650390625
1915,229271,132.16817129156584,6.37732763671875,1062.887939453125
1916,229391,129.6758674412877,6.263161376953125,1043.8602294921875
1917,229511,126.1344625890576,6.095197265625,1015.8662109375
1918,229631,118.1627534935251,5.72997802734375,954.996337890625
1919,229751,124.13869140937891,6.008750610351562,1001.4584350585938
1920,229871,136.4646195242168,6.56897021484375,1094.828369140625
1921,229991,129.66554585200146,6.255412353515625,1042.5687255859375
1922,230111,124.78808738486131,6.035582885742188,1005.9304809570312
1923,230231,128.55310625952157,6.212454345703125,1035.4090576171875
1924,230351,135.51644359727715,6.521291748046875,1086.8819580078125
1925,230471,135.9007379769347,6.5440341796875,1090.67236328125
1926,230591,127.23255491494771,6.150690673828125,1025.1151123046875
1927,230711,126.41452857681296,6.110787231445313,1018.4645385742188
1928,230831,125.28737211897143,6.058635864257813,1009.7726440429688
1929,230951,125.1969218028945,6.055943115234375,1009.3238525390625
1930,231071,129.1287563839728,6.230526123046875,1038.4210205078125
1931,231191,118.73278871700579,5.761752685546875,960.2921142578125
1932,231311,126.07998006043007,6.092850952148438,1015.4751586914062
1933,231431,130.58830528832578,6.301437744140625,1050.2396240234375
1934,231551,133.0234212701083,6.409683837890625,1068.2806396484375
1935,231671,135.02064517543832,6.506110107421875,1084.3516845703125
1936,231791,126.19001447450331,6.100036743164062,1016.6727905273438
1937,231911,127.6163074190432,6.166030517578125,1027.6717529296875
1938,232031,125.4036591370215,6.063664672851562,1010.6107788085938
1939,232151,133.63709348617803,6.4424560546875,1073.74267578125
1940,232271,123.62115166668272,5.9819051513671875,996.9841918945312
1941,232391,132.5299542700298,6.38505322265625,1064.175537109375
1942,232511,129.75221460432624,6.265864013671875,1044.3106689453125
1943,232631,123.8898584163697,5.998543212890625,999.7572021484375
1944,232751,124.43579020472121,6.021210571289062,1003.5350952148438
1945,232871,124.57378658448899,6.025702880859375,1004.2838134765625
1946,232991,133.23077840559677,6.420788818359375,1070.1314697265625
1947,233111,127.70194476284192,6.167917236328125,1027.9862060546875
1948,233231,132.45150541162957,6.38327490234375,1063.879150390625
1949,233351,125.99317176310842,6.092442260742187,1015.4070434570312
1950,233471,120.64344230290138,5.846296875,974.3828125
1951,233591,120.70016209753929,5.846657592773438,974.4429321289062
1952,233711,121.43927396320807,5.881818237304688,980.3030395507812
1953,233831,123.87059853378378,5.989515380859375,998.2525634765625
1954,233951,127.46589617675568,6.160141845703125,1026.6903076171875
1955,234071,127.7303367733642,6.170972900390625,1028.4954833984375
1956,234191,125.32036646547276,6.054790283203125,1009.1317138671875
1957,234311,129.85879171201245,6.2679521484375,1044.65869140625
1958,234431,124.81576360713225,6.0299967041015625,1004.9994506835938
1959,234551,125.9151659674794,6.089352172851562,1014.8920288085938
1960,234671,121.30573902894989,5.87607568359375,979.345947265625
1961,234791,127.87217318530307,6.1779228515625,1029.65380859375
1962,234911,131.39154840633822,6.338058837890625,1056.3431396484375
1963,235031,125.49450542974279,6.062904418945313,1010.4840698242188
1964,235151,130.96666749088345,6.310253173828125,1051.7088623046875
1965,235271,117.60487589755277,5.70580224609375,950.967041015625
1966,235391,124.31575079535472,6.01286279296875,1002.143798828125
1967,235511,121.32029698968861,5.87676416015625,979.460693359375
1968,235631,124.8097639756481,6.038722778320312,1006.4537963867188
1969,235751,137.4175749127638,6.6115283203125,1101.92138671875
1970,235871,126.13178934516989,6.094499633789063,1015.7499389648438
1971,235991,123.96782080679569,5.99335986328125,998.893310546875
1972,236111,127.52039660528561,6.16017626953125,1026.696044921875
1973,236231,123.96765698848927,5.991669067382812,998.6115112304688
1974,236351,124.77800946951788,6.028697021484375,1004.7828369140625
1975,236471,125.82159075571732,6.079309204101563,1013.2182006835938
1976,236591,129.31568757059964,6.239643310546875,1039.9405517578125
1977,236711,125.8749357651131,6.080255493164063,1013.3759155273438
1978,236831,126.97747519453534,6.134282958984375,1022.3804931640625
1979,236951,122.977153156441,5.953849731445312,992.3082885742188
1980,237071,122.94579336425045,5.943171020507813,990.5285034179688
1981,237191,125.19114217304333,6.053437133789062,1008.9061889648438
1982,237311,125.26517453303488,6.055271484375,1009.2119140625
1983,237431,118.25087373205567,5.738220703125,956.3701171875
1984,237551,128.7041143785372,6.219218994140625,1036.5364990234375
1985,237671,129.16176963664023,6.232149169921875,1038.6915283203125
1986,237791,131.8732332002035,6.3662138671875,1061.03564453125
1987,237911,127.73645406030685,6.170384033203125,1028.3973388671875
1988,238031,130.74950409915837,6.301282470703125,1050.2137451171875
1989,238151,126.84498051191233,6.13458544921875,1022.430908203125
1990,238271,133.52416030362673,6.435743408203125,1072.6239013671875
1991,238391,133.049823112657,6.40891259765625,1068.152099609375
1992,238511,132.36379322121508,6.3832587890625,1063.87646484375
1993,238631,124.66932551722986,6.029993041992188,1004.9988403320312
1994,238751,129.57503818421768,6.24806689453125,1041.344482421875
1995,238871,128.8480896040164,6.22099951171875,1036.833251953125
1996,238991,128.61710039672184,6.20354296875,1033.923828125
1997,239111,133.0353591494759,6.40935498046875,1068.225830078125
1998,239231,125.01931274879581,6.046175903320313,1007.6959838867188
1999,239351,131.86997483421175,6.358537353515625,1059.7562255859375
2000,239471,125.9882287758053,6.092978759765625,1015.4964599609375
2001,239591,130.56027289846196,6.292768798828125,1048.7947998046875
2002,239711,126.29230076699024,6.107327270507812,1017.8878784179688
2003,239831,125.63817549536657,6.066677490234375,1011.1129150390625
2004,239951,130.82873122161675,6.30593994140625,1050.989990234375
2005,240071,128.71141720377403,6.208874267578125,1034.8123779296875
2006,240191,130.65667355236792,6.3018662109375,1050.31103515625
2007,240311,124.75745362652899,6.038578491210938,1006.4297485351562
2008,240431,126.29879716717986,6.098031372070312,1016.3385620117188
2009,240551,128.1663854207814,6.19060107421875,1031.766845703125
2010,240671,125.10403078709476,6.04602392578125,1007.670654296875
2011,240791,121.32847345884801,5.87270361328125,978.783935546875
2012,240911,127.53870010706584,6.16331396484375,1027.218994140625
2013,241031,124.46931666024958,6.019620849609375,1003.2701416015625
2014,241151,124.86617596997687,6.040765869140625,1006.7943115234375
2015,241271,130.65833147643457,6.30324169921875,1050.540283203125
2016,241391,130.83459615246863,6.315233642578125,1052.5389404296875
2017,241511,128.03616730706176,6.184864013671875,1030.8106689453125
2018,241631,125.19593975126423,6.05431201171875,1009.052001953125
2019,241751,123.97866551775775,6.010156127929688,1001.6926879882812
2020,241871,126.61077695506552,6.112624145507812,1018.7706909179688
2021,241991,131.2417015254972,6.326572998046875,1054.4288330078125
2022,242111,125.06855166682973,6.048608276367188,1008.1013793945312
2023,242231,127.83658687989632,6.174964599609375,1029.1607666015625
2024,242351,116.46714228502256,5.6539632568359375,942.3272094726562
2025,242471,127.72879815265986,6.164512939453125,1027.4188232421875
2026,242591,129.92738361167096,6.270208740234375,1045.0347900390625
2027,242711,122.9700223725421,5.953260131835938,992.2100219726562
2028,242831,133.21983325004055,6.420375732421875,1070.0626220703125
2029,242951,131.82639621694474,6.35133251953125,1058.555419921875
2030,243071,128.69356565258866,6.2117431640625,1035.29052734375
2031,243191,126.83806804243946,6.127193481445312,1021.1989135742188
2032,243311,132.8253602908254,6.3980654296875,1066.34423828125
2033,243431,128.1912126075651,6.188241943359375,1031.3736572265625
2034,243551,125.41460355250035,6.0632479248046875,1010.5413208007812
2035,243671,117.77486987971955,5.711933349609375,951.9888916015625
2036,243791,126.80469413340879,6.125435668945313,1020.9059448242188
2037,243911,124.57686884092458,6.024492919921875,1004.0821533203125
2038,244031,123.58324572305766,5.978190307617187,996.3650512695312
2039,244151,129.46908064652524,6.247373291015625,1041.2288818359375
2040,244271,132.64060774146833,6.391705078125,1065.2841796875
2041,244391,128.41400743675652,6.19998046875,1033.330078125
2042,244511,123.20747893406468,5.965444702148438,994.2407836914062
2043,244631,124.01264663881511,6.000538330078125,1000.0897216796875
2044,244751,125.0286799414836,6.050473388671875,1008.4122314453125
2045,244871,126.79944089652216,6.121480224609375,1020.2467041015625
2046,244991,125.84064878620914,6.087806030273438,1014.6343383789062
2047,245111,134.6997376736999,6.487327880859375,1081.2213134765625
2048,245231,117.93536290333319,5.72639794921875,954.399658203125
2049,245351,125.74458265941107,6.073717895507812,1012.2863159179688
2050,245471,131.41125213272102,6.337193115234375,1056.1988525390625
2051,245591,124.75061662678843,6.030492919921875,1005.0821533203125
2052,245711,130.36772436683702,6.289424560546875,1048.2374267578125
2053,245831,127.38489883010006,6.1519775390625,1025.32958984375
2054,245951,121.38918164952307,5.879308227539062,979.8847045898438
2055,246071,127.02862479321416,6.136505126953125,1022.7508544921875
2056,246191,130.88338494098898,6.31020556640625,1051.700927734375
2057,246311,126.83283836940248,6.118679809570312,1019.7799682617188
2058,246431,123.43528418002472,5.977576538085938,996.2627563476562
2059,246551,123.05655351367582,5.95265625,992.109375
2060,246671,129.29090868388377,6.236611083984375,1039.4351806640625
2061,246791,129.37632517299497,6.2380224609375,1039.67041015625
2062,246911,126.04719804156208,6.090342041015625,1015.0570068359375
2063,247031,127.34563525822799,6.1437275390625,1023.95458984375
2064,247151,122.91128022943793,5.944277709960938,990.7129516601562
2065,247271,127.6948872829671,6.16213330078125,1027.022216796875
2066,247391,124.29468896711852,6.010676147460938,1001.7793579101562
2067,247511,129.61265188495602,6.254578125,1042.4296875
2068,247631,131.4303274311591,6.332275634765625,1055.3792724609375
2069,247751,130.8244106960527,6.313789306640625,1052.2982177734375
2070,247871,129.41361692762948,6.23912841796875,1039.854736328125
2071,247991,126.216094334712,6.096249755859375,1016.0416259765625
2072,248111,127.36627152977245,6.14531689453125,1024.219482421875
2073,248231,124.57492342234697,6.021014282226562,1003.5023803710938
2074,248351,120.3552516281382,5.82675,971.125
2075,248471,123.19690676317963,5.960157348632812,993.3595581054688
2076,248591,124.18252541758044,6.0033548583984375,1000.5591430664062
2077,248711,128.39674552562204,6.19551123046875,1032.585205078125
2078,248831,134.0717494036911,6.45880078125,1076.466796875
2079,248951,133.72793680915163,6.44328955078125,1073.881591796875
2080,249071,138.76457069096023,6.66665185546875,1111.108642578125
2081,249191,125.51758030830946,6.065082275390625,1010.8470458984375
2082,249311,128.9983319195419,6.2208544921875,1036.80908203125
2083,249431,129.42767859320816,6.24593994140625,1040.989990234375
2084,249551,123.32327555208263,5.965221313476563,994.2035522460938
2085,249671,130.65184809119592,6.302728271484375,1050.4547119140625
2086,249791,132.71153016623535,6.39240234375,1065.400390625
2087,249911,128.19244418056877,6.182540771484375,1030.4234619140625
2088,250031,125.31346922564796,6.054770141601563,1009.1283569335938
2089,250151,130.11427448770505,6.269789794921875,1044.9649658203125
2090,250271,128.67210161157055,6.213069580078125,1035.5115966796875
2091,250391,135.52335371523645,6.51605712890625,1086.009521484375
2092,250511,126.93732638067915,6.132854370117188,1022.1423950195312
2093,250631,122.5221994275333,5.929878295898438,988.3130493164062
2094,250751,120.01848081235968,5.816683959960938,969.4473266601562
2095,250871,128.0042764729385,6.180551513671875,1030.0919189453125
2096,250991,133.01843120148644,6.409812744140625,1068.3021240234375
2097,251111,129.24138791006988,6.23274462890625,1038.790771484375
2098,251231,132.63237214859353,6.388916015625,1064.8193359375
2099,251351,128.10848162001074,6.1864716796875,1031.07861328125
2100,251471,135.25606182609292,6.510352294921875,1085.0587158203125
2101,251591,133.08782041104965,6.412604736328125,1068.7674560546875
2102,251711,126.51732816404495,6.1109468994140625,1018.4911499023438
2103,251831,122.87960630435109,5.948846557617188,991.4744262695312
2104,251951,126.47005333545319,6.1070013427734375,1017.8335571289062
2105,252071,121.22808643543797,5.871923583984375,978.6539306640625
2106,252191,125.30407887927944,6.055857421875,1009.3095703125
2107,252311,126.96416274367446,6.131739624023438,1021.9566040039062
2108,252431,117.33391534966415,5.6908388671875,948.47314453125
2109,252551,122.39401811741713,5.925150512695312,987.5250854492188
2110,252671,122.20403708504219,5.911757446289062,985.2929077148438
2111,252791,124.97194452672261,6.039261474609375,1006.5435791015625
2112,252911,127.03537087639074,6.135229614257812,1022.5382690429688
2113,253031,125.01583890868775,6.037587524414063,1006.2645874023438
2114,253151,130.51453566665677,6.294357421875,1049.0595703125
2115,253271,117.76736261034335,5.715706787109375,952.6177978515625
2116,253391,127.62434786306811,6.160184326171875,1026.6973876953125
2117,253511,129.5255696859925,6.249721435546875,1041.6202392578125
2118,253631,127.93392486057402,6.174126708984375,1029.0211181640625
2119,253751,123.29271983807263,5.962869140625,993.8115234375
2120,253871,128.01580797478135,6.177482666015625,1029.5804443359375
2121,253991,125.84565477907434,6.083597900390625,1013.9329833984375
2122,254111,129.59060620988134,6.248032470703125,1041.3387451171875
2123,254231,127.88361074604819,6.171325927734375,1028.5543212890625
2124,254351,124.935478734338,6.0367998046875,1006.13330078125
2125,254471,126.51805698935422,6.10575,1017.625
2126,254591,125.33025383622055,6.05718603515625,1009.531005859375
2127,254711,133.41269321198283,6.423205810546875,1070.5343017578125
2128,254831,127.42706574618543,6.150607177734375,1025.1011962890625
2129,254951,123.59366245355434,5.978863403320313,996.4772338867188
2130,255071,123.89405193483069,5.988778198242188,998.1296997070312
2131,255191,123.20998920933224,5.958220092773438,993.0366821289062
2132,255311,121.37548597944496,5.87184228515625,978.640380859375
2133,255431,119.86756145165054,5.804454345703125,967.4090576171875
2134,255551,129.36037173205597,6.237686279296875,1039.6143798828125
2135,255671,128.12957414082055,6.1798916015625,1029.98193359375
2136,255791,127.30650466163529,6.15120703125,1025.201171875
2137,255911,122.3688443089073,5.919580444335938,986.5967407226562
2138,256031,128.3541890742954,6.190918212890625,1031.8197021484375
2139,256151,133.27435464002576,6.41884423828125,1069.807373046875
2140,256271,123.88670828217928,5.992062744140625,998.6771240234375
2141,256391,122.20768570992432,5.911999877929688,985.3333129882812
2142,256511,131.15228489608316,6.320285888671875,1053.3809814453125
2143,256631,126.27454852703029,6.097561157226562,1016.2601928710938
2144,256751,123.36356540525841,5.960838500976562,993.4730834960938
2145,256871,125.32743676427168,6.054119750976563,1009.0199584960938
2146,256991,127.48405080915461,6.154541748046875,1025.7569580078125
2147,257111,123.79897722768057,5.98304150390625,997.173583984375
2148,257231,133.39990085213975,6.42663427734375,1071.105712890625
2149,257351,128.44570934101637,6.20337890625,1033.896484375
2150,257471,122.4688419386799,5.925140991210937,987.5234985351562
2151,257591,130.11647756427072,6.27652294921875,1046.087158203125
2152,257711,129.98720903961447,6.2675068359375,1044.58447265625
2153,257831,137.78435860669163,6.6256025390625,1104.26708984375
2154,257951,128.81301874376385,6.2144326171875,1035.73876953125
2155,258071,124.43962204935134,6.013891479492187,1002.3152465820312
2156,258191,128.47844755414573,6.202218017578125,1033.7030029296875
2157,258311,123.60830006366486,5.9769744873046875,996.1624145507812
2158,258431,132.983947791952,6.405791748046875,1067.6319580078125
2159,258551,125.36614559300186,6.057626953125,1009.6044921875
2160,258671,130.1821996443732,6.270780029296875,1045.1300048828125
2161,258791,123.01708656396856,5.948755737304688,991.4592895507812
2162,258911,123.75589039937105,5.9771444091796875,996.1907348632812
2163,259031,124.79793352208516,6.03417333984375,1005.695556640625
2164,259151,132.80041153364002,6.39558984375,1065.931640625
2165,259271,127.46227753920599,6.148263427734375,1024.7105712890625
2166,259391,130.8346207561015,6.306673095703125,1051.1121826171875
2167,259511,133.29772499208565,6.42149853515625,1070.249755859375
2168,259631,122.87316934004352,5.94233056640625,990.388427734375
2169,259751,121.03326666240247,5.8564735107421875,976.0789184570312
2170,259871,131.26982694379487,6.328806884765625,1054.8011474609375
2171,259991,114.62476550475415,5.565384521484375,927.5640869140625
2172,260111,125.6960737047512,6.0709031982421875,1011.8171997070312
2173,260231,129.81445185057422,6.26534033203125,1044.223388671875
2174,260351,123.35014520520747,5.964249389648438,994.0415649414062
2175,260471,135.3401116242541,6.50875048828125,1084.791748046875
2176,260591,131.83096199744145,6.353537109375,1058.9228515625
2177,260711,124.27178968300441,6.011624267578125,1001.9373779296875
2178,260831,119.78395161777637,5.806831420898438,967.8052368164062
2179,260951,136.0058618748206,6.54161279296875,1090.268798828125
2180,261071,123.69237465747568,5.9828426513671875,997.1404418945312
2181,261191,127.01274633078901,6.126802734375,1021.1337890625
2182,261311,129.03801581318845,6.224173828125,1037.3623046875
2183,261431,125.10519228828133,6.04911328125,1008.185546875
2184,261551,130.11205095183848,6.271907958984375,1045.3179931640625
2185,261671,130.0298524387232,6.267416748046875,1044.5694580078125
2186,261791,119.75035925205577,5.804023315429688,967.3372192382812
2187,261911,126.64772052439831,6.112320556640625,1018.7200927734375
2188,262031,117.4879536587072,5.69294677734375,948.824462890625
2189,262151,122.67720896744278,5.942253662109375,990.3756103515625
2190,262271,130.096808391074,6.267720703125,1044.6201171875
2191,262391,125.67105297725655,6.072395874023438,1012.0659790039062
2192,262511,128.313422611725,6.18861474609375,1031.435791015625
2193,262631,125.74849969049085,6.076071166992188,1012.6785278320312
2194,262751,125.33091790291107,6.054425537109375,1009.0709228515625
2195,262871,127.09620210713953,6.136832153320312,1022.8053588867188
2196,262991,127.3976198535565,6.153012451171875,1025.5020751953125
2197,263111,126.22852297784866,6.096935668945313,1016.1559448242188
2198,263231,125.68908241471532,6.075249755859375,1012.5416259765625
2199,263351,130.6435471549455,6.297359619140625,1049.5599365234375
2200,263471,126.87712107242758,6.12255029296875,1020.425048828125
2201,263591,127.44392811408093,6.151760009765625,1025.2933349609375
2202,263711,130.34036570523693,6.28385888671875,1047.309814453125
2203,263831,127.25661873493273,6.14478515625,1024.130859375
2204,263951,137.86588783859145,6.629704833984375,1104.9508056640625
2205,264071,129.65082228892706,6.2603291015625,1043.38818359375
2206,264191,127.4416071370197,6.15708837890625,1026.181396484375
2207,264311,123.6847413957838,5.986986694335937,997.8311157226562
2208,264431,123.22003491226458,5.957234252929688,992.8723754882812
2209,264551,122.12270406378377,5.908124633789063,984.6874389648438
2210,264671,122.38061188049544,5.92262109375,987.103515625
2211,264791,127.02773493707744,6.131911743164062,1021.9852905273438
2212,264911,125.18988366932237,6.055738403320312,1009.2897338867188
2213,265031,128.97106684936375,6.2201806640625,1036.69677734375
2214,265151,124.25631573395695,6.0083203125,1001.38671875
2215,265271,127.68893079826549,6.163263427734375,1027.2105712890625
2216,265391,120.46102274350007,5.835334350585938,972.5557250976562
2217,265511,119.53648359156908,5.795519897460937,965.9199829101562
2218,265631,123.05224523342471,5.951720947265625,991.9534912109375
2219,265751,125.63320756066162,6.0689718017578125,1011.4953002929688
2220,265871,129.6804468671123,6.25691162109375,1042.818603515625
2221,265991,126.43870632233237,6.104710327148437,1017.4517211914062
2222,266111,122.87161068847391,5.946463989257812,991.0773315429688
2223,266231,130.3367337218079,6.2841767578125,1047.36279296875
2224,266351,129.632082320542,6.252275390625,1042.0458984375
2225,266471,117.42930965447987,5.6938447265625,948.97412109375
2226,266591,118.78907361760695,5.7582626953125,959.71044921875
2227,266711,124.34101879003289,6.009473510742188,1001.5789184570312
2228,266831,124.40569485969144,6.0159345703125,1002.65576171875
2229,266951,131.04738320192385,6.31717822265625,1052.863037109375
2230,267071,130.46092267119747,6.288744140625,1048.1240234375
2231,267191,132.47815573173546,6.386329833984375,1064.3883056640625
2232,267311,122.62011771896645,5.930808471679687,988.4680786132812
2233,267431,131.17215462614053,6.321727294921875,1053.6212158203125
2234,267551,121.94912148102021,5.903190673828125,983.8651123046875
2235,267671,122.49389506936983,5.926870971679688,987.8118286132812
2236,267791,132.03452332041394,6.3540439453125,1059.00732421875
2237,267911,120.89568205907885,5.847438354492187,974.5730590820312
2238,268031,135.32095457778595,6.513740478515625,1085.6234130859375
2239,268151,121.11974065174206,5.864982055664062,977.4970092773438
2240,268271,134.2959969561689,6.46850244140625,1078.083740234375
2241,268391,124.31112591148205,6.002226928710938,1000.3711547851562
2242,268511,130.69101071231518,6.299156982421875,1049.8594970703125
2243,268631,124.30349166060023,6.003166625976562,1000.5277709960938
2244,268751,129.7869244040996,6.254584716796875,1042.4307861328125
2245,268871,129.00097916193485,6.222881103515625,1037.1468505859375
2246,268991,126.27190388495009,6.095596435546875,1015.9327392578125
2247,269111,132.12127346037846,6.3651708984375,1060.86181640625
2248,269231,126.67007437988777,6.113842163085938,1018.9736938476562
2249,269351,116.19553429071935,5.630990112304688,938.4983520507812
2250,269471,139.05477715909635,6.683073486328125,1113.8455810546875
2251,269591,129.7044059797102,6.250767333984375,1041.7945556640625
2252,269711,135.87672918546434,6.53958837890625,1089.931396484375
2253,269831,133.53202579303195,6.4351142578125,1072.51904296875
2254,269951,122.3239985786078,5.91437548828125,985.729248046875
2255,270071,124.83429758140556,6.0325283203125,1005.42138671875
2256,270191,124.0346567309948,5.991375732421875,998.5626220703125
2257,270311,124.34474142656836,6.010455688476562,1001.7426147460938
2258,270431,124.31083302439866,6.016944213867188,1002.8240356445312
2259,270551,130.10208888874286,6.268780517578125,1044.7967529296875
2260,270671,128.34692536906022,6.18822802734375,1031.371337890625
2261,270791,123.72080288172744,5.98240576171875,997.067626953125
2262,270911,130.89506212126852,6.3133798828125,1052.22998046875
2263,271031,126.72988888790479,6.119110473632812,1019.8517456054688
2264,271151,119.3836062326799,5.780525390625,963.4208984375
2265,271271,127.57474836622721,6.1568232421875,1026.13720703125
2266,271391,132.06717905945226,6.36518994140625,1060.864990234375
2267,271511,125.73503293706072,6.075409423828125,1012.5682373046875
2268,271631,131.49664723561784,6.339790283203125,1056.6317138671875
2269,271751,123.98573086431736,5.994871215820313,999.1452026367188
2270,271871,119.88604796629217,5.805170288085938,967.5283813476562
2271,271991,133.07648097453745,6.40803515625,1068.005859375
2272,272111,133.12650955232843,6.406522705078125,1067.7537841796875
2273,272231,123.49678454363081,5.9752657470703125,995.8776245117188
2274,272351,122.44236702810554,5.920414672851562,986.7357788085938
2275,272471,126.34851699734455,6.106824096679688,1017.8040161132812
2276,272591,119.17593657315108,5.7750029296875,962.50048828125
2277,272711,125.14886602226582,6.051157104492187,1008.5261840820312
2278,272831,127.35655525919233,6.150566162109375,1025.0943603515625
2279,272951,129.86844267937457,6.2662294921875,1044.37158203125
2280,273071,125.06578169370451,6.041786865234375,1006.9644775390625
2281,273191,125.27108495438723,6.0550557861328125,1009.1759643554688
2282,273311,130.3107873757985,6.28355126953125,1047.258544921875
2283,273431,126.79092679051477,6.121809448242187,1020.3015747070312
2284,273551,129.21699259575448,6.231814453125,1038.6357421875
2285,273671,127.95208900543099,6.178459716796875,1029.7432861328125
2286,273791,123.11791993544179,5.9554306640625,992.57177734375
2287,273911,126.37274270702684,6.105562866210938,1017.5938110351562
2288,274031,125.98680906126603,6.089485107421875,1014.9141845703125
2289,274151,125.91861436341307,6.085424926757812,1014.2374877929688
2290,274271,133.34158951813077,6.423503173828125,1070.5838623046875
2291,274391,128.61359137015407,6.20480859375,1034.134765625
2292,274511,128.6791629565048,6.207318603515625,1034.5531005859375
2293,274631,122.63983844604186,5.9349169921875,989.15283203125
2294,274751,131.8509640043233,6.3576240234375,1059.60400390625
2295,274871,115.3320005925932,5.59951904296875,933.253173828125
2296,274991,123.90019710392792,5.985911865234375,997.6519775390625
2297,275111,127.00365200779962,6.139519409179687,1023.2532348632812
2298,275231,125.31711063991474,6.059997802734375,1009.9996337890625
2299,275351,126.60397714358524,6.1110966796875,1018.51611328125
2300,275471,123.64600913233355,5.979957275390625,996.6595458984375
2301,275591,125.08559307278033,6.049438110351563,1008.2396850585938
2302,275711,124.80447815956364,6.034935791015625,1005.8226318359375
2303,275831,133.04092634694064,6.410299072265625,1068.3831787109375
2304,275951,126.1601004902574,6.090965698242187,1015.1609497070312
2305,276071,127.87125504144643,6.16725,1027.875
2306,276191,123.6040228405294,5.972444458007812,995.4074096679688
2307,276311,130.7171006228506,6.29707470703125,1049.512451171875
2308,276431,126.80384140418872,6.1185615234375,1019.76025390625
2309,276551,127.77513541976388,6.165394775390625,1027.5657958984375
2310,276671,132.6468558080857,6.388966552734375,1064.8277587890625
2311,276791,124.3961569142507,6.0169610595703125,1002.8268432617188
2312,276911,123.78721903766652,5.985650390625,997.6083984375
2313,277031,129.383125255446,6.244283203125,1040.7138671875
2314,277151,132.16529966988318,6.372146484375,1062.0244140625
2315,277271,129.17385106362693,6.228624755859375,1038.1041259765625
2316,277391,123.7683183683966,5.98725439453125,997.875732421875
2317,277511,127.06778814321963,6.137832275390625,1022.9720458984375
2318,277631,124.51580695978407,6.021948120117187,1003.6580200195312
2319,277751,123.55192501993628,5.975312255859375,995.8853759765625
2320,277871,135.3970362141049,6.52247314453125,1087.078857421875
2321,277991,134.6072552453307,6.477642333984375,1079.6070556640625
2322,278111,128.86894810035227,6.219966064453125,1036.6610107421875
2323,278231,120.9308939633496,5.855725341796875,975.9542236328125
2324,278351,124.31635069080123,6.013285766601562,1002.2142944335938
2325,278471,127.22460082021192,6.139328979492188,1023.2214965820312
2326,278591,131.96523263857867,6.357,1059.5
2327,278711,124.88571538457613,6.041983520507812,1006.9972534179688
2328,278831,134.75549961191408,6.485220703125,1080.8701171875
2329,278951,126.91686688528287,6.128505249023437,1021.4175415039062
2330,279071,123.87547499774033,5.987349243164062,997.8915405273438
2331,279191,124.15401191670696,6.001470336914062,1000.2450561523438
2332,279311,124.54551086996717,6.0226142578125,1003.76904296875
2333,279431,134.38476811901103,6.4692451171875,1078.20751953125
2334,279551,125.79243888683294,6.076256103515625,1012.7093505859375
2335,279671,120.20218821137132,5.822364624023438,970.3941040039062
2336,279791,124.68237643109093,6.02403955078125,1004.006591796875
2337,279911,123.94762457153865,5.991384521484375,998.5640869140625
2338,280031,128.85396920739888,6.211552734375,1035.2587890625
2339,280151,120.96903881152988,5.861043823242188,976.8406372070312
2340,280271,123.65192543600952,5.980927368164062,996.8212280273438
2341,280391,128.5609149650988,6.2076005859375,1034.60009765625
2342,280511,124.36865226151276,6.009940795898437,1001.6567993164062
2343,280631,127.3286038918636,6.15265576171875,1025.442626953125
2344,280751,133.88401604221386,6.44781005859375,1074.635009765625
2345,280871,133.88809655036928,6.450267333984375,1075.0445556640625
2346,280991,129.60391580660206,6.253861083984375,1042.3101806640625
2347,281111,125.87326829741217,6.08089453125,1013.482421875
2348,281231,129.17491175598366,6.227288818359375,1037.8814697265625
2349,281351,129.7302653805038,6.253626708984375,1042.2711181640625
2350,281471,127.9196222112661,6.1754033203125,1029.23388671875
2351,281591,123.90074553959974,5.989389404296875,998.2315673828125
2352,281711,134.1945734910761,6.461788330078125,1076.9647216796875
2353,281831,133.59535702100027,6.4349794921875,1072.49658203125
2354,281951,126.54486711652079,6.111596923828125,1018.5994873046875
2355,282071,120.17143299198293,5.816722412109375,969.4537353515625
2356,282191,130.85887050060953,6.3057626953125,1050.96044921875
2357,282311,129.44034149552834,6.2498701171875,1041.64501953125
2358,282431,122.95067319333842,5.945876220703125,990.9793701171875
2359,282551,129.04934295823048,6.2290517578125,1038.17529296875
2360,282671,128.35711903522648,6.187289794921875,1031.2149658203125
2361,282791,121.24472383449802,5.872364135742187,978.7273559570312
2362,282911,120.86264741173473,5.849120727539063,974.8534545898438
2363,283031,123.71164075115965,5.981436401367188,996.9060668945312
2364,283151,125.7405886249608,6.072091552734375,1012.0152587890625
2365,283271,135.5416622881491,6.52504541015625,1087.507568359375
2366,283391,128.58657866059377,6.2044423828125,1034.07373046875
2367,283511,128.87155719180225,6.2172744140625,1036.21240234375
2368,283631,130.32373500647626,6.28278369140625,1047.130615234375
2369,283751,126.42737004066576,6.112174438476562,1018.6957397460938
2370,283871,126.10957141724798,6.091731811523437,1015.2886352539062
2371,283991,131.4017039264344,6.33854443359375,1056.424072265625
2372,284111,122.45627387296439,5.923002319335938,987.1670532226562
2373,284231,129.9663146053811,6.27163916015625,1045.273193359375
2374,284351,124.05067516393856,6.00227197265625,1000.378662109375
2375,284471,124.9591124612167,6.038105712890625,1006.3509521484375
2376,284591,126.0604733156603,6.086425048828125,1014.4041748046875
2377,284711,128.5433866666764,6.205934326171875,1034.3223876953125
2378,284831,124.07428500948801,6.001228271484375,1000.2047119140625
2379,284951,129.71293661388916,6.25793115234375,1042.988525390625
2380,285071,127.28269827246191,6.14851025390625,1024.751708984375
2381,285191,130.8566325061102,6.312509033203125,1052.0848388671875
2382,285311,127.73777010557897,6.166912353515625,1027.8187255859375
2383,285431,126.70781653555696,6.12804638671875,1021.341064453125
2384,285551,128.4320664996812,6.195700927734375,1032.6168212890625
2385,285671,126.93778217621872,6.1323251953125,1022.05419921875
2386,285791,121.49722187976691,5.886006958007813,981.0011596679688
2387,285911,128.0360840293663,6.18359912109375,1030.599853515625
2388,286031,125.55308523580304,6.0675732421875,1011.26220703125
2389,286151,120.43821662886765,5.8282664794921875,971.3777465820312
2390,286271,129.9986299522962,6.271834716796875,1045.3057861328125
2391,286391,132.49215990891426,6.37925244140625,1063.208740234375
2392,286511,129.2895966508393,6.233937744140625,1038.9896240234375
2393,286631,133.00921500193766,6.40774951171875,1067.958251953125
2394,286751,129.1185987655741,6.227574462890625,1037.9290771484375
2395,286871,128.51715730120702,6.198685546875,1033.1142578125
2396,286991,127.71091486520588,6.168005126953125,1028.0008544921875
2397,287111,124.78667577334087,6.034464111328125,1005.7440185546875
2398,287231,130.93255141809726,6.3119501953125,1051.99169921875
2399,287351,137.12986289836724,6.595693359375,1099.2822265625
2400,287471,127.88691181626237,6.171763916015625,1028.6273193359375
2401,287591,130.45844064675998,6.293997802734375,1048.9996337890625
2402,287711,120.45529723961374,5.830036010742187,971.6726684570312
2403,287831,127.86824771423322,6.169575439453125,1028.2625732421875
2404,287951,127.46912917804191,6.161016357421875,1026.8360595703125
2405,288071,127.73086250113398,6.161395751953125,1026.8992919921875
2406,288191,133.09942799233042,6.41084619140625,1068.474365234375
2407,288311,132.58553985221403,6.382625244140625,1063.7708740234375
2408,288431,122.27086109607971,5.9153583984375,985.89306640625
2409,288551,129.24558067538973,6.23455810546875,1039.093017578125
2410,288671,128.64733323360934,6.201018310546875,1033.5030517578125
2411,288791,130.85732438838693,6.3107607421875,1051.79345703125
2412,288911,120.37379558418876,5.831824951171875,971.9708251953125
2413,289031,124.5789302294618,6.028277709960937,1004.7129516601562
2414,289151,132.04360556183374,6.358042236328125,1059.6737060546875
2415,289271,129.74518705616404,6.25467919921875,1042.446533203125
2416,289391,128.5802937042738,6.201967529296875,1033.6612548828125
2417,289511,130.03861523755117,6.268790771484375,1044.7984619140625
2418,289631,125.81911706244787,6.0793095703125,1013.21826171875
2419,289751,129.22461492042447,6.23111279296875,1038.518798828125
2420,289871,121.31703409691512,5.8664439697265625,977.7406616210938
2421,289991,123.89314301327603,5.990043823242187,998.3406372070312
2422,290111,124.81905250789322,6.0355546875,1005.92578125
2423,290231,128.9058086447346,6.221830810546875,1036.9718017578125
2424,290351,124.26365512723234,6.008424682617187,1001.4041137695312
2425,290471,124.84185092875815,6.034148071289063,1005.6913452148438
2426,290591,124.08523595133187,5.998351318359375,999.7252197265625
2427,290711,126.09576843343525,6.088164184570313,1014.6940307617188
2428,290831,128.90482423247448,6.21923291015625,1036.538818359375
2429,290951,124.01788451033941,5.990704467773438,998.4507446289062
2430,291071,130.35053973554997,6.28643701171875,1047.739501953125
2431,291191,130.89624758065005,6.30434033203125,1050.723388671875
2432,291311,129.12272880856523,6.227023681640625,1037.8372802734375
2433,291431,126.94545938429056,6.1305791015625,1021.76318359375
2434,291551,126.06543978349194,6.084130004882812,1014.0216674804688
2435,291671,128.1143206773832,6.184884521484375,1030.8140869140625
2436,291791,133.12649553147295,6.4167685546875,1069.46142578125
2437,291911,125.95760379398516,6.084791381835937,1014.1318969726562
2438,292031,127.67174652187097,6.16217431640625,1027.029052734375
2439,292151,123.8933807389122,5.988857299804687,998.1428833007812
2440,292271,128.99115756230097,6.22387353515625,1037.312255859375
2441,292391,130.15767218423878,6.27928857421875,1046.548095703125
2442,292511,127.14024473188314,6.138117553710938,1023.0195922851562
2443,292631,132.24752241839866,6.37210693359375,1062.017822265625
2444,292751,130.6578116965972,6.29687548828125,1049.479248046875
2445,292871,125.16206163772955,6.047967407226563,1007.9945678710938
2446,292991,130.85508976228854,6.30961376953125,1051.602294921875
2447,293111,137.13794366883678,6.595622314453125,1099.2703857421875
2448,293231,134.08380211227635,6.455353271484375,1075.8922119140625
2449,293351,124.45023359126509,6.016052856445312,1002.6754760742188
2450,293471,134.47922366032176,6.470572998046875,1078.4288330078125
2451,293591,120.5096967074859,5.833112915039062,972.1854858398438
2452,293711,128.02321937855083,6.179829345703125,1029.9715576171875
2453,293831,119.4221015712948,5.7897333984375,964.95556640625
2454,293951,132.28025462846654,6.368499755859375,1061.4166259765625
2455,294071,130.291244823259,6.282465087890625,1047.0775146484375
2456,294191,126.68920443636358,6.114354858398437,1019.0591430664062
2457,294311,128.64722366649136,6.20499755859375,1034.166259765625
2458,294431,127.58458394951197,6.162696533203125,1027.1160888671875
2459,294551,125.72327286654556,6.07340625,1012.234375
2460,294671,124.90235581280402,6.0372945556640625,1006.2157592773438
2461,294791,131.96677140514754,6.3618603515625,1060.31005859375
2462,294911,125.3885135394139,6.059728271484375,1009.9547119140625
2463,295031,131.74153641157102,6.3477451171875,1057.95751953125
2464,295151,132.62860858857337,6.386230224609375,1064.3717041015625
2465,295271,127.94422030833032,6.173439697265625,1028.9066162109375
2466,295391,131.89128720793096,6.3542021484375,1059.03369140625
2467,295511,126.41427195420425,6.100307006835937,1016.7178344726562
2468,295631,125.10097365332825,6.041448120117187,1006.9080200195312
2469,295751,125.23990279707975,6.050063598632812,1008.3439331054688
2470,295871,126.99737324938488,6.129015380859375,1021.5025634765625
2471,295991,125.38419442420796,6.052782348632812,1008.7970581054688
2472,296111,131.98932702057374,6.357482666015625,1059.5804443359375
2473,296231,131.62072251664807,6.341832275390625,1056.9720458984375
2474,296351,128.24391457887637,6.19305615234375,1032.176025390625
2475,296471,130.80975608868866,6.301562255859375,1050.2603759765625
2476,296591,122.22372745049583,5.911128295898438,985.1880493164062
2477,296711,131.45890951861344,6.33312158203125,1055.520263671875
2478,296831,127.31390127649351,6.14520849609375,1024.201416015625
2479,296951,127.3562945027365,6.148795166015625,1024.7991943359375
2480,297071,126.69838657504177,6.114117919921875,1019.0196533203125
2481,297191,127.93699095047943,6.1826455078125,1030.44091796875
2482,297311,133.4306423384599,6.426601318359375,1071.1002197265625
2483,297431,127.6677165559383,6.160962158203125,1026.8270263671875
2484,297551,127.99033780975778,6.17968798828125,1029.947998046875
2485,297671,124.65030923259948,6.0241142578125,1004.01904296875
2486,297791,121.99292616751629,5.9003408203125,983.39013671875
2487,297911,127.3928965147219,6.1459453125,1024.32421875
2488,298031,133.24074590178864,6.420822509765625,1070.1370849609375
2489,298151,131.51134960669327,6.33757763671875,1056.262939453125
2490,298271,137.84457545884146,6.62695458984375,1104.492431640625
2491,298391,134.94347389384473,6.496553466796875,1082.7589111328125
2492,298511,127.26877463217568,6.141453002929688,1023.5755004882812
2493,298631,132.60442017813574,6.386315185546875,1064.3858642578125
2494,298751,130.31243012367142,6.280532958984375,1046.7554931640625
2495,298871,126.81604495666846,6.1199974365234375,1019.9995727539062
2496,298991,129.5971552512101,6.24471826171875,1040.786376953125
2497,299111,134.18083483666362,6.455240478515625,1075.8734130859375
2498,299231,126.55774103343472,6.109203369140625,1018.2005615234375
2499,299351,126.69833569710678,6.113889038085937,1018.9815063476562
2500,299471,133.08408180157645,6.40848193359375,1068.080322265625
2501,299591,130.50434379207195,6.28924658203125,1048.207763671875
2502,299711,128.47850973845877,6.195831298828125,1032.6385498046875
2503,299831,131.13692183990318,6.317266845703125,1052.8778076171875
2504,299951,126.08307039965354,6.087295166015625,1014.5491943359375
2505,300071,132.5228521517966,6.384532470703125,1064.0887451171875
2506,300191,123.28931721328135,5.958943725585938,993.1572875976562
2507,300311,125.10065129151498,6.042447509765625,1007.0745849609375
2508,300431,121.58681522840433,5.87928515625,979.880859375
2509,300551,131.75361753444517,6.34911328125,1058.185546875
2510,300671,124.02256284589487,5.990345947265625,998.3909912109375
2511,300791,131.09955664588344,6.3186357421875,1053.10595703125
2512,300911,134.05631723283162,6.449299072265625,1074.8831787109375
2513,301031,125.56745567600824,6.061644653320313,1010.2741088867188
2514,301151,130.18943611824574,6.271743896484375,1045.2906494140625
2515,301271,129.89061611971653,6.260211181640625,1043.3685302734375
2516,301391,127.33744000286325,6.145857421875,1024.3095703125
2517,301511,128.62002101198343,6.2033466796875,1033.89111328125
2518,301631,129.80696867522906,6.255957275390625,1042.6595458984375
2519,301751,129.4559856898774,6.2388427734375,1039.80712890625
2520,301871,134.69887066746554,6.48490576171875,1080.817626953125
2521,301991,125.91007842282488,6.082167846679687,1013.6946411132812
2522,302111,128.7741415412051,6.213312744140625,1035.5521240234375
2523,302231,127.11144428019294,6.137892700195312,1022.9821166992188
2524,302351,119.57349135757744,5.785665893554688,964.2776489257812
2525,302471,128.60049521868015,6.200593505859375,1033.4322509765625
2526,302591,126.25977725651322,6.09714990234375,1016.191650390625
2527,302711,132.1572880558736,6.3642275390625,1060.70458984375
2528,302831,128.23312413148338,6.185698974609375,1030.9498291015625
2529,302951,133.24185329371906,6.4155087890625,1069.25146484375
2530,303071,119.97292454966282,5.806497436523437,967.7495727539062
2531,303191,121.35368207299193,5.870973266601562,978.4955444335938
2532,303311,131.7985157039082,6.349522705078125,1058.2537841796875
2533,303431,126.2666936123855,6.095124755859375,1015.8541259765625
2534,303551,125.16077152602543,6.041338256835937,1006.8897094726562
2535,303671,125.79578011374056,6.075304321289062,1012.5507202148438
2536,303791,139.11631408065156,6.684633544921875,1114.1055908203125
2537,303911,127.44602423452595,6.15042041015625,1025.070068359375
2538,304031,121.98648582161047,5.898937133789063,983.1561889648438
2539,304151,128.7506473525154,6.20869921875,1034.783203125
2540,304271,134.40603241625618,6.4723330078125,1078.72216796875
2541,304391,123.68671943127832,5.978227294921875,996.3712158203125
2542,304511,125.80491746885043,6.077899658203125,1012.9832763671875
2543,304631,133.80128546063582,6.437118896484375,1072.8531494140625
2544,304751,118.89614680101452,5.760403930664062,960.0673217773438
2545,304871,122.73810294883086,5.935528564453125,989.2547607421875
2546,304991,122.09270906001342,5.904066650390625,984.0111083984375
2547,305111,117.9784948338267,5.717979858398437,952.9966430664062
2548,305231,124.77723523731034,6.0273284912109375,1004.5547485351562
2549,305351,131.66974528598922,6.34191796875,1056.986328125
2550,305471,125.7950355192381,6.074207153320312,1012.3678588867188
2551,305591,136.09396789694858,6.549901611328125,1091.6502685546875
2552,305711,127.16725653016658,6.133112915039063,1022.1854858398438
2553,305831,125.70690753109359,6.062200561523437,1010.3667602539062
2554,305951,122.87073193561727,5.939829345703125,989.9715576171875
2555,306071,123.70885431011045,5.973958374023438,995.6597290039062
2556,306191,132.9719132191878,6.406323486328125,1067.7205810546875
2557,306311,129.34576642645402,6.2356875,1039.28125
2558,306431,125.85843553873414,6.079955932617188,1013.3259887695312
2559,306551,130.54028777103105,6.289408447265625,1048.2347412109375
2560,306671,128.88057447946184,6.218086669921875,1036.3477783203125
2561,306791,128.46436785919272,6.19779931640625,1032.966552734375
2562,306911,123.34824602588968,5.96046240234375,993.410400390625
2563,307031,121.67890246379336,5.887065673828125,981.1776123046875
2564,307151,124.09793304344093,5.9947412109375,999.12353515625
2565,307271,129.57474464517554,6.245816162109375,1040.9693603515625
2566,307391,131.05472802641154,6.3171708984375,1052.86181640625
2567,307511,124.35933721035622,6.0105091552734375,1001.7515258789062
2568,307631,137.96729911426996,6.629003173828125,1104.8338623046875
2569,307751,125.45972382075182,6.061796630859375,1010.2994384765625
2570,307871,123.2870085838401,5.957468994140625,992.9114990234375
2571,307991,128.45165044522008,6.1932275390625,1032.20458984375
2572,308111,129.42601199499524,6.242720947265625,1040.4534912109375
2573,308231,125.94661219641769,6.07935498046875,1013.225830078125
2574,308351,133.52945456579883,6.430048828125,1071.6748046875
2575,308471,121.90532470344972,5.89684130859375,982.806884765625
2576,308591,130.00095068027042,6.2644072265625,1044.06787109375
2577,308711,127.41080401778483,6.15128173828125,1025.213623046875
2578,308831,133.90810684039573,6.443586181640625,1073.9310302734375
2579,308951,117.31916311059624,5.688173217773437,948.0288696289062
2580,309071,124.0534035780002,5.992653442382813,998.7755737304688
2581,309191,121.4118970330088,5.871794311523438,978.6323852539062
2582,309311,135.8230713560474,6.528651123046875,1088.1085205078125
2583,309431,130.78006189841696,6.30066796875,1050.111328125
2584,309551,128.56192867179652,6.20042724609375,1033.404541015625
2585,309671,119.86048904719266,5.802590698242187,967.0984497070312
2586,309791,126.24249777199105,6.095926391601562,1015.9877319335938
2587,309911,130.2586811421914,6.276620361328125,1046.1033935546875
2588,310031,124.84138846053267,6.031367797851562,1005.2279663085938
2589,310151,131.40040373887436,6.331531494140625,1055.2552490234375
2590,310271,127.23031615072865,6.141220458984375,1023.5367431640625
2591,310391,127.70777068769202,6.1657587890625,1027.62646484375
2592,310511,129.63617904865959,6.251080810546875,1041.8468017578125
2593,310631,122.4513313068118,5.922550048828125,987.0916748046875
2594,310751,127.92541869711907,6.1725908203125,1028.76513671875
2595,310871,123.18844822019736,5.951271606445313,991.8786010742188
2596,310991,126.91217677908735,6.128749877929687,1021.4583129882812
2597,311111,132.25921689990548,6.3696943359375,1061.61572265625
2598,311231,131.1983872643029,6.323637451171875,1053.9395751953125
2599,311351,121.2394006743439,5.870198364257813,978.3663940429688
2600,311471,127.4021471913769,6.148440673828125,1024.7401123046875
2601,311591,125.65795666490754,6.06941748046875,1011.569580078125
2602,311711,125.2023922293751,6.044345581054688,1007.3909301757812
2603,311831,120.3053307017999,5.823311279296875,970.5518798828125
2604,311951,126.2340110191037,6.102613403320312,1017.1022338867188
2605,312071,123.44606957664102,5.9649547119140625,994.1591186523438
2606,312191,127.78555095381947,6.1687294921875,1028.12158203125
2607,312311,120.04115021550292,5.812248413085937,968.7080688476562
2608,312431,130.9194584244253,6.31228271484375,1052.047119140625
2609,312551,123.1369158180663,5.957075317382812,992.8458862304688
2610,312671,114.70599808569504,5.567234619140625,927.8724365234375
2611,312791,128.91684989632998,6.217053955078125,1036.1756591796875
2612,312911,124.06656959624976,5.9924560546875,998.74267578125
2613,313031,120.51957979691053,5.826505004882812,971.0841674804688
2614,313151,132.57056040964804,6.386885009765625,1064.4808349609375
2615,313271,133.33671453768287,6.416055908203125,1069.3426513671875
2616,313391,127.31282009183116,6.141324462890625,1023.5540771484375
2617,313511,121.86151493615532,5.8914818115234375,981.9136352539062
2618,313631,131.6761982157978,6.348201416015625,1058.0335693359375
2619,313751,127.54322995306774,6.157810546875,1026.3017578125
2620,313871,127.2397061871489,6.137631225585937,1022.9385375976562
2621,313991,125.08974813521053,6.040578369140625,1006.7630615234375
2622,314111,129.72494515009276,6.249942626953125,1041.6571044921875
2623,314231,129.61309842709633,6.24906591796875,1041.510986328125
2624,314351,133.2098025798853,6.4145302734375,1069.08837890625
2625,314471,117.53960183584837,5.692832153320312,948.8053588867188
2626,314591,126.11509754976609,6.089747680664063,1014.9579467773438
2627,314711,133.08251971607183,6.404766357421875,1067.4610595703125
2628,314831,136.34239456177363,6.556565185546875,1092.7608642578125
2629,314951,128.52110900587277,6.202849365234375,1033.8082275390625
2630,315071,127.58866712248727,6.156172119140625,1026.0286865234375
2631,315191,129.06505008735942,6.222652587890625,1037.1087646484375
2632,315311,128.91442219943053,6.21605859375,1036.009765625
2633,315431,123.65533653183968,5.981352905273438,996.8921508789062
2634,315551,133.87864574974577,6.442500732421875,1073.7501220703125
2635,315671,135.29078443689278,6.5064375,1084.40625
2636,315791,118.56605869269292,5.739028198242187,956.5046997070312
2637,315911,123.70138064263551,5.971353149414062,995.2255249023438
2638,316031,125.39588510630946,6.056722045898438,1009.4536743164062
2639,316151,116.24745969438692,5.633924560546875,938.9874267578125
2640,316271,124.63876098412932,6.025179931640625,1004.1966552734375
2641,316391,120.73537139879286,5.840390625,973.3984375
2642,316511,127.74987672066509,6.16558740234375,1027.597900390625
2643,316631,125.68528947029,6.069226318359375,1011.5377197265625
2644,316751,131.4063252137758,6.329016357421875,1054.8360595703125
2645,316871,123.22015736003483,5.952867919921875,992.1446533203125
2646,316991,129.6113641222321,6.248719482421875,1041.4532470703125
2647,317111,121.09358560227238,5.857096801757812,976.1828002929688
2648,317231,127.41254656770327,6.152476318359375,1025.4127197265625
2649,317351,135.05591251370834,6.495374267578125,1082.5623779296875
2650,317471,122.05248280195636,5.906492431640625,984.4154052734375
2651,317591,128.70216022919104,6.20630859375,1034.384765625
2652,317711,131.94740773216196,6.355629638671875,1059.2716064453125
2653,317831,129.74520805123137,6.24862060546875,1041.436767578125
2654,317951,132.4690879813827,6.38051806640625,1063.419677734375
2655,318071,124.1568585338977,6.000374633789063,1000.0624389648438
2656,318191,123.47877589659657,5.96776318359375,994.627197265625
2657,318311,126.67961156266222,6.116911376953125,1019.4852294921875
2658,318431,127.90691486664215,6.168851806640625,1028.1419677734375
2659,318551,126.90225342068231,6.1278226318359375,1021.3037719726562
2660,318671,126.89853840367319,6.122708129882812,1020.4513549804688
2661,318791,128.1570488911398,6.183101806640625,1030.5169677734375
2662,318911,130.64526035565484,6.299265380859375,1049.8775634765625
2663,319031,130.4750600778267,6.28920263671875,1048.200439453125
2664,319151,121.98156020637516,5.898239501953125,983.0399169921875
2665,319271,121.38578314735003,5.8729969482421875,978.8328247070312
2666,319391,115.32857105651007,5.594164306640625,932.3607177734375
2667,319511,127.94894923182655,6.171506103515625,1028.5843505859375
2668,319631,129.1198276096853,6.224436767578125,1037.4061279296875
2669,319751,126.97552180287863,6.125967407226563,1020.9945678710938
2670,319871,124.9831492102835,6.037932495117188,1006.3220825195312
2671,319991,127.55860938288822,6.15427734375,1025.712890625
2672,320111,134.5203639643582,6.4764521484375,1079.40869140625
2673,320231,120.77964349611659,5.8472255859375,974.53759765625
2674,320351,124.1104980019592,5.992918579101563,998.8197631835938
2675,320471,129.32855789813686,6.23834619140625,1039.724365234375
2676,320591,131.52408807673368,6.33661669921875,1056.102783203125
2677,320711,122.42848695283656,5.926949340820313,987.8248901367188
2678,320831,134.90276392844774,6.4909248046875,1081.82080078125
2679,320951,132.09942400578592,6.364487548828125,1060.7479248046875
2680,321071,128.04051932972638,6.176813232421875,1029.4688720703125
2681,321191,127.75119879045471,6.166612060546875,1027.7686767578125
2682,321311,129.24478665140836,6.23225244140625,1038.708740234375
2683,321431,137.26230027134065,6.599551025390625,1099.9251708984375
2684,321551,130.46356441777257,6.291800537109375,1048.6334228515625
2685,321671,122.70424656643792,5.931584106445312,988.5973510742188
2686,321791,124.7652499050684,6.028384643554688,1004.7307739257812
2687,321911,128.79574879404112,6.212190673828125,1035.3651123046875
2688,322031,125.20841624875858,6.050337524414062,1008.3895874023438
2689,322151,127.54891801543808,6.153466552734375,1025.5777587890625
2690,322271,133.35213698675437,6.417551513671875,1069.5919189453125
2691,322391,129.91988480311787,6.265878662109375,1044.3131103515625
2692,322511,128.08862474763737,6.175008544921875,1029.1680908203125
2693,322631,125.80344591867421,6.072802001953125,1012.1336669921875
2694,322751,138.12799228012344,6.636498046875,1106.0830078125
2695,322871,133.4496273632376,6.423702392578125,1070.6170654296875
2696,322991,124.4084813822968,6.00746484375,1001.244140625
2697,323111,124.33438706413372,6.004726318359375,1000.7877197265625
2698,323231,123.98208928534251,5.990727905273437,998.4546508789062
2699,323351,127.05704589779924,6.13123828125,1021.873046875
2700,323471,129.0632107334219,6.22768359375,1037.947265625
2701,323591,123.18024148476606,5.95155908203125,991.926513671875
2702,323711,127.07535888922288,6.1311668701171875,1021.8611450195312
2703,323831,125.29071611307664,6.051391845703125,1008.5653076171875
2704,323951,128.1721108586627,6.18673974609375,1031.123291015625
2705,324071,135.23155382129045,6.511862548828125,1085.3104248046875
2706,324191,115.1797764702651,5.588868896484375,931.4781494140625
2707,324311,130.51387946608335,6.2946884765625,1049.11474609375
2708,324431,131.17934801683936,6.3181728515625,1053.02880859375
2709,324551,123.85836596120097,5.9870654296875,997.84423828125
2710,324671,133.2917440013033,6.412119140625,1068.6865234375
2711,324791,124.04312579624718,5.993040893554688,998.8401489257812
2712,324911,123.91831901979978,5.982116088867188,997.0193481445312
2713,325031,122.44590942198084,5.921619506835937,986.9365844726562
2714,325151,130.19379404510642,6.27967529296875,1046.612548828125
2715,325271,127.48201789013216,6.150240234375,1025.0400390625
2716,325391,123.63764403345348,5.979463256835937,996.5772094726562
2717,325511,128.72275205525594,6.20572705078125,1034.287841796875
2718,325631,129.2469555727837,6.230899658203125,1038.4832763671875
2719,325751,120.17904014554081,5.819855346679687,969.9758911132812
2720,325871,132.46566282391677,6.384156005859375,1064.0260009765625
2721,325991,127.64910067769685,6.15638525390625,1026.064208984375
2722,326111,122.53710145461076,5.922180908203125,987.0301513671875
2723,326231,127.64722450278612,6.162422607421875,1027.0704345703125
2724,326351,127.7038410867488,6.153292236328125,1025.5487060546875
2725,326471,127.43486179438976,6.148584228515625,1024.7640380859375
2726,326591,125.87645283046955,6.076494506835937,1012.7490844726562
2727,326711,129.42334960200847,6.24029296875,1040.048828125
2728,326831,119.8699188778326,5.799064086914062,966.5106811523438
2729,326951,125.09120256487148,6.044370849609375,1007.3951416015625
2730,327071,122.64540795347997,5.929203002929688,988.2005004882812
2731,327191,128.28055941630237,6.185898193359375,1030.9830322265625
2732,327311,127.28178126548126,6.1424970703125,1023.74951171875
2733,327431,131.7078609765092,6.34426904296875,1057.378173828125
2734,327551,123.402592850141,5.96611083984375,994.351806640625
2735,327671,126.35877299309512,6.098164672851563,1016.3607788085938
2736,327791,134.51232449299937,6.474611572265625,1079.1019287109375
2737,327911,124.92533467563585,6.033843017578125,1005.6405029296875
2738,328031,129.75452844261136,6.255941162109375,1042.6568603515625
2739,328151,119.70867546353185,5.795925659179687,965.9876098632812
2740,328271,128.31241725621192,6.186384521484375,1031.0640869140625
2741,328391,130.6612404947023,6.296514404296875,1049.4190673828125
2742,328511,126.91956660780293,6.123690673828125,1020.6151123046875
2743,328631,133.52684502174014,6.42695947265625,1071.159912109375
2744,328751,120.06523042094113,5.8144508056640625,969.0751342773438
2745,328871,129.8395748414848,6.255047607421875,1042.5079345703125
2746,328991,125.81212853399632,6.079584594726563,1013.2640991210938
2747,329111,124.7706923107856,6.027661743164063,1004.6102905273438
2748,329231,128.0738528245094,6.178310302734375,1029.7183837890625
2749,329351,118.83989811704858,5.754022705078125,959.0037841796875
2750,329471,121.54164914904341,5.880016479492188,980.0027465820312
2751,329591,124.95654289050577,6.0335537109375,1005.59228515625
2752,329711,127.03621155971845,6.133290161132813,1022.2150268554688
2753,329831,134.36629454972166,6.466915283203125,1077.8192138671875
2754,329951,126.22126060462026,6.092310424804688,1015.3850708007812
2755,330071,131.96310061227607,6.366810791015625,1061.1351318359375
2756,330191,134.14468505520927,6.45284765625,1075.474609375
2757,330311,119.84446314106624,5.803828491210938,967.3047485351562
2758,330431,120.12517494418839,5.813520263671875,968.9200439453125
2759,330551,123.6230336789091,5.971205932617187,995.2009887695312
2760,330671,121.34061786934572,5.873801879882812,978.9669799804688
2761,330791,122.93465317109741,5.945130615234375,990.8551025390625
2762,330911,125.11277822763446,6.042149780273437,1007.0249633789062
2763,331031,135.56800013152431,6.520544677734375,1086.7574462890625
2764,331151,127.74093927379595,6.17042724609375,1028.404541015625
2765,331271,118.97206678494506,5.76407373046875,960.678955078125
2766,331391,130.14896465788615,6.272769287109375,1045.4615478515625
2767,331511,129.11594728642112,6.228714111328125,1038.1190185546875
2768,331631,124.05020269709433,5.994373168945312,999.0621948242188
2769,331751,125.68468393215153,6.065883178710937,1010.9805297851562
2770,331871,130.84576776250788,6.305987548828125,1050.9979248046875
2771,331991,126.80800141946514,6.1221533203125,1020.35888671875
2772,332111,125.82487613027125,6.073913818359375,1012.3189697265625
2773,332231,122.67888117581586,5.931898681640625,988.6497802734375
2774,332351,129.90180027335452,6.259939453125,1043.3232421875
2775,332471,122.1212883629894,5.906185180664062,984.3641967773438
2776,332591,132.26813156765095,6.372621826171875,1062.1036376953125
2777,332711,122.89976205980608,5.939429443359375,989.9049072265625
2778,332831,131.6289719065893,6.339890625,1056.6484375
2779,332951,126.06432521923405,6.083927124023438,1013.9878540039062
2780,333071,132.95613988819116,6.403099365234375,1067.1832275390625
2781,333191,128.44709661048523,6.193529296875,1032.2548828125
2782,333311,123.42481367727711,5.965546142578125,994.2576904296875
2783,333431,121.48895779366381,5.877416748046875,979.5694580078125
2784,333551,130.84433796624376,6.308003173828125,1051.3338623046875
2785,333671,134.64607406041188,6.475638427734375,1079.2730712890625
2786,333791,120.7322809903508,5.8438974609375,973.98291015625
2787,333911,119.583820440421,5.7927685546875,965.46142578125
2788,334031,123.57472391857326,5.977708374023438,996.2847290039062
2789,334151,127.61876252445117,6.15686572265625,1026.144287109375
2790,334271,121.361352643392,5.87165478515625,978.609130859375
2791,334391,122.79949939582963,5.938064208984375,989.6773681640625
2792,334511,124.36178477600485,6.014912109375,1002.4853515625
2793,334631,122.26840166935622,5.917289794921875,986.2149658203125
2794,334751,117.59738834014479,5.698220581054687,949.7034301757812
2795,334871,124.3423940377944,6.014788330078125,1002.4647216796875
2796,334991,131.9040895657819,6.352436279296875,1058.7393798828125
2797,335111,125.37876803700726,6.056589477539062,1009.4315795898438
2798,335231,125.57902846977356,6.068263916015625,1011.3773193359375
2799,335351,124.73151242298106,6.02246484375,1003.744140625
2800,335471,128.78349705233785,6.210475341796875,1035.0792236328125
2801,335591,124.46957519830579,6.014706665039062,1002.4511108398438
2802,335711,130.2761523836304,6.278789794921875,1046.4649658203125
2803,335831,131.9574110678439,6.35646240234375,1059.410400390625
2804,335951,139.83928888696946,6.713861572265625,1118.9769287109375
2805,336071,133.30909859203652,6.419926025390625,1069.9876708984375
2806,336191,128.7640437253153,6.211762939453125,1035.2938232421875
2807,336311,128.73061888771153,6.214024658203125,1035.6707763671875
2808,336431,127.97570011219405,6.1766015625,1029.43359375
2809,336551,129.2309202907461,6.2353271484375,1039.22119140625
2810,336671,125.92509744479572,6.083582885742188,1013.9304809570312
2811,336791,125.07205689691531,6.044400512695312,1007.4000854492188
2812,336911,125.59791438293301,6.065278930664062,1010.8798217773438
2813,337031,127.97390339135275,6.17708203125,1029.513671875
2814,337151,133.69484912557652,6.43450927734375,1072.418212890625
2815,337271,133.9779887214104,6.447345703125,1074.5576171875
2816,337391,126.96653081756048,6.1272344970703125,1021.2057495117188
2817,337511,128.55824152093393,6.199987060546875,1033.3311767578125
2818,337631,128.65471239039783,6.205452392578125,1034.2420654296875
2819,337751,128.6206334057009,6.203466796875,1033.9111328125
2820,337871,129.0948552908604,6.227209716796875,1037.8682861328125
2821,337991,126.048909866312,6.08445703125,1014.076171875
2822,338111,134.10411984041517,6.459015380859375,1076.5025634765625
2823,338231,123.62614284858668,5.9751478271484375,995.8579711914062
2824,338351,127.64387746875525,6.159829833984375,1026.6383056640625
2825,338471,131.15906992231209,6.3132861328125,1052.21435546875
2826,338591,123.49087213445941,5.966642578125,994.4404296875
2827,338711,131.74361150333246,6.356181884765625,1059.3636474609375
2828,338831,129.28089177415345,6.232587158203125,1038.7645263671875
2829,338951,128.0970661018553,6.182006103515625,1030.3343505859375
2830,339071,134.14185162718414,6.459749267578125,1076.6248779296875
2831,339191,131.36532500741967,6.32965869140625,1054.943115234375
2832,339311,128.99137284696667,6.22673291015625,1037.788818359375
2833,339431,121.35113894928956,5.87551611328125,979.252685546875
2834,339551,127.49508982270342,6.15888134765625,1026.480224609375
2835,339671,130.32308096703358,6.28646484375,1047.744140625
2836,339791,123.8256516756468,5.98717236328125,997.862060546875
2837,339911,123.74902960273747,5.978179321289063,996.3632202148438
2838,340031,122.27312825568804,5.91404150390625,985.673583984375
2839,340151,119.75681796018199,5.797135986328125,966.1893310546875
2840,340271,128.5166266637173,6.197243408203125,1032.8739013671875
2841,340391,124.00450803199205,5.988066650390625,998.0111083984375
2842,340511,123.95776302762867,5.990571166992187,998.4285278320312
2843,340631,121.96678211083574,5.894026611328125,982.3377685546875
2844,340751,130.93412855619562,6.31202197265625,1052.003662109375
2845,340871,125.804408134869,6.074473388671875,1012.4122314453125
2846,340991,129.83971151254605,6.2611611328125,1043.52685546875
2847,341111,125.8260311164061,6.075918823242188,1012.6531372070312
2848,341231,122.07792749992967,5.903064697265625,983.8441162109375
2849,341351,126.43824247412176,6.1078388671875,1017.97314453125
2850,341471,130.76930553835948,6.302794189453125,1050.4656982421875
2851,341591,125.17085023487556,6.047001708984375,1007.8336181640625
2852,341711,121.6229185285316,5.884742065429688,980.7903442382812
2853,341831,126.00279209413297,6.085905395507813,1014.3175659179688
2854,341951,123.11990805226557,5.95575732421875,992.626220703125
2855,342071,130.9929496987699,6.31380615234375,1052.301025390625
2856,342191,123.97462983697184,5.990708129882813,998.4513549804688
2857,342311,118.95930133066325,5.762080444335938,960.3467407226562
2858,342431,129.8950055283304,6.2644365234375,1044.07275390625
2859,342551,130.51777806544277,6.289404052734375,1048.2340087890625
2860,342671,133.2877165673866,6.4154326171875,1069.23876953125
2861,342791,130.26007464069633,6.277383544921875,1046.2305908203125
2862,342911,121.62791226067742,5.878034545898437,979.6724243164062
2863,343031,117.045873043488,5.6773388671875,946.22314453125
2864,343151,121.74116359291344,5.884708374023438,980.7847290039062
2865,343271,128.97365072531665,6.217809814453125,1036.3016357421875
2866,343391,125.87024504606798,6.077101684570312,1012.8502807617188
2867,343511,116.51874309166703,5.650109619140625,941.6849365234375
2868,343631,133.16355398519025,6.411892822265625,1068.6488037109375
2869,343751,129.57326376661115,6.2464892578125,1041.08154296875
2870,343871,131.4410949270204,6.332328369140625,1055.3880615234375
2871,343991,123.02539387093259,5.946017944335938,991.0029907226562
2872,344111,123.13352565904202,5.953460815429687,992.2434692382812
2873,344231,129.63638344792258,6.2509482421875,1041.82470703125
2874,344351,131.67851167323025,6.34233544921875,1057.055908203125
2875,344471,126.99492664661426,6.125679565429688,1020.9465942382812
2876,344591,122.6054545854015,5.930173828125,988.3623046875
2877,344711,125.90294077810638,6.081077270507812,1013.5128784179688
2878,344831,120.7363758601011,5.844522216796875,974.0870361328125
2879,344951,136.26028388966589,6.55224169921875,1092.040283203125
2880,345071,128.26405456976488,6.18447509765625,1030.745849609375
2881,345191,119.05664491822247,5.766788818359375,961.1314697265625
2882,345311,126.86171729970755,6.12256494140625,1020.427490234375
2883,345431,129.01583105985534,6.21862939453125,1036.438232421875
2884,345551,122.56832544683442,5.92383984375,987.306640625
2885,345671,121.81069002507869,5.889113159179687,981.5188598632812
2886,345791,133.63027085657984,6.4288505859375,1071.47509765625
2887,345911,134.13760864274292,6.45007470703125,1075.012451171875
2888,346031,130.6372942935867,6.298614990234375,1049.7691650390625
2889,346151,134.54469330926474,6.47298486328125,1078.830810546875
2890,346271,123.99325443639967,5.99247802734375,998.746337890625
2891,346391,126.12458814355568,6.0880869140625,1014.68115234375
2892,346511,129.06223550223828,6.22157373046875,1036.928955078125
2893,346631,126.7122438534324,6.117489990234375,1019.5816650390625
2894,346751,122.35172513024918,5.913961303710938,985.6602172851562
2895,346871,124.32785975934964,6.005595336914062,1000.9325561523438
2896,346991,131.37901319429062,6.3246943359375,1054.11572265625
2897,347111,124.83533750713225,6.026376708984375,1004.3961181640625
2898,347231,129.64185314380586,6.247254638671875,1041.2091064453125
2899,347351,119.80776091565193,5.803441040039062,967.2401733398438
2900,347471,126.30406895357456,6.092712890625,1015.4521484375
2901,347591,129.77733270949352,6.251417724609375,1041.9029541015625
2902,347711,130.13972778319211,6.27173291015625,1045.288818359375
2903,347831,125.15030552118084,6.037805053710938,1006.3008422851562
2904,347951,130.45588300498147,6.281999267578125,1046.9998779296875
2905,348071,125.34375034047629,6.051707153320312,1008.6178588867188
2906,348191,127.18488127410403,6.136203002929688,1022.7005004882812
2907,348311,131.06103315732392,6.314952392578125,1052.4920654296875
2908,348431,126.09678025417776,6.08222900390625,1013.704833984375
2909,348551,131.33384962505016,6.32937744140625,1054.896240234375
2910,348671,123.74276052023662,5.976354858398437,996.0591430664062
2911,348791,117.07810959038565,5.674818603515625,945.8031005859375
2912,348911,121.58338278500374,5.87684033203125,979.473388671875
2913,349031,124.8697735103946,6.029809936523438,1004.9683227539062
2914,349151,127.37407393632347,6.13948681640625,1023.247802734375
2915,349271,131.0102536066754,6.311530517578125,1051.9217529296875
2916,349391,131.35158572101213,6.331174072265625,1055.1956787109375
2917,349511,119.9459682249943,5.803357177734375,967.2261962890625
2918,349631,135.48559962246273,6.518247802734375,1086.3746337890625
2919,349751,118.19584257655579,5.727132202148438,954.5220336914062
2920,349871,130.10155401666935,6.269689453125,1044.9482421875
2921,349991,123.95338638893985,5.985032958984375,997.5054931640625
2922,350111,127.63749127678442,6.1588037109375,1026.46728515625
2923,350231,136.50419536407912,6.57123046875,1095.205078125
2924,350351,128.72799956910774,6.20669384765625,1034.448974609375
2925,350471,124.26402288510937,6.003679321289063,1000.6132202148438
2926,350591,133.86338278507588,6.4390634765625,1073.17724609375
2927,350711,123.59086012545067,5.9684970703125,994.74951171875
2928,350831,123.18500553622518,5.95098486328125,991.830810546875
2929,350951,132.03415610617733,6.352081787109375,1058.6802978515625
2930,351071,127.32263779030488,6.143012329101563,1023.8353881835938
2931,351191,124.59833156414513,6.0170712890625,1002.84521484375
2932,351311,124.74070467736716,6.024270263671875,1004.0450439453125
2933,351431,124.76386324601735,6.021354125976562,1003.5590209960938
2934,351551,123.90613396785687,5.985063354492188,997.5105590820312
2935,351671,129.9015730049129,6.264908203125,1044.1513671875
2936,351791,119.87045188515111,5.805978881835937,967.6631469726562
2937,351911,129.4711224935707,6.244343994140625,1040.7239990234375
2938,352031,123.91081473486966,5.986957763671875,997.8262939453125
2939,352151,127.56897549989503,6.155635986328125,1025.9393310546875
2940,352271,124.31607287248387,6.003784790039062,1000.6307983398438
2941,352391,128.91962928603917,6.215975830078125,1035.9959716796875
2942,352511,123.88505895870809,5.989894775390625,998.3157958984375
2943,352631,130.37411073133723,6.2802919921875,1046.71533203125
2944,352751,120.08969630342558,5.814603149414062,969.1005249023438
2945,352871,131.7257419032528,6.346760009765625,1057.7933349609375
2946,352991,130.68456842934717,6.2999208984375,1049.98681640625
2947,353111,129.09375753711933,6.22187109375,1036.978515625
2948,353231,130.34660544159328,6.27884326171875,1046.473876953125
2949,353351,123.47785374490368,5.9687215576171875,994.7869262695312
2950,353471,130.59458918182847,6.294213134765625,1049.0355224609375
2951,353591,127.80378578835231,6.15976611328125,1026.627685546875
2952,353711,124.77451512190298,6.022148071289062,1003.6913452148438
2953,353831,123.82018157126525,5.983639892578125,997.2733154296875
2954,353951,121.80037205780388,5.887247680664062,981.2079467773438
2955,354071,134.1422503364418,6.4572509765625,1076.20849609375
2956,354191,127.74880535711038,6.1636552734375,1027.27587890625
2957,354311,133.3009893264914,6.414013916015625,1069.0023193359375
2958,354431,128.3414816062341,6.192022705078125,1032.0037841796875
2959,354551,133.24727376872366,6.41720068359375,1069.533447265625
2960,354671,126.91313344263303,6.12298681640625,1020.497802734375
2961,354791,132.56027472533594,6.378129638671875,1063.0216064453125
2962,354911,121.22803590544558,5.862047607421875,977.0079345703125
2963,355031,129.53270981187745,6.2428154296875,1040.46923828125
2964,355151,126.13148488297283,6.0875526123046875,1014.5921020507812
2965,355271,120.69679471753923,5.839789306640625,973.2982177734375
2966,355391,127.91513781278809,6.16568701171875,1027.614501953125
2967,355511,127.73239366702096,6.1643994140625,1027.39990234375
2968,355631,129.05960108461963,6.22194287109375,1036.990478515625
2969,355751,120.0822911773112,5.808863525390625,968.1439208984375
2970,355871,125.55293950592954,6.065526123046875,1010.9210205078125
2971,355991,131.24007111519134,6.322907958984375,1053.8179931640625
2972,356111,130.20635163970368,6.2712626953125,1045.21044921875
2973,356231,120.33308690748657,5.825139404296875,970.8565673828125
2974,356351,125.09984939158345,6.037116943359375,1006.1861572265625
2975,356471,136.16459555490502,6.54838330078125,1091.397216796875
2976,356591,131.6078071688475,6.33591064453125,1055.985107421875
2977,356711,129.61234167319404,6.248628662109375,1041.4381103515625
2978,356831,123.33153322980525,5.9555467529296875,992.5911254882812
2979,356951,131.35283288762702,6.32542236328125,1054.237060546875
2980,357071,121.29469889219672,5.872101928710937,978.6836547851562
2981,357191,126.55513123180936,6.107482177734375,1017.9136962890625
2982,357311,127.21570271241676,6.136149169921875,1022.6915283203125
2983,357431,132.01624619527348,6.357017578125,1059.5029296875
2984,357551,130.27134249652661,6.27067529296875,1045.112548828125
2985,357671,128.0835068831571,6.17683154296875,1029.471923828125
2986,357791,125.23251503015987,6.046288330078125,1007.7147216796875
2987,357911,122.15900781894308,5.9058955078125,984.31591796875
2988,358031,127.31257493997121,6.138704956054688,1023.1174926757812
2989,358151,136.81739809299054,6.578067626953125,1096.3446044921875
2990,358271,122.99303433920872,5.943939697265625,990.6566162109375
2991,358391,130.13960230410427,6.269015625,1044.8359375
2992,358511,123.6129625281543,5.976652954101563,996.1088256835938
2993,358631,129.76535617580925,6.25036083984375,1041.726806640625
2994,358751,122.76811672389947,5.929565185546875,988.2608642578125
2995,358871,123.86294964366895,5.988661376953125,998.1102294921875
2996,358991,126.41966642811586,6.10419873046875,1017.366455078125
2997,359111,124.16095856123721,5.999031372070313,999.8385620117188
2998,359231,128.09185725076003,6.17521728515625,1029.202880859375
2999,359351,123.3751285736851,5.960734130859375,993.4556884765625
3000,359471,122.71274726398279,5.929859252929687,988.3098754882812
3001,359591,122.28537012484219,5.914550903320312,985.7584838867188
3002,359711,132.11842927381343,6.3630966796875,1060.51611328125
3003,359831,124.9121141363708,6.02913427734375,1004.855712890625
3004,359951,132.09763317918242,6.365885009765625,1060.9808349609375
3005,360071,127.98449546264558,6.171016845703125,1028.5028076171875
3006,360191,127.03419767011376,6.129470947265625,1021.5784912109375
3007,360311,131.2480459019279,6.32149658203125,1053.582763671875
3008,360431,128.24937937132944,6.183837890625,1030.6396484375
3009,360551,123.49313659475769,5.967277954101562,994.5463256835938
3010,360671,129.65677345155405,6.2464892578125,1041.08154296875
3011,360791,128.63589308469182,6.2007158203125,1033.45263671875
3012,360911,120.57391585206797,5.8367548828125,972.79248046875
3013,361031,122.36013046321538,5.912368286132812,985.3947143554688
3014,361151,130.7589967019748,6.298046630859375,1049.6744384765625
3015,361271,127.20301478536423,6.138828735351563,1023.1381225585938
3016,361391,129.65289000570127,6.25053076171875,1041.755126953125
3017,361511,134.81041531129554,6.485914306640625,1080.9857177734375
3018,361631,125.79977991266361,6.070107421875,1011.6845703125
3019,361751,123.87211479951789,5.98335205078125,997.225341796875
3020,361871,122.54985999319342,5.920568481445312,986.7614135742188
3021,361991,126.11258690434558,6.085405517578125,1014.2342529296875
3022,362111,123.81567671933509,5.9800872802734375,996.6812133789062
3023,362231,128.41872396564597,6.1910419921875,1031.84033203125
3024,362351,133.54768062083616,6.42949072265625,1071.581787109375
3025,362471,128.1556213932499,6.17737939453125,1029.563232421875
3026,362591,122.33305915566964,5.914574340820312,985.7623901367188
3027,362711,135.04235919326766,6.494110107421875,1082.3516845703125
3028,362831,122.53331595929836,5.92052490234375,986.754150390625
3029,362951,126.8214971471425,6.119326171875,1019.8876953125
3030,363071,125.44958635553046,6.055270385742188,1009.2117309570312
3031,363191,133.5485247458866,6.423725830078125,1070.6209716796875
3032,363311,129.12201530815491,6.225468017578125,1037.5780029296875
3033,363431,133.95422711902884,6.443050048828125,1073.8416748046875
3034,363551,124.08583135810659,6.00040869140625,1000.068115234375
3035,363671,120.28840977382872,5.821867309570313,970.3112182617188
3036,363791,125.79757279623578,6.075463623046875,1012.5772705078125
3037,363911,127.44166240201021,6.149814697265625,1024.9691162109375
3038,364031,127.94314807213738,6.172693359375,1028.7822265625
3039,364151,119.52544974522341,5.78471337890625,964.118896484375
3040,364271,130.0681248712268,6.2691826171875,1044.86376953125
3041,364391,130.479797964821,6.28533251953125,1047.555419921875
3042,364511,129.04242524376085,6.221044921875,1036.8408203125
3043,364631,127.97704877667115,6.17269775390625,1028.782958984375
3044,364751,134.55932886483825,6.469962890625,1078.3271484375
3045,364871,124.6593070668365,6.02366748046875,1003.944580078125
3046,364991,121.75456101155694,5.88745751953125,981.242919921875
3047,365111,122.6915983378735,5.930454345703125,988.4090576171875
3048,365231,129.5774638737568,6.24401806640625,1040.669677734375
3049,365351,129.44664789589316,6.23925146484375,1039.875244140625
3050,365471,129.3161424724575,6.229978271484375,1038.3297119140625
3051,365591,134.18566078750726,6.45842578125,1076.404296875
3052,365711,134.7053673926301,6.481021728515625,1080.1702880859375
3053,365831,120.45498889065016,5.827191650390625,971.1986083984375
3054,365951,130.4723868975036,6.290520263671875,1048.4200439453125
3055,366071,129.88470543789995,6.25945751953125,1043.242919921875
3056,366191,130.02583752553932,6.270320068359375,1045.0533447265625
3057,366311,124.65537140836241,6.021182373046875,1003.5303955078125
3058,366431,128.31121897973452,6.18865283203125,1031.442138671875
3059,366551,120.78645479904914,5.839172241210938,973.1953735351562
3060,366671,124.62334202540455,6.013288696289062,1002.2147827148438
3061,366791,120.99740427201917,5.850812255859375,975.1353759765625
3062,366911,131.9230866015507,6.355844970703125,1059.3074951171875
3063,367031,123.82320868232128,5.97811083984375,996.351806640625
3064,367151,123.47423909582272,5.968248046875,994.7080078125
3065,367271,132.8123337993142,6.3885263671875,1064.75439453125
3066,367391,130.8135470617939,6.30122021484375,1050.203369140625
3067,367511,127.87645726076943,6.16672705078125,1027.787841796875
3068,367631,134.43884751970523,6.46897998046875,1078.163330078125
3069,367751,127.71219130632292,6.159749267578125,1026.6248779296875
3070,367871,125.87010427796123,6.078796875,1013.1328125
3071,367991,125.87378369571105,6.080378540039063,1013.3964233398438
3072,368111,121.85740066845655,5.8904443359375,981.74072265625
3073,368231,129.21399728025648,6.22996875,1038.328125
3074,368351,128.90917019801765,6.21452783203125,1035.754638671875
3075,368471,134.4382462528413,6.465826171875,1077.6376953125
3076,368591,125.7134850822895,6.070643188476563,1011.7738647460938
3077,368711,129.36687724581694,6.235026123046875,1039.1710205078125
3078,368831,127.59517414058959,6.154705810546875,1025.7843017578125
3079,368951,127.27185942292654,6.13694384765625,1022.823974609375
3080,369071,123.1820261285709,5.949894653320312,991.6491088867188
3081,369191,127.77626694152633,6.1621875,1027.03125
3082,369311,139.55912589913515,6.7042998046875,1117.38330078125
3083,369431,127.30608548229073,6.139720458984375,1023.2867431640625
3084,369551,125.71288542952537,6.0646556396484375,1010.7759399414062
3085,369671,124.09674099539424,5.994192260742188,999.0320434570312
3086,369791,131.46870787889617,6.32909765625,1054.849609375
3087,369911,121.20672913236086,5.863628173828125,977.2713623046875
3088,370031,129.8955575115882,6.259365234375,1043.2275390625
3089,370151,123.4222269064099,5.959436645507813,993.2394409179688
3090,370271,131.20359053001798,6.31692333984375,1052.820556640625
3091,370391,129.63595135708906,6.248314453125,1041.3857421875
3092,370511,127.34796711330267,6.14843115234375,1024.738525390625
3093,370631,124.99117314460854,6.030136962890625,1005.0228271484375
3094,370751,132.23090320002015,6.3679951171875,1061.33251953125
3095,370871,118.71966362314893,5.752333740234375,958.7222900390625
3096,370991,124.06826244197867,5.99527294921875,999.212158203125
3097,371111,134.78376319583958,6.484363037109375,1080.7271728515625
3098,371231,128.47538524725869,6.20110107421875,1033.516845703125
3099,371351,130.59023036269332,6.29050634765625,1048.417724609375
3100,371471,129.31006552593757,6.2308154296875,1038.46923828125
3101,371591,135.04029972094293,6.493957763671875,1082.3262939453125
3102,371711,124.41533034049631,6.007622314453125,1001.2703857421875
3103,371831,130.4484431106338,6.284556884765625,1047.4261474609375
3104,371951,130.1574388789844,6.27156591796875,1045.260986328125
3105,372071,120.04132098178681,5.809683837890625,968.2806396484375
3106,372191,123.29460682012964,5.959647583007812,993.2745971679688
3107,372311,129.36313158544849,6.234680419921875,1039.1134033203125
3108,372431,130.22681724703045,6.279107666015625,1046.5179443359375
3109,372551,129.26744272861023,6.231428466796875,1038.5714111328125
3110,372671,129.43726358758755,6.23270068359375,1038.783447265625
3111,372791,123.82722168941861,5.982914794921875,997.1524658203125
3112,372911,135.0457165643528,6.49594189453125,1082.656982421875
3113,373031,125.31706409245672,6.048029296875,1008.0048828125
3114,373151,125.00044480664909,6.03623583984375,1006.039306640625
3115,373271,127.89392307823202,6.16893896484375,1028.156494140625
3116,373391,132.12788457443497,6.357194091796875,1059.5323486328125
3117,373511,128.3948711643618,6.190565185546875,1031.7608642578125
3118,373631,126.95997087378237,6.123488159179687,1020.5813598632812
3119,373751,123.13513472621088,5.9467763671875,991.12939453125
3120,373871,129.3697010500078,6.238295654296875,1039.7159423828125
3121,373991,127.35302004077843,6.149328369140625,1024.8880615234375
3122,374111,133.13406690066043,6.408763916015625,1068.1273193359375
3123,374231,122.84277356784752,5.93529638671875,989.216064453125
3124,374351,121.01941380209118,5.8530860595703125,975.5143432617188
3125,374471,122.2940294338373,5.91306591796875,985.510986328125
3126,374591,131.79418496184323,6.34994677734375,1058.324462890625
3127,374711,127.34494407057204,6.142082153320312,1023.6803588867188
3128,374831,125.16072126930382,6.04100244140625,1006.833740234375
3129,374951,125.05691068458835,6.0400806884765625,1006.6801147460938
3130,375071,126.06811879160477,6.085610961914062,1014.2684936523438
3131,375191,136.90469808389997,6.581209716796875,1096.8682861328125
3132,375311,131.53847913155613,6.335135009765625,1055.8558349609375
3133,375431,136.64386868889747,6.57138427734375,1095.230712890625
3134,375551,126.83842834273975,6.12329296875,1020.548828125
3135,375671,126.8321476645749,6.119970336914062,1019.9950561523438
3136,375791,126.7602403190541,6.120376098632812,1020.0626831054688
3137,375911,125.41679908127685,6.060703491210938,1010.1172485351562
3138,376031,130.3273173578688,6.276882568359375,1046.1470947265625
3139,376151,127.96269790833014,6.17069091796875,1028.448486328125
3140,376271,130.66692269372174,6.30020068359375,1050.033447265625
3141,376391,127.4813976740705,6.1453330078125,1024.22216796875
3142,376511,132.51805050048398,6.382821533203125,1063.8035888671875
3143,376631,130.8363330445685,6.296197265625,1049.3662109375
3144,376751,127.13378731975833,6.135415649414062,1022.5692749023438
3145,376871,124.12103048666609,5.992105224609375,998.6842041015625
3146,376991,128.06096516954162,6.17426220703125,1029.043701171875
3147,377111,124.04131496537815,5.9959039306640625,999.3173217773438
3148,377231,125.774179157955,6.071427612304688,1011.9046020507812
3149,377351,126.00618281001597,6.0823828125,1013.73046875
3150,377471,129.78412153379037,6.259535888671875,1043.2559814453125
3151,377591,119.99658759496744,5.810299072265625,968.3831787109375
3152,377711,131.07782349814528,6.311845458984375,1051.9742431640625
3153,377831,131.29951862417053,6.327035888671875,1054.5059814453125
3154,377951,123.72254910656302,5.978510375976563,996.4183959960938
3155,378071,136.74116122741466,6.576864990234375,1096.1441650390625
3156,378191,126.46699562738657,6.104704467773438,1017.4507446289062
3157,378311,126.2029201620331,6.097538818359375,1016.2564697265625
3158,378431,123.95368041689308,5.987446655273438,997.9077758789062
3159,378551,125.51616360730998,6.06260302734375,1010.433837890625
3160,378671,123.95881343219997,5.9905067138671875,998.4177856445312
3161,378791,128.12634740657538,6.18091845703125,1030.153076171875
3162,378911,125.19026522435662,6.043230102539063,1007.2050170898438
3163,379031,122.34552675590669,5.914964721679688,985.8274536132812
3164,379151,130.25575127025257,6.273841552734375,1045.6402587890625
3165,379271,125.40922145573006,6.0540234375,1009.00390625
3166,379391,127.51300617348423,6.1530146484375,1025.50244140625
3167,379511,133.7490363223929,6.4366318359375,1072.77197265625
3168,379631,129.0010434499222,6.2204765625,1036.74609375
3169,379751,132.12662429283003,6.36240380859375,1060.400634765625
3170,379871,117.57152112552376,5.691023803710937,948.5039672851562
3171,379991,132.14439547457258,6.359813232421875,1059.9688720703125
3172,380111,127.12245505110099,6.139237060546875,1023.2061767578125
3173,380231,133.59216212412224,6.432760986328125,1072.1268310546875
3174,380351,135.31884448238787,6.5141982421875,1085.69970703125
3175,380471,117.92325711718303,5.7130931396484375,952.1821899414062
3176,380591,118.42155150354026,5.73259130859375,955.431884765625
3177,380711,128.72637321481653,6.206164306640625,1034.3607177734375
3178,380831,130.73059422058685,6.29899951171875,1049.833251953125
3179,380951,129.33441764786429,6.238072265625,1039.6787109375
3180,381071,124.42274895785538,6.0140126953125,1002.33544921875
3181,381191,122.76897393108055,5.937837158203125,989.6395263671875
3182,381311,131.72816191483588,6.344830078125,1057.4716796875
3183,381431,132.13335451266565,6.362603759765625,1060.4339599609375
3184,381551,122.73748581742117,5.938015869140625,989.6693115234375
3185,381671,130.492210568869,6.286940185546875,1047.8233642578125
3186,381791,124.76698521050164,6.029186645507813,1004.8644409179688
3187,381911,122.32806898535301,5.915140502929687,985.8567504882812
3188,382031,130.58893164045435,6.29276953125,1048.794921875
3189,382151,131.36549068622588,6.326972900390625,1054.4954833984375
3190,382271,137.1716588221197,6.593942138671875,1098.9903564453125
3191,382391,124.6799182540997,6.020349609375,1003.3916015625
3192,382511,138.25902808149218,6.639010986328125,1106.5018310546875
3193,382631,134.1679557992524,6.457083251953125,1076.1805419921875
3194,382751,129.5963704493898,6.245989013671875,1040.9981689453125
3195,382871,132.88955610788435,6.3988623046875,1066.47705078125
3196,382991,135.32196383843205,6.50921337890625,1084.868896484375
3197,383111,133.1714279949348,6.41015625,1068.359375
3198,383231,121.53152538568519,5.881748291015625,980.2913818359375
3199,383351,130.007559117501,6.26644482421875,1044.407470703125
3200,383471,126.78599679763693,6.125757202148438,1020.9595336914062
3201,383591,133.4529121609427,6.421207763671875,1070.2012939453125
3202,383711,130.66464158544795,6.292043701171875,1048.6739501953125
3203,383831,129.98452046951056,6.2620869140625,1043.68115234375
3204,383951,125.30633879932611,6.053361328125,1008.8935546875
3205,384071,124.95772899029546,6.035765625,1005.9609375
3206,384191,132.66265767202304,6.387397705078125,1064.5662841796875
3207,384311,130.00334182376633,6.2657109375,1044.28515625
3208,384431,131.23382556054432,6.322330078125,1053.7216796875
3209,384551,124.1987840251353,6.002123291015625,1000.3538818359375
3210,384671,128.60468803550202,6.202478759765625,1033.7464599609375
3211,384791,128.57514752939238,6.19517138671875,1032.528564453125
3212,384911,134.32864319984697,6.46295361328125,1077.158935546875
3213,385031,132.27624489905898,6.36689208984375,1061.148681640625
3214,385151,135.86381999748693,6.529787841796875,1088.2979736328125
3215,385271,127.48155098133974,6.14669970703125,1024.449951171875
3216,385391,125.63937824986728,6.0660289306640625,1011.0048217773438
3217,385511,125.96006082890484,6.083642944335938,1013.9404907226562
3218,385631,126.81343059142053,6.116228393554687,1019.3713989257812
3219,385751,124.64543452075007,6.0255322265625,1004.25537109375
3220,385871,118.07595094655022,5.721853637695313,953.6422729492188
3221,385991,128.4961845318835,6.19960107421875,1033.266845703125
3222,386111,132.2052345747885,6.368203125,1061.3671875
3223,386231,126.49673842171727,6.1119276123046875,1018.6546020507812
3224,386351,132.71130487903395,6.389612548828125,1064.9354248046875
3225,386471,128.7849088576923,6.207853271484375,1034.6422119140625
3226,386591,122.94594489073972,5.9449530029296875,990.8255004882812
3227,386711,127.68686224644082,6.1543857421875,1025.73095703125
3228,386831,125.22759393133067,6.049680908203125,1008.2801513671875
3229,386951,128.8796533542406,6.21254150390625,1035.423583984375
3230,387071,121.89101145481139,5.89413427734375,982.355712890625
3231,387191,127.93889508702728,6.17157861328125,1028.596435546875
3232,387311,127.79389829658021,6.163376220703125,1027.2293701171875
3233,387431,124.07115240490504,5.991940795898437,998.6567993164062
3234,387551,132.64596459439358,6.39224267578125,1065.373779296875
3235,387671,123.2904492860268,5.959412841796875,993.2354736328125
3236,387791,129.96382932464246,6.263640380859375,1043.9400634765625
3237,387911,124.00194771116638,5.997566528320313,999.5944213867188
3238,388031,126.62787224427186,6.109062377929687,1018.1770629882812
3239,388151,134.2843811403259,6.456038818359375,1076.0064697265625
3240,388271,132.9959229577701,6.396736083984375,1066.1226806640625
3241,388391,124.45789110366178,6.017978393554688,1002.9963989257812
3242,388511,126.3534122107437,6.103755249023438,1017.2925415039062
3243,388631,128.97509573205193,6.217401123046875,1036.2335205078125
3244,388751,128.7230802210531,6.20852783203125,1034.754638671875
3245,388871,125.90627038981359,6.077775512695313,1012.9625854492188
3246,388991,125.9187798334502,6.07679150390625,1012.798583984375
3247,389111,132.24994688178722,6.36894873046875,1061.491455078125
3248,389231,132.012995085735,6.354428466796875,1059.0714111328125
3249,389351,120.38283959301134,5.823603149414063,970.6005249023438
3250,389471,128.97014594929195,6.21141357421875,1035.235595703125
3251,389591,131.33407873370626,6.325228271484375,1054.2047119140625
3252,389711,131.2376682224139,6.32125927734375,1053.543212890625
3253,389831,129.7348910120632,6.255520751953125,1042.5867919921875
3254,389951,125.12650441815688,6.041406005859375,1006.9010009765625
3255,390071,130.29074497862334,6.277751220703125,1046.2918701171875
3256,390191,128.49581381809054,6.198460693359375,1033.0767822265625
3257,390311,131.4821746444781,6.331443603515625,1055.2406005859375
3258,390431,128.5572508086066,6.196228271484375,1032.7047119140625
3259,390551,133.67622432725676,6.4347216796875,1072.45361328125
3260,390671,124.23383649253964,6.000778930664063,1000.1298217773438
3261,390791,124.60572351171874,6.020610717773438,1003.4351196289062
3262,390911,121.56243309169518,5.880041748046875,980.0069580078125
3263,391031,116.72185329386913,5.65620263671875,942.700439453125
3264,391151,133.95433982370915,6.444489990234375,1074.0816650390625
3265,391271,127.26193317065399,6.13509375,1022.515625
3266,391391,125.95828726515958,6.077337158203125,1012.8895263671875
3267,391511,127.75350655505018,6.165551513671875,1027.5919189453125
3268,391631,123.82138270517044,5.980453857421875,996.7423095703125
3269,391751,133.29126482574094,6.41504296875,1069.173828125
3270,391871,122.90857138994294,5.939416259765625,989.9027099609375
3271,391991,123.93115735065018,5.986724853515625,997.7874755859375
3272,392111,135.52736590332367,6.514007080078125,1085.6678466796875
3273,392231,132.32227820202456,6.36729052734375,1061.215087890625
3274,392351,128.391518221446,6.191982421875,1031.9970703125
3275,392471,124.4303781857088,6.0086693115234375,1001.4448852539062
3276,392591,126.04314588167695,6.087138061523437,1014.5230102539062
3277,392711,130.40480939227803,6.279198486328125,1046.5330810546875
3278,392831,129.17456076357166,6.22570751953125,1037.617919921875
3279,392951,125.83975339451041,6.076732177734375,1012.7886962890625
3280,393071,122.26141055629279,5.909117065429688,984.8528442382812
3281,393191,130.34143490245125,6.286636962890625,1047.7728271484375
3282,393311,129.30656380608883,6.23164306640625,1038.607177734375
3283,393431,129.42163781200156,6.234755126953125,1039.1258544921875
3284,393551,119.22400520956673,5.774042724609375,962.3404541015625
3285,393671,124.29915438636058,6.001931030273438,1000.3218383789062
3286,393791,131.4665637175465,6.33755859375,1056.259765625
3287,393911,134.4203067367128,6.4665380859375,1077.75634765625
3288,394031,123.73122292170515,5.977044799804688,996.1741333007812
3289,394151,124.28546711651717,6.011407470703125,1001.9012451171875
3290,394271,122.59206480820671,5.9280966796875,988.01611328125
3291,394391,132.0740282412762,6.36030908203125,1060.051513671875
3292,394511,127.77165038569584,6.161964111328125,1026.9940185546875
3293,394631,129.61069958891474,6.2481796875,1041.36328125
3294,394751,131.30779728643157,6.324221923828125,1054.0369873046875
3295,394871,130.80261652200676,6.302704833984375,1050.4508056640625
3296,394991,139.3725966149069,6.695189208984375,1115.8648681640625
3297,395111,122.2776811903974,5.913216064453125,985.5360107421875
3298,395231,128.82711134439842,6.2092412109375,1034.87353515625
3299,395351,126.78665730275031,6.1223583984375,1020.39306640625
3300,395471,128.19900492639442,6.177251220703125,1029.5418701171875
3301,395591,124.85215813414997,6.026473388671875,1004.4122314453125
3302,395711,127.37046745332889,6.141498046875,1023.5830078125
3303,395831,127.06666489206941,6.135668701171875,1022.6114501953125
3304,395951,121.91345786371413,5.899068969726563,983.1781616210938
3305,396071,131.5839859118952,6.33744873046875,1056.241455078125
3306,396191,131.08599767203907,6.316763671875,1052.7939453125
3307,396311,130.3336331844775,6.276158935546875,1046.0264892578125
3308,396431,126.88721166836221,6.123564697265625,1020.5941162109375
3309,396551,121.6157858726383,5.881311767578125,980.2186279296875
3310,396671,133.3802669216044,6.41961474609375,1069.935791015625
3311,396791,131.0121884721428,6.311710693359375,1051.9517822265625
3312,396911,125.86500289502251,6.076203369140625,1012.7005615234375
3313,397031,117.35459736324503,5.6881962890625,948.03271484375
3314,397151,128.49909804693914,6.19913818359375,1033.189697265625
3315,397271,125.15871174262152,6.04509814453125,1007.516357421875
3316,397391,132.54748634513464,6.384687744140625,1064.1146240234375
3317,397511,127.62919970596923,6.153195556640625,1025.5325927734375
3318,397631,132.35860916533966,6.372872314453125,1062.1453857421875
3319,397751,124.17414249156158,6.00242578125,1000.404296875
3320,397871,124.26911939733344,6.00366064453125,1000.610107421875
3321,397991,130.81239236796765,6.298553466796875,1049.7589111328125
3322,398111,127.89956086925392,6.172338134765625,1028.7230224609375
3323,398231,136.71493758939556,6.572738525390625,1095.4564208984375
3324,398351,121.36979468926283,5.872451293945312,978.7418823242188
3325,398471,123.69302537975113,5.976162231445312,996.0270385742188
3326,398591,131.2691857907056,6.321632080078125,1053.6053466796875
3327,398711,123.30392492044852,5.957297241210937,992.8828735351562
3328,398831,124.01157021303261,5.996083740234375,999.3472900390625
3329,398951,127.56136545840565,6.157447265625,1026.2412109375
3330,399071,126.90800587218585,6.13010302734375,1021.683837890625
3331,399191,128.47176958877057,6.192828369140625,1032.1380615234375
3332,399311,128.38132294393216,6.191054443359375,1031.8424072265625
3333,399431,130.38274818805002,6.282484130859375,1047.0806884765625
3334,399551,129.6051137270747,6.245596435546875,1040.9327392578125
3335,399671,127.61750243765098,6.156156005859375,1026.0260009765625
3336,399791,130.4880951075001,6.28533544921875,1047.555908203125
3337,399911,123.87360804940572,5.991320434570312,998.5534057617188
3338,400031,128.24925977957452,6.18371630859375,1030.619384765625
3339,400151,129.9363435018176,6.26360009765625,1043.933349609375
3340,400271,125.11552281823353,6.047161743164063,1007.8602905273438
3341,400391,130.20007485039437,6.27273046875,1045.455078125
3342,400511,126.74349350250226,6.120025634765625,1020.0042724609375
3343,400631,128.14147955516626,6.185326171875,1030.8876953125
3344,400751,131.79102674322837,6.34330517578125,1057.217529296875
3345,400871,119.52624553452435,5.786327270507813,964.3878784179688
3346,400991,130.41758013740233,6.282136962890625,1047.0228271484375
3347,401111,138.28679631175922,6.63884619140625,1106.474365234375
3348,401231,119.1688324571545,5.777816162109375,962.9693603515625
3349,401351,125.12887509094027,6.049153198242188,1008.1921997070312
3350,401471,128.07703984966545,6.17627783203125,1029.379638671875
3351,401591,125.82549382745921,6.0732139892578125,1012.2023315429688
3352,401711,131.38239560889815,6.3276123046875,1054.60205078125
3353,401831,126.80398046767249,6.12713525390625,1021.189208984375
3354,401951,130.16481562579872,6.278447021484375,1046.4078369140625
3355,402071,132.52869507392603,6.38529052734375,1064.215087890625
3356,402191,131.71231391188022,6.3433095703125,1057.21826171875
3357,402311,134.45621271766765,6.472579833984375,1078.7633056640625
3358,402431,122.36618760252543,5.9141982421875,985.69970703125
3359,402551,130.8253939819895,6.30476513671875,1050.794189453125
3360,402671,128.69512286661566,6.198588134765625,1033.0980224609375
3361,402791,131.32517237717119,6.32545458984375,1054.242431640625
3362,402911,114.1015430334737,5.544964965820313,924.1608276367188
3363,403031,123.71562604360543,5.978833374023438,996.4722290039062
3364,403151,117.2466369525096,5.6810625,946.84375
3365,403271,127.36242428142164,6.144094482421875,1024.0157470703125
3366,403391,125.90999277611638,6.0784757080078125,1013.0792846679688
3367,403511,137.01451603119807,6.588041015625,1098.0068359375
3368,403631,123.77909160885483,5.981265747070313,996.8776245117188
3369,403751,129.53934559392263,6.24591650390625,1040.986083984375
3370,403871,120.69351429383036,5.8415767822265625,973.5961303710938
3371,403991,136.75247021585238,6.57465234375,1095.775390625
3372,404111,128.87611832306186,6.22022314453125,1036.703857421875
3373,404231,124.65403609122407,6.0232177734375,1003.86962890625
3374,404351,118.58988806698864,5.744199462890625,957.3665771484375
3375,404471,126.09013921786975,6.087462524414063,1014.5770874023438
3376,404591,133.18086619705778,6.414031494140625,1069.0052490234375
3377,404711,125.87470174200672,6.07590234375,1012.650390625
3378,404831,128.56654125667941,6.197583984375,1032.9306640625
3379,404951,123.26347580303221,5.95847314453125,993.078857421875
3380,405071,133.1990420545019,6.41198876953125,1068.664794921875
3381,405191,130.45268032774266,6.286680908203125,1047.7801513671875
3382,405311,128.120365147856,6.176468994140625,1029.4114990234375
3383,405431,124.86589861133021,6.032312255859375,1005.3853759765625
3384,405551,122.53498523579795,5.92820654296875,988.034423828125
3385,405671,124.332462631721,6.006739013671875,1001.1231689453125
3386,405791,118.16937793603248,5.72624560546875,954.374267578125
3387,405911,128.09429785895665,6.17879296875,1029.798828125
3388,406031,137.68239922766526,6.618427001953125,1103.0711669921875
3389,406151,127.3512671039718,6.139016235351563,1023.1693725585938
3390,406271,135.55063621822129,6.517965087890625,1086.3275146484375
3391,406391,128.67699447404908,6.205480224609375,1034.2467041015625
3392,406511,127.73428401469408,6.1714892578125,1028.58154296875
3393,406631,132.4153695473563,6.377093994140625,1062.8489990234375
3394,406751,129.44577141126916,6.247239990234375,1041.2066650390625
3395,406871,122.88446466449416,5.94504931640625,990.841552734375
3396,406991,131.53228658029383,6.335959716796875,1055.9932861328125
3397,407111,135.3766409195809,6.5131201171875,1085.52001953125
3398,407231,127.58420122993235,6.15646435546875,1026.077392578125
3399,407351,126.14061243421168,6.0893836669921875,1014.8972778320312
3400,407471,131.62275574332878,6.344267578125,1057.3779296875
3401,407591,129.53854333328712,6.24409716796875,1040.682861328125
3402,407711,122.48566179984414,5.9262626953125,987.71044921875
3403,407831,123.16530039797053,5.9554599609375,992.57666015625
3404,407951,122.62621232735393,5.930645141601563,988.4408569335938
3405,408071,122.01963634214177,5.904774169921875,984.1290283203125
3406,408191,131.02920768650435,6.3186005859375,1053.10009765625
3407,408311,128.31968880038175,6.19369482421875,1032.282470703125
3408,408431,122.1208206248997,5.90458447265625,984.097412109375
3409,408551,127.7522721129224,6.166943115234375,1027.8238525390625
3410,408671,126.08720232816317,6.088730712890625,1014.7884521484375
3411,408791,133.0322561947539,6.405759521484375,1067.6265869140625
3412,408911,125.77139958283054,6.073030517578125,1012.1717529296875
3413,409031,125.66475116531662,6.068801513671875,1011.4669189453125
3414,409151,127.87981047287583,6.17528173828125,1029.213623046875
3415,409271,131.699816342374,6.34749755859375,1057.916259765625
3416,409391,128.77809199010397,6.2146318359375,1035.77197265625
3417,409511,127.17562326430446,6.139708740234375,1023.2847900390625
3418,409631,128.21050886680274,6.1828916015625,1030.48193359375
3419,409751,133.74291169577714,6.43890966796875,1073.151611328125
3420,409871,130.95684982845262,6.313480224609375,1052.2467041015625
3421,409991,130.29643942128996,6.282804931640625,1047.1341552734375
3422,410111,128.4669799211109,6.19709619140625,1032.849365234375
3423,410231,120.63287121350969,5.8374521484375,972.90869140625
3424,410351,121.62184133203861,5.882649536132813,980.4415893554688
3425,410471,127.16674742197004,6.140924926757813,1023.4874877929688
3426,410591,123.12545610715952,5.953033447265625,992.1722412109375
3427,410711,126.88077386619997,6.11904931640625,1019.841552734375
3428,410831,123.69847827544169,5.976845947265625,996.1409912109375
3429,410951,136.93651815380358,6.585271728515625,1097.5452880859375
3430,411071,129.87579565614007,6.262292724609375,1043.7154541015625
3431,411191,139.4725206690916,6.700469970703125,1116.7449951171875
3432,411311,123.57797233849006,5.96614892578125,994.358154296875
3433,411431,122.96924854882053,5.944389404296875,990.7315673828125
3434,411551,125.01656480850244,6.042925415039062,1007.1542358398438
3435,411671,126.66463577546429,6.118420532226563,1019.7367553710938
3436,411791,134.82955144536618,6.491853515625,1081.9755859375
3437,411911,119.50830950405495,5.789193237304688,964.8655395507812
3438,412031,120.65184174370245,5.833468139648438,972.2446899414062
3439,412151,120.97668561096143,5.855626831054687,975.9378051757812
3440,412271,126.06847973009259,6.085922973632813,1014.3204956054688
3441,412391,131.68552799680174,6.341389892578125,1056.8983154296875
3442,412511,122.11291150516189,5.90514111328125,984.190185546875
3443,412631,123.24049261007588,5.962829223632813,993.8048706054688
3444,412751,125.16802148397421,6.0432894287109375,1007.2149047851562
3445,412871,130.7101518651529,6.301935791015625,1050.3226318359375
3446,412991,119.54801188688415,5.790975219726563,965.1625366210938
3447,413111,127.76849216482108,6.162284912109375,1027.0474853515625
3448,413231,125.29764208498767,6.0520927734375,1008.68212890625
3449,413351,125.34116934759041,6.051919921875,1008.6533203125
3450,413471,121.73879815247022,5.883426635742188,980.5711059570312
3451,413591,128.11258714470202,6.18292236328125,1030.487060546875
3452,413711,126.74381718544278,6.120796142578125,1020.1326904296875
3453,413831,130.15292335655033,6.279311279296875,1046.5518798828125
3454,413951,135.91308206280436,6.534796142578125,1089.1326904296875
3455,414071,118.58248844573109,5.746513916015625,957.7523193359375
3456,414191,129.07109401353446,6.225714111328125,1037.6190185546875
3457,414311,128.7987417260464,6.21193359375,1035.322265625
3458,414431,133.41825612778348,6.42186181640625,1070.310302734375
3459,414551,123.6272237736404,5.977422729492187,996.2371215820312
3460,414671,130.57184924269242,6.294617431640625,1049.1029052734375
3461,414791,127.52349630281596,6.153794677734375,1025.6324462890625
3462,414911,128.62321597372508,6.201084228515625,1033.5140380859375
3463,415031,130.26692281214196,6.276844482421875,1046.1407470703125
3464,415151,124.4089991231057,6.011892700195313,1001.9821166992188
3465,415271,132.40309164557388,6.375044677734375,1062.5074462890625
3466,415391,136.79990542423846,6.57442529296875,1095.737548828125
3467,415511,128.43724301429867,6.1952109375,1032.53515625
3468,415631,130.34469479783036,6.284284423828125,1047.3807373046875
3469,415751,128.1033415249025,6.17676416015625,1029.460693359375
3470,415871,135.0685161321547,6.492821044921875,1082.1368408203125
3471,415991,126.38964628390869,6.099340942382812,1016.5568237304688
3472,416111,126.14825733955325,6.089531616210937,1014.9219360351562
3473,416231,133.25478715516743,6.411756591796875,1068.6260986328125
3474,416351,125.56147465983113,6.061318359375,1010.2197265625
3475,416471,120.69524130673699,5.835448974609375,972.5748291015625
3476,416591,126.47621594723395,6.102661010742188,1017.1101684570312
3477,416711,120.34716769770768,5.824951904296875,970.8253173828125
3478,416831,134.5793229489222,6.473237548828125,1078.8729248046875
3479,416951,123.49373955639695,5.96176904296875,993.628173828125
3480,417071,131.6525708994749,6.340332275390625,1056.7220458984375
3481,417191,127.89239972501602,6.167657958984375,1027.9429931640625
3482,417311,123.71695761528596,5.981187377929688,996.8645629882812
3483,417431,130.0752580813945,6.271314697265625,1045.2191162109375
3484,417551,123.25778279893139,5.952928344726563,992.1547241210938
3485,417671,132.73405849676695,6.386101318359375,1064.3502197265625
3486,417791,126.86513594907557,6.1252247314453125,1020.8707885742188
3487,417911,131.41586733279615,6.325988525390625,1054.3314208984375
3488,418031,121.05460519202683,5.8593544921875,976.55908203125
3489,418151,127.43193735237546,6.14719921875,1024.533203125
3490,418271,129.234264060498,6.235881591796875,1039.3135986328125
3491,418391,133.3802500339873,6.416103515625,1069.3505859375
3492,418511,131.167230223685,6.31524609375,1052.541015625
3493,418631,126.64655852634546,6.111535766601563,1018.5892944335938
3494,418751,120.95709796134656,5.8521240234375,975.35400390625
3495,418871,128.51860504526724,6.196447265625,1032.7412109375
3496,418991,129.7105978918004,6.254800048828125,1042.4666748046875
3497,419111,122.58476288448344,5.930067626953125,988.3446044921875
3498,419231,129.56198021537912,6.25239404296875,1042.065673828125
3499,419351,127.50754003966347,6.150126708984375,1025.0211181640625
3500,419471,125.92098261769445,6.076112548828125,1012.6854248046875
3501,419591,126.57889873908675,6.103392700195313,1017.2321166992188
3502,419711,122.04921041462381,5.899705444335938,983.2842407226562
3503,419831,123.5110158504708,5.970699829101562,995.1166381835938
3504,419951,132.59576642838311,6.38987841796875,1064.979736328125
3505,420071,129.90968042224114,6.263704833984375,1043.9508056640625
3506,420191,118.88509124717253,5.7610843505859375,960.1807250976562
3507,420311,132.9256851212853,6.406393798828125,1067.7322998046875
3508,420431,127.12882993555861,6.138784423828125,1023.1307373046875
3509,420551,121.04864066147627,5.8587275390625,976.45458984375
3510,420671,122.49522078509595,5.923892944335938,987.3154907226562
3511,420791,131.19832130993353,6.321409423828125,1053.5682373046875
3512,420911,121.01362213122684,5.861820922851562,976.9701538085938
3513,421031,123.45183368681572,5.967655517578125,994.6092529296875
3514,421151,125.08086846426345,6.040193115234375,1006.6988525390625
3515,421271,128.96138592754684,6.222380126953125,1037.0633544921875
3516,421391,126.65458258147649,6.115562255859375,1019.2603759765625
3517,421511,125.68793593983483,6.0706981201171875,1011.7830200195312
3518,421631,128.59327470376445,6.199951904296875,1033.3253173828125
3519,421751,121.64014678373178,5.8816768798828125,980.2794799804688
3520,421871,118.3043548747249,5.73282568359375,955.470947265625
3521,421991,124.50653176333951,6.013494140625,1002.2490234375
3522,422111,125.73391719173033,6.076546508789063,1012.7577514648438
3523,422231,119.36962771444337,5.7842340087890625,964.0390014648438
3524,422351,120.39737355680113,5.825307495117188,970.8845825195312
3525,422471,130.47037145443676,6.28976953125,1048.294921875
3526,422591,131.37598948472524,6.330359619140625,1055.0599365234375
3527,422711,122.79046241052416,5.937100341796875,989.5167236328125
3528,422831,125.99920332577878,6.0834371337890625,1013.9061889648438
3529,422951,124.12579949880023,6.000177978515625,1000.0296630859375
3530,423071,120.41086120128097,5.827441040039062,971.2401733398438
3531,423191,128.34967504461844,6.19363623046875,1032.272705078125
3532,423311,128.54773979945085,6.202450927734375,1033.7418212890625
3533,423431,124.81398959367851,6.025894775390625,1004.3157958984375
3534,423551,128.63344008664492,6.208853759765625,1034.8089599609375
3535,423671,125.41317724727065,6.055769165039062,1009.2948608398438
3536,423791,122.72376990025425,5.936552856445313,989.4254760742188
3537,423911,118.6147899875041,5.745843017578125,957.6405029296875
3538,424031,124.1873263580896,6.003148315429687,1000.5247192382812
3539,424151,124.6057185582489,6.021239135742188,1003.5398559570312
3540,424271,132.39078169291471,6.376257568359375,1062.7095947265625
3541,424391,124.08397520843852,5.994269897460938,999.0449829101562
3542,424511,125.5501674398781,6.064743896484375,1010.7906494140625
3543,424631,123.94020484109558,5.995090942382813,999.1818237304688
3544,424751,124.0422797645486,5.993624633789063,998.9374389648438
3545,424871,129.55458832711025,6.25572216796875,1042.620361328125
3546,424991,128.5832310319605,6.20370849609375,1033.951416015625
3547,425111,129.09778400674116,6.2356845703125,1039.28076171875
3548,425231,130.30588953075437,6.280912353515625,1046.8187255859375
3549,425351,123.6661862375766,5.978963012695313,996.4938354492188
3550,425471,133.6476481888905,6.441271728515625,1073.5452880859375
3551,425591,122.06739534690388,5.906460571289062,984.4100952148438
3552,425711,124.2385812405911,6.008963012695313,1001.4938354492188
3553,425831,116.90046860019014,5.669594604492188,944.9324340820312
3554,425951,125.47291279369828,6.062696411132812,1010.4494018554688
3555,426071,126.46300986933208,6.1005487060546875,1016.7581176757812
3556,426191,127.19235827750379,6.1446328125,1024.10546875
3557,426311,117.70358787557404,5.7114759521484375,951.9126586914062
3558,426431,125.22933072088095,6.054056030273437,1009.0093383789062
3559,426551,123.80178141693553,5.989137084960937,998.1895141601562
3560,426671,122.18455080599568,5.911853393554687,985.3088989257812
3561,426791,130.6746521644035,6.2984296875,1049.73828125
3562,426911,127.48109733505356,6.149905517578125,1024.9842529296875
3563,427031,127.4294581435552,6.15196142578125,1025.326904296875
3564,427151,120.2955914702648,5.82281396484375,970.468994140625
3565,427271,125.00455901449675,6.03654638671875,1006.091064453125
3566,427391,128.52994947757568,6.19510986328125,1032.518310546875
3567,427511,121.861202146958,5.893977172851563,982.3295288085938
3568,427631,132.5574489914253,6.384709716796875,1064.1182861328125
3569,427751,129.44833389974983,6.236073486328125,1039.3455810546875
3570,427871,126.07585132228138,6.092124755859375,1015.3541259765625
3571,427991,123.88531811722036,5.989235595703125,998.2059326171875
3572,428111,129.9171298579535,6.2615771484375,1043.59619140625
3573,428231,134.01125545043482,6.4566650390625,1076.11083984375
3574,428351,125.34664588658106,6.055365966796875,1009.2276611328125
3575,428471,123.29383335771365,5.96222607421875,993.704345703125
3576,428591,131.43888077123134,6.336173583984375,1056.0289306640625
3577,428711,121.82631112684052,5.890991088867188,981.8318481445312
3578,428831,124.97402777078472,6.044643676757812,1007.4406127929688
3579,428951,123.37498229927135,5.9598673095703125,993.3112182617188
3580,429071,128.34390623661707,6.194126220703125,1032.3543701171875
3581,429191,125.71555208794598,6.070106689453125,1011.6844482421875
3582,429311,129.32867263295879,6.24273193359375,1040.455322265625
3583,429431,122.95054171085857,5.94839501953125,991.399169921875
3584,429551,125.3927177109974,6.05911083984375,1009.851806640625
3585,429671,120.76858532243317,5.846164672851563,974.3607788085938
3586,429791,125.87373437432133,6.079857421875,1013.3095703125
3587,429911,129.1527972220958,6.22865478515625,1038.109130859375
3588,430031,131.6119093362413,6.33555029296875,1055.925048828125
3589,430151,124.33670199170379,6.00988623046875,1001.647705078125
3590,430271,127.70011375523379,6.160305908203125,1026.7176513671875
3591,430391,126.68140658979675,6.117801635742188,1019.6336059570312
3592,430511,126.39729215516203,6.102747436523438,1017.1245727539062
3593,430631,125.24758554141762,6.048526611328125,1008.0877685546875
3594,430751,124.90629443299332,6.0295576171875,1004.92626953125
3595,430871,130.2704627069756,6.278795654296875,1046.4659423828125
3596,430991,128.06165161339266,6.181453125,1030.2421875
3597,431111,129.85803134462753,6.266612548828125,1044.4354248046875
3598,431231,127.46299771122113,6.15165087890625,1025.275146484375
3599,431351,133.57389947258395,6.430012939453125,1071.6688232421875
3600,431471,123.16906647131425,5.955188598632812,992.5314331054688
3601,431591,127.62994440112578,6.161679931640625,1026.9466552734375
3602,431711,125.35279721687814,6.0571376953125,1009.52294921875
3603,431831,121.04756464237181,5.859119384765625,976.5198974609375
3604,431951,129.4865972273725,6.245022216796875,1040.8370361328125
3605,432071,131.7867333579158,6.349387939453125,1058.2313232421875
3606,432191,128.34833372548124,6.192583740234375,1032.0972900390625
3607,432311,127.94668543729088,6.170908447265625,1028.4847412109375
3608,432431,120.42856352485879,5.8300191650390625,971.6698608398438
3609,432551,126.6913289074154,6.1132005615234375,1018.8667602539062
3610,432671,126.88160779307404,6.126851806640625,1021.1419677734375
3611,432791,126.15576643891491,6.0959234619140625,1015.9872436523438
3612,432911,125.37636067528658,6.05774267578125,1009.623779296875
3613,433031,125.82859965816273,6.0787943115234375,1013.1323852539062
3614,433151,124.18277963103608,6.001400390625,1000.2333984375
3615,433271,127.85046635615856,6.17164013671875,1028.606689453125
3616,433391,134.6358877843301,6.478963623046875,1079.8272705078125
3617,433511,127.32866178655772,6.14530224609375,1024.217041015625
3618,433631,131.7483504111495,6.349900634765625,1058.3167724609375
3619,433751,134.39719454581433,6.4692041015625,1078.20068359375
3620,433871,132.10213273660287,6.3671044921875,1061.18408203125
3621,433991,132.10771865580358,6.3654814453125,1060.91357421875
3622,434111,130.04107188708187,6.266694580078125,1044.4490966796875
3623,434231,126.92453541877443,6.130060180664063,1021.6766967773438
3624,434351,124.70278477081102,6.025560424804688,1004.2600708007812
3625,434471,127.28692308171466,6.147104736328125,1024.5174560546875
3626,434591,122.92188597854434,5.950564819335938,991.7608032226562
3627,434711,125.41610304715084,6.060068481445312,1010.0114135742188
3628,434831,128.5728507101497,6.20265673828125,1033.776123046875
3629,434951,121.26582767029402,5.870898193359375,978.4830322265625
3630,435071,132.1865894370186,6.36927099609375,1061.545166015625
3631,435191,122.31692578581169,5.918166137695312,986.3610229492188
3632,435311,129.2834521838119,6.237164794921875,1039.5274658203125
3633,435431,128.12882102089344,6.184408447265625,1030.7347412109375
3634,435551,121.14968399977319,5.86163232421875,976.938720703125
3635,435671,126.94333981398022,6.12503759765625,1020.839599609375
3636,435791,125.30952363447237,6.052513916015625,1008.7523193359375
3637,435911,123.73289880220011,5.98183154296875,996.971923828125
3638,436031,123.81382457079417,5.986119140625,997.6865234375
3639,436151,132.73745967333625,6.39473876953125,1065.789794921875
3640,436271,126.46715346095269,6.1075751953125,1017.92919921875
3641,436391,122.92394841135129,5.9442685546875,990.71142578125
3642,436511,132.16018377855085,6.3631962890625,1060.53271484375
3643,436631,126.20588310049999,6.094397827148438,1015.7329711914062
3644,436751,126.08911920258828,6.09182958984375,1015.304931640625
3645,436871,133.75646216317767,6.440120361328125,1073.3533935546875
3646,436991,123.10450419901801,5.9524603271484375,992.0767211914062
3647,437111,130.350351180681,6.285071044921875,1047.5118408203125
3648,437231,121.25994368572854,5.87255126953125,978.758544921875
3649,437351,115.31811890375954,5.602469604492187,933.7449340820312
3650,437471,131.60976524239624,6.33851220703125,1056.418701171875
3651,437591,122.65761711378757,5.933004272460938,988.8340454101562
3652,437711,126.76184024385272,6.122698974609375,1020.4498291015625
3653,437831,129.02210245421858,6.22060986328125,1036.768310546875
3654,437951,123.20622532334781,5.9575521240234375,992.9253540039062
3655,438071,127.79739440758354,6.164687255859375,1027.4478759765625
3656,438191,129.61452538658938,6.255552978515625,1042.5921630859375
3657,438311,129.49661129775834,6.249267333984375,1041.5445556640625
3658,438431,131.83270747820018,6.353107177734375,1058.8511962890625
3659,438551,127.86194540069127,6.17130615234375,1028.551025390625
3660,438671,132.51961974050639,6.383299072265625,1063.8831787109375
3661,438791,128.45180163911556,6.19939306640625,1033.232177734375
3662,438911,128.93182111910673,6.21689794921875,1036.149658203125
3663,439031,130.51967333767996,6.289805419921875,1048.3009033203125
3664,439151,122.20895797345756,5.912981689453125,985.4969482421875
3665,439271,129.86291000820785,6.2642783203125,1044.04638671875
3666,439391,120.03387264805318,5.815128662109375,969.1881103515625
3667,439511,130.10352487368218,6.27098291015625,1045.163818359375
3668,439631,133.44979317677047,6.42784716796875,1071.307861328125
3669,439751,126.72813700564231,6.116273071289062,1019.3788452148438
3670,439871,125.34940211074911,6.058178100585938,1009.6963500976562
3671,439991,116.31552223701006,5.639805908203125,939.9676513671875
3672,440111,127.97804457799752,6.175433349609375,1029.2388916015625
3673,440231,129.56443947961327,6.24867626953125,1041.446044921875
3674,440351,128.8108619727244,6.219018310546875,1036.5030517578125
3675,440471,124.0658347331299,5.999156982421875,999.8594970703125
3676,440591,126.63564489787193,6.119140502929688,1019.8567504882812
3677,440711,127.92310085617153,6.179350341796875,1029.8917236328125
3678,440831,131.32087968491956,6.325787109375,1054.2978515625
3679,440951,128.5762625492051,6.20413330078125,1034.022216796875
3680,441071,136.47256463618254,6.563432373046875,1093.9053955078125
3681,441191,124.28649541261834,6.007751586914062,1001.2919311523438
3682,441311,120.00880068740412,5.810930419921875,968.4884033203125
3683,441431,127.50642671091552,6.156228515625,1026.0380859375
3684,441551,123.6351523266047,5.9779599609375,996.32666015625
3685,441671,129.63939850390648,6.25201171875,1042.001953125
3686,441791,120.56606821625701,5.838671630859375,973.1119384765625
3687,441911,126.76768723223738,6.118761474609375,1019.7935791015625
3688,442031,125.95986931508929,6.082789672851563,1013.7982788085938
3689,442151,128.84222488643653,6.215771484375,1035.9619140625
3690,442271,125.07616603838807,6.050289916992187,1008.3816528320312
3691,442391,128.94142659500395,6.2258173828125,1037.63623046875
3692,442511,121.81024842187911,5.891479614257812,981.9132690429688
3693,442631,122.43446042026002,5.9287705078125,988.12841796875
3694,442751,122.4364246078281,5.920085815429688,986.6809692382812
3695,442871,128.8320102445721,6.214171142578125,1035.6951904296875
3696,442991,128.9922909396362,6.22179931640625,1036.966552734375
3697,443111,131.07555679333333,6.318062255859375,1053.0103759765625
3698,443231,126.85659047101231,6.130078857421875,1021.6798095703125
3699,443351,124.98425520101864,6.03900439453125,1006.500732421875
3700,443471,133.42448073397833,6.422388427734375,1070.3980712890625
3701,443591,129.6604653725369,6.25443896484375,1042.406494140625
3702,443711,123.06347807227175,5.95094677734375,991.824462890625
3703,443831,130.4181628873454,6.288906005859375,1048.1510009765625
3704,443951,126.86254437117952,6.123747436523438,1020.6245727539062
3705,444071,133.31672292816347,6.414929443359375,1069.1549072265625
3706,444191,134.70788576746784,6.48417333984375,1080.695556640625
3707,444311,126.6775490985886,6.112640991210937,1018.7734985351562
3708,444431,126.69203248198698,6.1125439453125,1018.75732421875
3709,444551,123.60183930484516,5.972763427734375,995.4605712890625
3710,444671,135.18066267172316,6.505707275390625,1084.2845458984375
3711,444791,128.77716936159382,6.210570556640625,1035.0950927734375
3712,444911,136.7093179512214,6.577305908203125,1096.2176513671875
3713,445031,132.88992541062785,6.405053466796875,1067.5089111328125
3714,445151,128.22845987521458,6.184109619140625,1030.6849365234375
3715,445271,127.17136967335624,6.146477783203125,1024.4129638671875
3716,445391,122.42211022539595,5.927419921875,987.9033203125
3717,445511,123.93078288785819,5.99220556640625,998.700927734375
3718,445631,121.527451038255,5.878157958984375,979.6929931640625
3719,445751,123.6709392963979,5.979155639648438,996.5259399414062
3720,445871,123.7845607437931,5.981476318359375,996.9127197265625
3721,445991,123.54345978503981,5.96857470703125,994.762451171875
3722,446111,138.0968863227798,6.63772412109375,1106.287353515625
3723,446231,124.76798802385487,6.030476806640625,1005.0794677734375
3724,446351,128.83534459490585,6.214213623046875,1035.7022705078125
3725,446471,126.66864138157445,6.118185424804688,1019.6975708007812
3726,446591,130.72334761361947,6.30112939453125,1050.188232421875
3727,446711,124.21771218428137,6.001840209960937,1000.3067016601562
3728,446831,122.78125016914962,5.936332397460937,989.3887329101562
3729,446951,125.35722088338775,6.057869384765625,1009.6448974609375
3730,447071,133.22581065915284,6.412345458984375,1068.7242431640625
3731,447191,131.0215804260302,6.313836181640625,1052.3060302734375
3732,447311,136.0605162913664,6.54660498046875,1091.100830078125
3733,447431,125.21762241054711,6.050134643554688,1008.3557739257812
3734,447551,128.8707563809475,6.2162783203125,1036.04638671875
3735,447671,124.42733561985578,6.010416870117187,1001.7361450195312
3736,447791,127.10846356656009,6.1360546875,1022.67578125
3737,447911,122.5962600406154,5.930948364257812,988.4913940429688
3738,448031,132.19589706797495,6.366867919921875,1061.1446533203125
3739,448151,130.44455916455644,6.28692626953125,1047.821044921875
3740,448271,132.4253467302159,6.376412109375,1062.7353515625
3741,448391,121.1141982214159,5.861533813476562,976.9223022460938
3742,448511,127.22385435186459,6.145070068359375,1024.1783447265625
3743,448631,130.30422537340996,6.28248193359375,1047.080322265625
3744,448751,123.40281961029766,5.96047705078125,993.412841796875
3745,448871,128.2078698428005,6.18540234375,1030.900390625
3746,448991,123.01212497683996,5.949707153320312,991.6178588867188
3747,449111,127.33932590682616,6.142675048828125,1023.7791748046875
3748,449231,132.9748325698773,6.40384716796875,1067.307861328125
3749,449351,122.74284765125546,5.937734252929688,989.6223754882812
3750,449471,126.39263725059654,6.10362158203125,1017.270263671875
3751,449591,123.43428790881521,5.962788940429688,993.7981567382812
3752,449711,137.46988423726899,6.609572021484375,1101.5953369140625
3753,449831,123.81043302132662,5.983206665039062,997.2011108398438
3754,449951,131.97143463005838,6.358505126953125,1059.7508544921875
3755,450071,125.19944393966853,6.051442749023438,1008.5737915039062
3756,450191,127.38238609186236,6.149559814453125,1024.9266357421875
3757,450311,136.2720814751724,6.551698974609375,1091.9498291015625
3758,450431,128.56788122469686,6.199781982421875,1033.2969970703125
3759,450551,120.89037245834957,5.851769165039062,975.2948608398438
3760,450671,124.7968319111709,6.02522021484375,1004.203369140625
3761,450791,128.00899983552102,6.171289306640625,1028.5482177734375
3762,450911,127.21109500987293,6.13864306640625,1023.107177734375
3763,451031,122.01062322731146,5.908883422851562,984.8139038085938
3764,451151,131.8596129202313,6.3527021484375,1058.78369140625
3765,451271,124.53636421533484,6.019320190429688,1003.2200317382812
3766,451391,128.97174911470765,6.221464599609375,1036.9107666015625
3767,451511,130.20396351903815,6.2757041015625,1045.95068359375
3768,451631,131.08066034731897,6.314660888671875,1052.4434814453125
3769,451751,124.80964986355542,6.025766967773437,1004.2944946289062
3770,451871,133.22006273923063,6.417432861328125,1069.5721435546875
3771,451991,128.75552577287783,6.212895263671875,1035.4825439453125
3772,452111,125.12552558426643,6.0423193359375,1007.05322265625
3773,452231,128.73045323257784,6.21129638671875,1035.216064453125
3774,452351,115.63979008813897,5.610992797851562,935.1654663085938
3775,452471,133.13872060183795,6.41236962890625,1068.728271484375
3776,452591,128.33683048077148,6.19036083984375,1031.726806640625
3777,452711,130.8655951454281,6.302625732421875,1050.4376220703125
3778,452831,123.8792078183174,5.991412719726562,998.5687866210938
3779,452951,123.95340766052738,5.990278564453125,998.3797607421875
3780,453071,124.17176625687586,6.0067554931640625,1001.1259155273438
3781,453191,140.55493296340802,6.747063720703125,1124.5106201171875
3782,453311,130.03311724055203,6.267933837890625,1044.6556396484375
3783,453431,128.54623472954438,6.1990869140625,1033.18115234375
3784,453551,131.77753206934813,6.346482421875,1057.7470703125
3785,453671,134.400641869203,6.46641943359375,1077.736572265625
3786,453791,126.56186128230068,6.114327392578125,1019.0545654296875
3787,453911,125.06266491091306,6.040695556640625,1006.7825927734375
3788,454031,129.07966304449621,6.225538330078125,1037.5897216796875
3789,454151,131.0424833874637,6.316237060546875,1052.7061767578125
3790,454271,126.32385853671164,6.097723388671875,1016.2872314453125
3791,454391,130.99954212919187,6.315353759765625,1052.5589599609375
3792,454511,125.9213958347498,6.082439575195313,1013.7399291992188
3793,454631,124.22628036932554,6.007232299804688,1001.2053833007812
3794,454751,133.68108791478437,6.4364765625,1072.74609375
3795,454871,129.39019446132048,6.240340576171875,1040.0567626953125
3796,454991,130.80637650607395,6.30359912109375,1050.599853515625
3797,455111,122.4983874903879,5.92687060546875,987.811767578125
3798,455231,130.04526208719608,6.271427490234375,1045.2379150390625
3799,455351,124.96111254597257,6.041660522460938,1006.9434204101562
3800,455471,124.43103712187926,6.016178466796875,1002.6964111328125
3801,455591,128.1494272153714,6.17970263671875,1029.950439453125
3802,455711,123.49111490582656,5.972692016601562,995.4486694335938
3803,455831,134.0468101757332,6.447640869140625,1074.6068115234375
3804,455951,126.03206496017387,6.090492553710938,1015.0820922851562
3805,456071,130.91729759528593,6.3091875,1051.53125
3806,456191,123.31131762740108,5.962026489257813,993.6710815429688
3807,456311,128.39857606722774,6.197132080078125,1032.8553466796875
3808,456431,127.36994247268449,6.146467529296875,1024.4112548828125
3809,456551,134.94655692298858,6.5002470703125,1083.37451171875
3810,456671,132.85866832137032,6.399580810546875,1066.5968017578125
3811,456791,130.775887057799,6.299766357421875,1049.9610595703125
3812,456911,127.67157847258457,6.163677978515625,1027.2796630859375
3813,457031,130.5789356461921,6.29321923828125,1048.869873046875
3814,457151,126.02369426422504,6.084784057617187,1014.1306762695312
3815,457271,139.2994013945102,6.694517578125,1115.7529296875
3816,457391,131.16101879667397,6.32099853515625,1053.499755859375
3817,457511,133.2172625745989,6.414221923828125,1069.0369873046875
3818,457631,128.95407970181452,6.225794677734375,1037.6324462890625
3819,457751,125.85148070016781,6.080976928710937,1013.4961547851562
3820,457871,124.66906582357622,6.024476806640625,1004.0794677734375
3821,457991,121.78294585734365,5.8903681640625,981.72802734375
3822,458111,128.0535756247209,6.17971875,1029.953125
3823,458231,122.20499802439281,5.911395629882812,985.2326049804688
3824,458351,125.28715415445807,6.05463427734375,1009.105712890625
3825,458471,126.99774241945443,6.1284931640625,1021.41552734375
3826,458591,126.30078824259708,6.097888916015625,1016.3148193359375
3827,458711,126.85429423380434,6.123145385742188,1020.5242309570312
3828,458831,130.19683793602516,6.274294921875,1045.7158203125
3829,458951,134.52301631429452,6.474334716796875,1079.0557861328125
3830,459071,129.8077969601252,6.2556884765625,1042.61474609375
3831,459191,123.12347539129837,5.954700073242187,992.4500122070312
3832,459311,134.6421944305025,6.48131689453125,1080.219482421875
3833,459431,128.6174277195084,6.209521728515625,1034.9202880859375
3834,459551,119.34114580087112,5.782709838867188,963.7849731445312
3835,459671,125.70741051988293,6.071630493164062,1011.9384155273438
3836,459791,128.25573352553002,6.19051171875,1031.751953125
3837,459911,132.29513997793114,6.372473876953125,1062.0789794921875
3838,460031,123.32261191695015,5.960626098632813,993.4376831054688
3839,460151,124.41531609065981,6.017551391601563,1002.9252319335938
3840,460271,132.53193122758344,6.385169677734375,1064.1949462890625
3841,460391,134.36589321981384,6.471366943359375,1078.5611572265625
3842,460511,133.1463832987119,6.40910595703125,1068.184326171875
3843,460631,129.87427688879907,6.2612314453125,1043.53857421875
3844,460751,131.59460165178052,6.335737060546875,1055.9561767578125
3845,460871,128.12827436624173,6.1803193359375,1030.05322265625
3846,460991,134.65295078912033,6.477892822265625,1079.6488037109375
3847,461111,129.85226333751484,6.2606630859375,1043.44384765625
3848,461231,125.13852984889301,6.04332568359375,1007.220947265625
3849,461351,130.50226637742372,6.289707275390625,1048.2845458984375
3850,461471,128.7304734264004,6.212993408203125,1035.4989013671875
3851,461591,126.55424703144881,6.113409301757812,1018.9015502929688
3852,461711,125.8204923468467,6.080208251953125,1013.3680419921875
3853,461831,125.06670372050456,6.041944702148437,1006.9907836914062
3854,461951,133.09259688628458,6.409497802734375,1068.2496337890625
3855,462071,122.97223372215133,5.9484188232421875,991.4031372070312
3856,462191,130.31859595085922,6.283188720703125,1047.1981201171875
3857,462311,124.60948913126808,6.022843505859375,1003.8072509765625
3858,462431,130.52467164998762,6.295130859375,1049.1884765625
3859,462551,124.86502876093238,6.032905151367188,1005.4841918945312
3860,462671,130.13925797192204,6.275906982421875,1045.9844970703125
3861,462791,128.25619307018502,6.1860146484375,1031.00244140625
3862,462911,134.14092109889737,6.456233642578125,1076.0389404296875
3863,463031,126.77615124517418,6.117835693359375,1019.6392822265625
3864,463151,127.94404401789879,6.178257568359375,1029.7095947265625
3865,463271,118.23581857547799,5.728377319335937,954.7295532226562
3866,463391,130.82568511825036,6.30593701171875,1050.989501953125
3867,463511,132.72724119826105,6.394660400390625,1065.7767333984375
3868,463631,125.9213150976712,6.082317626953125,1013.7196044921875
3869,463751,132.04661870382793,6.362912109375,1060.4853515625
3870,463871,120.48282041660646,5.836585327148438,972.7642211914062
3871,463991,125.91182695252206,6.081931274414062,1013.6552124023438
3872,464111,126.39659283733474,6.1011939697265625,1016.8656616210938
3873,464231,134.01899322148097,6.45059326171875,1075.098876953125
3874,464351,128.71071876903073,6.20925,1034.875
3875,464471,124.39360281233279,6.01548486328125,1002.580810546875
3876,464591,129.91754294651452,6.26226416015625,1043.710693359375
3877,464711,126.63598850298096,6.113454711914063,1018.9091186523438
3878,464831,125.00715310747982,6.046855224609375,1007.8092041015625
3879,464951,131.63790358809064,6.345860595703125,1057.6434326171875
3880,465071,121.82511917464639,5.8938621826171875,982.3103637695312
3881,465191,126.62147702295344,6.113647338867188,1018.9412231445312
3882,465311,128.58912797886768,6.20066455078125,1033.444091796875
3883,465431,125.75032338254967,6.072841186523437,1012.1401977539062
3884,465551,119.86117717928417,5.8044759521484375,967.4126586914062
3885,465671,121.24396099650066,5.873477783203125,978.9129638671875
3886,465791,128.44203696713586,6.197258056640625,1032.8763427734375
3887,465911,124.18323475658413,6.009789184570312,1001.6315307617188
3888,466031,131.17815648150352,6.316371826171875,1052.7286376953125
3889,466151,136.54337553958612,6.56766357421875,1094.610595703125
3890,466271,132.06033162586476,6.364604736328125,1060.7674560546875
3891,466391,128.44509658539027,6.196960693359375,1032.8267822265625
3892,466511,128.19812254403337,6.1850830078125,1030.84716796875
3893,466631,126.33562074427005,6.09921240234375,1016.535400390625
3894,466751,129.97053855074435,6.267109130859375,1044.5181884765625
3895,466871,131.92789681787917,6.35362353515625,1058.937255859375
3896,466991,126.18519196150451,6.093685913085937,1015.6143188476562
3897,467111,128.76282573016073,6.21191162109375,1035.318603515625
3898,467231,126.20629080002433,6.091947875976563,1015.3246459960938
3899,467351,126.62139406099811,6.11273291015625,1018.788818359375
3900,467471,118.01304183329306,5.725107788085937,954.1846313476562
3901,467591,122.60492197323022,5.926630737304688,987.7717895507812
3902,467711,121.53301513824178,5.882760498046875,980.4600830078125
3903,467831,118.15310680676205,5.7204261474609375,953.4043579101562
3904,467951,122.17823009057248,5.912246337890625,985.3743896484375
3905,468071,129.42099127045353,6.243377197265625,1040.5628662109375
3906,468191,125.61642714351544,6.06376318359375,1010.627197265625
3907,468311,123.00503275530995,5.947825561523437,991.3042602539062
3908,468431,130.51830253079805,6.291280517578125,1048.5467529296875
3909,468551,134.41699222495976,6.468778564453125,1078.1297607421875
3910,468671,122.28532603235902,5.9129150390625,985.48583984375
3911,468791,125.54993597822946,6.065640747070312,1010.9401245117188
3912,468911,128.2220514866537,6.1850302734375,1030.83837890625
3913,469031,130.3822074827567,6.28490478515625,1047.484130859375
3914,469151,122.3382874386469,5.919567626953125,986.5946044921875
3915,469271,126.68738479736412,6.114023071289062,1019.0038452148438
3916,469391,121.04439160828676,5.86071533203125,976.785888671875
3917,469511,137.27646633518887,6.59443505859375,1099.072509765625
3918,469631,132.19017677704895,6.36308203125,1060.513671875
3919,469751,133.50291081322146,6.42973974609375,1071.623291015625
3920,469871,128.37466427567307,6.194816162109375,1032.4693603515625
3921,469991,128.02704296518,6.181787109375,1030.2978515625
3922,470111,128.83573530349773,6.213683349609375,1035.6138916015625
3923,470231,126.80361969761907,6.120894653320312,1020.1491088867188
3924,470351,133.53696077492458,6.42464794921875,1070.774658203125
3925,470471,132.19322520393365,6.365234619140625,1060.8724365234375
3926,470591,127.17959020571695,6.14095458984375,1023.492431640625
3927,470711,124.62315334335652,6.01843212890625,1003.072021484375
3928,470831,123.96252119612589,5.991009887695313,998.5016479492188
3929,470951,126.27677889120714,6.100411010742188,1016.7351684570312
3930,471071,134.36832991710776,6.46391162109375,1077.318603515625
3931,471191,131.94699143546453,6.355474365234375,1059.2457275390625
3932,471311,126.11737465025827,6.09146044921875,1015.243408203125
3933,471431,128.0689782795773,6.174344970703125,1029.0574951171875
3934,471551,130.01443609272175,6.266751708984375,1044.4586181640625
3935,471671,124.45563749531404,6.0148828125,1002.48046875
3936,471791,131.0451109148649,6.313828125,1052.3046875
3937,471911,127.49505260126406,6.148297119140625,1024.7161865234375
3938,472031,129.81616215182424,6.258673095703125,1043.1121826171875
3939,472151,128.65965499675164,6.2026201171875,1033.77001953125
3940,472271,128.8771284482299,6.2152763671875,1035.87939453125
3941,472391,130.475488193374,6.28569873046875,1047.616455078125
3942,472511,128.5180333786293,6.19640771484375,1032.734619140625
3943,472631,130.5988123044894,6.300264404296875,1050.0440673828125
3944,472751,134.17532857762504,6.4587744140625,1076.46240234375
3945,472871,135.9681910287943,6.53955029296875,1089.925048828125
3946,472991,135.22775541358885,6.503914306640625,1083.9857177734375
3947,473111,133.98568426081653,6.446467529296875,1074.4112548828125
3948,473231,131.55644602472083,6.3397119140625,1056.61865234375
3949,473351,128.84853273393375,6.21141064453125,1035.235107421875
3950,473471,130.1648805130204,6.274049560546875,1045.6749267578125
3951,473591,127.85373765591406,6.166424560546875,1027.7374267578125
3952,473711,132.18006511123414,6.368316650390625,1061.3861083984375
3953,473831,124.41942757334341,6.009409790039062,1001.5682983398438
3954,473951,125.03572958644583,6.035793823242187,1005.9656372070312
3955,474071,130.91841538144277,6.3099462890625,1051.65771484375
3956,474191,128.54763663917947,6.20009765625,1033.349609375
3957,474311,124.60449413912363,6.018578979492188,1003.0964965820312
3958,474431,127.1678606981834,6.135691040039062,1022.6151733398438
3959,474551,118.62753504497726,5.74444482421875,957.407470703125
3960,474671,129.7800487344772,6.255333984375,1042.5556640625
3961,474791,136.13622309052082,6.544355712890625,1090.7259521484375
3962,474911,125.23790916470702,6.047395385742187,1007.8992309570312
3963,475031,122.85462601947788,5.935019165039063,989.1698608398438
3964,475151,133.66292270682558,6.431654296875,1071.9423828125
3965,475271,128.2039452032917,6.18233642578125,1030.389404296875
3966,475391,136.72573474736382,6.57018603515625,1095.031005859375
3967,475511,125.08285036665907,6.043027954101563,1007.1713256835938
3968,475631,128.5856808900297,6.20058984375,1033.431640625
3969,475751,124.15893837040701,5.999313720703125,999.8856201171875
3970,475871,131.0000401404144,6.3141064453125,1052.35107421875
3971,475991,132.45956893224906,6.375260009765625,1062.5433349609375
3972,476111,134.11623637001742,6.45360498046875,1075.600830078125
3973,476231,124.25856948397768,6.006299560546875,1001.0499267578125
3974,476351,125.48966435885936,6.056570434570313,1009.4284057617188
3975,476471,137.93393200996684,6.6272958984375,1104.54931640625
3976,476591,135.0274290367144,6.497080078125,1082.8466796875
3977,476711,127.9052755808839,6.17150830078125,1028.584716796875
3978,476831,117.81455135511163,5.7059501953125,950.99169921875
3979,476951,137.1349686898874,6.586809814453125,1097.8016357421875
3980,477071,130.31874894226655,6.284619873046875,1047.4366455078125
3981,477191,131.41515509318552,6.331133056640625,1055.1888427734375
3982,477311,125.62670213282736,6.061375854492187,1010.2293090820312
3983,477431,132.32101509819762,6.370647216796875,1061.7745361328125
3984,477551,135.94233403426284,6.543884765625,1090.6474609375
3985,477671,123.2072628981857,5.95018359375,991.697265625
3986,477791,122.79874054019712,5.937150146484375,989.5250244140625
3987,477911,132.9141949856079,6.399421142578125,1066.5701904296875
3988,478031,125.0044111717699,6.0393175048828125,1006.5529174804688
3989,478151,134.61381837488824,6.475758544921875,1079.2930908203125
3990,478271,129.97718416012395,6.26713037109375,1044.521728515625
3991,478391,128.65090709144368,6.206344482421875,1034.3907470703125
3992,478511,129.22107418669165,6.229786376953125,1038.2977294921875
3993,478631,129.74344142288328,6.25397021484375,1042.328369140625
3994,478751,127.90917771295288,6.1695556640625,1028.25927734375
3995,478871,133.907244448179,6.44801806640625,1074.669677734375
3996,478991,126.91276741037144,6.125744384765625,1020.9573974609375
3997,479111,127.64153097718896,6.1606435546875,1026.77392578125
3998,479231,133.61250819070514,6.429796875,1071.6328125
3999,479351,128.44122527724556,6.193013671875,1032.1689453125
4000,479471,131.86500104297545,6.345516357421875,1057.5860595703125
4001,479591,133.00984981483901,6.400307373046875,1066.7178955078125
4002,479711,127.79538803745838,6.168064453125,1028.0107421875
4003,479831,131.49650505848024,6.33297802734375,1055.496337890625
4004,479951,129.04805938455152,6.21890185546875,1036.483642578125
4005,480071,131.7374164063177,6.3383349609375,1056.38916015625
4006,480191,123.61197473199798,5.974039306640625,995.6732177734375
4007,480311,130.11867241341292,6.26961474609375,1044.935791015625
4008,480431,129.47712544248122,6.238658935546875,1039.7764892578125
4009,480551,129.23842567028942,6.2316708984375,1038.61181640625
4010,480671,131.13802672494836,6.3160693359375,1052.67822265625
4011,480791,124.60462287909752,6.013787841796875,1002.2979736328125
4012,480911,126.79232789922986,6.119942504882813,1019.9904174804688
4013,481031,132.73900369434762,6.396261474609375,1066.0435791015625
4014,481151,125.89458732431572,6.076506958007813,1012.7511596679688
4015,481271,136.05853385935293,6.541359375,1090.2265625
4016,481391,129.17247584905107,6.2262451171875,1037.70751953125
4017,481511,123.90164379800831,5.9843525390625,997.39208984375
4018,481631,124.9648252985209,6.03530126953125,1005.883544921875
4019,481751,131.92800820523817,6.350508544921875,1058.4180908203125
4020,481871,125.9150916573341,6.07637841796875,1012.729736328125
4021,481991,127.44058791156183,6.14539306640625,1024.232177734375
4022,482111,127.77667997986552,6.1640068359375,1027.33447265625
4023,482231,121.06452955873894,5.8564127197265625,976.0687866210938
4024,482351,121.15756364673497,5.859479370117188,976.5798950195312
4025,482471,124.93791578071135,6.032748779296875,1005.4581298828125
4026,482591,133.16270356230393,6.41350048828125,1068.916748046875
4027,482711,132.01163520421824,6.353689453125,1058.9482421875
4028,482831,119.90398806252531,5.801533447265625,966.9222412109375
4029,482951,132.5693350376577,6.3860244140625,1064.33740234375
4030,483071,131.62086436072207,6.33804052734375,1056.340087890625
4031,483191,124.73681612778827,6.02792138671875,1004.653564453125
4032,483311,120.7933698548624,5.841647827148438,973.6079711914062
4033,483431,129.8011030809018,6.2600712890625,1043.34521484375
4034,483551,134.58551412088104,6.470419189453125,1078.4031982421875
4035,483671,122.25584288432081,5.915076416015625,985.8460693359375
4036,483791,123.14997686792768,5.954089233398437,992.3482055664062
4037,483911,127.18033968756765,6.140933715820313,1023.4889526367188
4038,484031,131.705313102739,6.342180908203125,1057.0301513671875
4039,484151,128.47693873078353,6.1976689453125,1032.94482421875
4040,484271,133.36591456403318,6.42202734375,1070.337890625
4041,484391,120.85915087182285,5.844658447265625,974.1097412109375
4042,484511,128.67191476945334,6.21019482421875,1035.032470703125
4043,484631,126.19575407497315,6.091760375976563,1015.2933959960938
4044,484751,125.69249182146794,6.067174438476562,1011.1957397460938
4045,484871,136.26109183926502,6.549720703125,1091.6201171875
4046,484991,135.33385146562776,6.5110927734375,1085.18212890625
4047,485111,133.01795932986704,6.403322021484375,1067.2203369140625
4048,485231,125.14773804697714,6.044343383789062,1007.3905639648438
4049,485351,126.87875597610225,6.123205810546875,1020.5343017578125
4050,485471,135.6623825126311,6.52116064453125,1086.860107421875
4051,485591,127.28736518883703,6.14586474609375,1024.310791015625
4052,485711,126.48371892969378,6.10342236328125,1017.237060546875
4053,485831,120.04065304549455,5.811599853515625,968.5999755859375
4054,485951,130.83223353665068,6.30257958984375,1050.429931640625
4055,486071,125.62779397516796,6.059020385742188,1009.8367309570312
4056,486191,125.59966730923426,6.063959106445313,1010.6598510742188
4057,486311,129.4381898092024,6.2383740234375,1039.72900390625
4058,486431,127.00297206567666,6.129759887695313,1021.6266479492188
4059,486551,127.34387157039498,6.144252685546875,1024.0421142578125
4060,486671,130.20421321954933,6.281810302734375,1046.9683837890625
4061,486791,125.47928394840308,6.05817041015625,1009.695068359375
4062,486911,129.4472054140033,6.24060791015625,1040.101318359375
4063,487031,132.2814618341735,6.371858642578125,1061.9764404296875
4064,487151,132.98371615379375,6.40107861328125,1066.846435546875
4065,487271,123.80886745781132,5.985145751953125,997.5242919921875
4066,487391,131.44731931949644,6.32594677734375,1054.324462890625
4067,487511,127.96666497432638,6.1690693359375,1028.17822265625
4068,487631,126.20968676415747,6.094684204101562,1015.7807006835938
4069,487751,132.96799687429737,6.398584716796875,1066.4307861328125
4070,487871,131.55654266448028,6.33664013671875,1056.106689453125
4071,487991,137.0794136035206,6.587055908203125,1097.8426513671875
4072,488111,121.7222548702736,5.884167114257813,980.6945190429688
4073,488231,127.96947585702219,6.17224658203125,1028.707763671875
4074,488351,123.63385732328823,5.97065625,995.109375
4075,488471,129.48361240284027,6.24042626953125,1040.071044921875
4076,488591,128.37809757619934,6.19054248046875,1031.757080078125
4077,488711,128.9248886909041,6.21202001953125,1035.336669921875
4078,488831,129.53620427657054,6.240896484375,1040.1494140625
4079,488951,133.30579693767322,6.421037841796875,1070.1729736328125
4080,489071,131.69082697297785,6.34733203125,1057.888671875
4081,489191,130.638513144131,6.296625,1049.4375
4082,489311,126.38608446604442,6.100560424804687,1016.7600708007812
4083,489431,126.99476274847594,6.1228974609375,1020.48291015625
4084,489551,127.40829366956264,6.149759765625,1024.9599609375
4085,489671,127.68037430337367,6.154918212890625,1025.8197021484375
4086,489791,138.732664977443,6.667037841796875,1111.1729736328125
4087,489911,122.47535481223238,5.920543579101563,986.7572631835938
4088,490031,128.89346121744688,6.215807373046875,1035.9678955078125
4089,490151,128.724286179791,6.2129560546875,1035.49267578125
4090,490271,127.55538958404051,6.156131103515625,1026.0218505859375
4091,490391,133.5522552701937,6.42638818359375,1071.064697265625
4092,490511,125.77373251051209,6.073557495117187,1012.2595825195312
4093,490631,127.86942298271384,6.16387060546875,1027.311767578125
4094,490751,128.91340592289953,6.220401123046875,1036.7335205078125
4095,490871,130.37554375585148,6.281526123046875,1046.9210205078125
4096,490991,120.45261368841844,5.830224975585938,971.7041625976562
4097,491111,127.22100371991888,6.134569702148437,1022.4282836914062
4098,491231,124.76461932106176,6.028361572265625,1004.7269287109375
4099,491351,128.26918529462753,6.18346435546875,1030.577392578125
4100,491471,131.702555890732,6.345257080078125,1057.5428466796875
4101,491591,127.03296676695697,6.12405615234375,1020.676025390625
4102,491711,128.840548855557,6.21217822265625,1035.363037109375
4103,491831,130.57796780925923,6.285029296875,1047.5048828125
4104,491951,129.12102640218123,6.22189599609375,1036.982666015625
4105,492071,123.5322696886158,5.969011596679687,994.8352661132812
4106,492191,121.68009732827818,5.886723999023437,981.1206665039062
4107,492311,130.88007059817605,6.306347900390625,1051.0579833984375
4108,492431,126.67463586234774,6.116991943359375,1019.4986572265625
4109,492551,126.39582008629883,6.097030517578125,1016.1717529296875
4110,492671,135.24291189647604,6.503335693359375,1083.8892822265625
4111,492791,123.02626738212255,5.946800903320312,991.1334838867188
4112,492911,130.89004492813427,6.30520751953125,1050.867919921875
4113,493031,129.750536840167,6.250631103515625,1041.7718505859375
4114,493151,130.5641165716067,6.28913232421875,1048.188720703125
4115,493271,117.48430687524437,5.698304443359375,949.7174072265625
4116,493391,131.71796914482985,6.342267333984375,1057.0445556640625
4117,493511,134.80042770437564,6.481717529296875,1080.2862548828125
4118,493631,127.42824938475655,6.147620361328125,1024.6033935546875
4119,493751,121.50679449625136,5.88037060546875,980.061767578125
4120,493871,129.30241125377867,6.23257470703125,1038.762451171875
4121,493991,125.91556936231723,6.079716064453125,1013.2860107421875
4122,494111,139.0672493678803,6.682764404296875,1113.7940673828125
4123,494231,128.32618161770944,6.186689208984375,1031.1148681640625
4124,494351,127.26617886383954,6.1433170166015625,1023.8861694335938
4125,494471,135.57153100296097,6.520220947265625,1086.7034912109375
4126,494591,130.64245269503508,6.29250439453125,1048.750732421875
4127,494711,127.83782001788578,6.16586572265625,1027.644287109375
4128,494831,127.99924339827587,6.172191650390625,1028.6986083984375
4129,494951,134.20804461857864,6.4580302734375,1076.33837890625
4130,495071,131.75247468455282,6.34310888671875,1057.184814453125
4131,495191,133.82258952056384,6.44019580078125,1073.365966796875
4132,495311,138.55486360031577,6.655669189453125,1109.2781982421875
4133,495431,121.48705455551092,5.875903198242187,979.3171997070312
4134,495551,129.3991632822459,6.236051513671875,1039.3419189453125
4135,495671,132.78374843482638,6.39373828125,1065.623046875
4136,495791,125.99373308209445,6.077618041992188,1012.9363403320312
4137,495911,131.54993409941824,6.338560546875,1056.4267578125
4138,496031,127.51380611443437,6.15176220703125,1025.293701171875
4139,496151,131.63846434166499,6.339006591796875,1056.5010986328125
4140,496271,131.85545175949503,6.3489931640625,1058.16552734375
4141,496391,125.3905496997944,6.05373779296875,1008.956298828125
4142,496511,127.90676251762629,6.16811572265625,1028.019287109375
4143,496631,125.81753602713147,6.074329833984375,1012.3883056640625
4144,496751,125.74810793315199,6.068735595703125,1011.4559326171875
4145,496871,132.89303135214703,6.395859375,1065.9765625
4146,496991,127.8870259669765,6.16729833984375,1027.883056640625
4147,497111,126.89028158146186,6.11974072265625,1019.956787109375
4148,497231,132.3469234606988,6.3735849609375,1062.26416015625
4149,497351,130.96983869595084,6.31270458984375,1052.117431640625
4150,497471,131.7931896897158,6.34936669921875,1058.227783203125
4151,497591,133.04056494196075,6.402434326171875,1067.0723876953125
4152,497711,135.78137802063443,6.527641845703125,1087.9403076171875
4153,497831,123.62828185510774,5.971817504882813,995.3029174804688
4154,497951,123.6197976158646,5.977900268554688,996.3167114257812
4155,498071,135.06735474290127,6.495416015625,1082.5693359375
4156,498191,128.48992819370847,6.196530029296875,1032.7550048828125
4157,498311,128.22199644413308,6.182291748046875,1030.3819580078125
4158,498431,130.0695553919784,6.27274365234375,1045.457275390625
4159,498551,129.67207506050542,6.247452392578125,1041.2420654296875
4160,498671,125.09172024895555,6.04601220703125,1007.668701171875
4161,498791,126.15053438059307,6.0884765625,1014.74609375
4162,498911,129.65525524150962,6.247092041015625,1041.1820068359375
4163,499031,128.24562559881684,6.186075439453125,1031.0125732421875
4164,499151,130.84335533939517,6.305253662109375,1050.8756103515625
4165,499271,127.39250606483283,6.14649755859375,1024.416259765625
4166,499391,133.36185954579335,6.419978759765625,1069.9964599609375
4167,499511,130.1420939153851,6.27279052734375,1045.465087890625
4168,499631,129.68640593243083,6.250267822265625,1041.7113037109375
