episode,global_step,reward,yield_ton_ha,biomass_g_m2
1,107,-5.033277945237624,0.18169429779052734,30.28238296508789
2,220,0.42580552997020327,0.4520364074707031,75.33940124511719
3,332,-1.6415723361249668,0.35794429779052733,59.65738296508789
4,439,-3.4679331896305072,0.2577119522094727,42.95199203491211
5,545,-5.418984061783443,0.17053555297851564,28.422592163085938
6,654,-1.8983854251507772,0.32982559204101564,54.97093200683594
7,761,-5.965747515238027,0.15608366775512694,26.013944625854492
8,868,-3.881506149311055,0.2280860595703125,38.01434326171875
9,978,-4.2812580784190315,0.22457164764404297,37.42860794067383
10,1085,-5.307882886998867,0.17276271057128906,28.793785095214844
11,1193,-2.0931068045332553,0.31055138397216797,51.75856399536133
12,1302,-0.5458988714377049,0.3878687438964844,64.64479064941406
13,1412,-3.7891854321420713,0.24594701385498047,40.99116897583008
14,1523,-0.6207668489824463,0.37867630004882813,63.11271667480469
15,1633,-2.2562919275432316,0.31496898651123045,52.49483108520508
16,1742,-2.484250554249133,0.3001651153564453,50.02751922607422
17,1852,-4.583082992697389,0.21612210845947266,36.02035140991211
18,1957,-5.79163673819375,0.14832548904418946,24.720914840698242
19,2061,-5.50316208420485,0.1560919876098633,26.015331268310547
20,2173,-2.128542960382794,0.33421078491210937,55.70179748535156
21,2289,0.7136997031304619,0.45719764709472654,76.1996078491211
22,2398,-2.163913579425854,0.30943004608154295,51.57167434692383
23,2504,-3.7252476203000295,0.23402616119384764,39.00436019897461
24,2612,-4.213817165830021,0.21979627990722655,36.632713317871094
25,2724,4.01137450548441,0.6195896301269531,103.26493835449219
26,2839,-0.7926824932380017,0.3936915893554688,65.61526489257812
27,2945,-6.040845372710238,0.14134997177124023,23.55832862854004
28,3056,-0.9250770759830174,0.37818102264404296,63.03017044067383
29,3166,-3.792114122518579,0.2435302276611328,40.58837127685547
30,3276,-2.2464208155276384,0.3216768951416016,53.612815856933594
31,3387,-1.5132693104012767,0.34308265686035155,57.180442810058594
32,3495,-4.166085966086996,0.22898815155029298,38.16469192504883
33,3605,-0.5877480170146745,0.3861434326171875,64.35723876953125
34,3715,-1.6216745808432689,0.3488497009277344,58.14161682128906
35,3822,-5.225973031314331,0.18219585800170898,30.365976333618164
36,3930,-1.2180616898984677,0.3442353973388672,57.37256622314453
37,4040,-5.12154858243395,0.19897169494628905,33.161949157714844
38,4149,-3.0789031311920843,0.26818663787841795,44.69777297973633
39,4262,-3.126304580310544,0.2895700149536133,48.26166915893555
40,4374,0.22366934846888387,0.42724754333496096,71.20792388916016
41,4485,-1.6981347889547787,0.34240637969970705,57.06772994995117
42,4593,-4.330222539471721,0.21215423583984375,35.359039306640625
43,4706,0.7407483232441181,0.45419970703125,75.699951171875
44,4816,-4.065512155980668,0.2292802734375,38.21337890625
45,4925,-1.4106466434924376,0.33705610656738283,56.17601776123047
46,5040,2.3106196582173966,0.5315671691894531,88.59452819824219
47,5153,0.7995107717467991,0.45366114807128904,75.61019134521484
48,5265,-3.5112118107333643,0.261579460144043,43.59657669067383
49,5377,-1.201467725905966,0.36336923217773437,60.56153869628906
50,5497,11.530723878176644,0.9927337646484375,165.45562744140625
51,5609,1.7967310384919037,0.5035115661621093,83.91859436035156
52,5726,6.57365784807066,0.752383529663086,125.39725494384766
53,5839,-1.097752252014665,0.382973991394043,63.82899856567383
54,5952,-0.1239420144170178,0.41529345703125,69.215576171875
55,6063,0.39871276074619355,0.43694091796875,72.823486328125
56,6177,-0.31497008285562256,0.42454856872558594,70.75809478759766
57,6296,3.744090407218447,0.6168994445800782,102.81657409667969
58,6412,4.00337674667208,0.6181976165771484,103.0329360961914
59,6532,16.907045573166663,1.20906298828125,201.510498046875
60,6645,-2.7226206517120204,0.3005057144165039,50.084285736083984
61,6759,7.381681552711757,0.7730750427246094,128.84584045410156
62,6874,8.371836946292389,0.828749267578125,138.1248779296875
63,6985,-3.4337536394205834,0.26816228485107424,44.6937141418457
64,7100,7.733437836993268,0.7914773254394531,131.9128875732422
65,7214,3.17389483237594,0.5702012329101562,95.03353881835938
66,7334,10.876258422121591,0.9397427673339844,156.62379455566406
67,7446,0.26762647780732607,0.42079289245605467,70.13214874267578
68,7563,8.254089196936349,0.8186445007324219,136.4407501220703
69,7677,2.346367011991406,0.5499437713623047,91.65729522705078
70,7788,-1.4303815282025205,0.3446532211303711,57.442203521728516
71,7904,6.815315333976855,0.7557621459960937,125.96035766601562
72,8019,0.86074579531721,0.4745441436767578,79.09069061279297
73,8133,8.184186837329676,0.8074822082519532,134.5803680419922
74,8250,5.721619765296524,0.7075482330322266,117.9247055053711
75,8366,3.4432804004585345,0.601074691772461,100.17911529541016
76,8486,10.287095766004887,0.9348480834960937,155.80801391601562
77,8606,11.059701193430593,0.9612685546875,160.21142578125
78,8725,13.361518029312661,1.0705899353027344,178.43165588378906
79,8838,0.11288025534314494,0.4334120178222656,72.23533630371094
80,8957,8.644905550609876,0.8538505554199218,142.3084259033203
81,9075,4.481810252276131,0.6437254943847657,107.28758239746094
82,9188,0.3533567249608427,0.4354375762939453,72.57292938232422
83,9303,-1.4858320775031533,0.3705003890991211,61.750064849853516
84,9422,9.177834230770074,0.8741249084472656,145.68748474121094
85,9542,10.882552826103723,0.9497962646484375,158.29937744140625
86,9661,10.721718920317556,0.9400992736816406,156.68321228027344
87,9776,4.152278995624557,0.6254914855957031,104.24858093261719
88,9892,3.8866079762773382,0.6177326202392578,102.95543670654297
89,10008,5.182030120755164,0.6855956268310547,114.26593780517578
90,10123,10.693507660696978,0.9355872802734375,155.93121337890625
91,10243,12.911063977110558,1.0507519226074218,175.1253204345703
92,10361,9.510162066367966,0.8944974060058594,149.08290100097656
93,10481,11.941586716256243,1.0014029846191406,166.90049743652344
94,10601,10.991823445517982,0.9517234497070313,158.62057495117188
95,10721,10.144460118241113,0.9140451965332032,152.3408660888672
96,10841,11.249686526084087,0.9638759765625,160.64599609375
97,10961,10.419499766540651,0.9295453491210938,154.92422485351562
98,11080,8.073670421099614,0.8287599792480469,138.1266632080078
99,11195,2.562928168685129,0.5425999603271484,90.4333267211914
100,11315,21.100968104234724,1.3955106811523437,232.58511352539062
101,11435,23.843372848823662,1.5287954406738282,254.7992401123047
102,11555,13.863732035961462,1.0830825805664062,180.51376342773438
103,11675,9.45583536177006,0.8915794372558594,148.59657287597656
104,11795,18.63679295292645,1.2996688842773438,216.61148071289062
105,11915,12.952988202818705,1.0433897094726563,173.89828491210938
106,12035,11.104562696357583,0.9517591552734375,158.62652587890625
107,12155,17.26575641245958,1.2272981872558595,204.54969787597656
108,12275,12.70005464401037,1.0392753295898438,173.21255493164062
109,12395,27.10091676781088,1.6702615356445312,278.3769226074219
110,12515,25.311097874292813,1.597330810546875,266.2218017578125
111,12631,9.053272793772056,0.8583920288085938,143.06533813476562
112,12749,10.72112351505896,0.9408905639648437,156.81509399414062
113,12869,35.758728119632416,2.05386328125,342.310546875
114,12989,25.760046840677074,1.6107031860351562,268.4505310058594
115,13109,28.180245791560893,1.7233983764648437,287.2330627441406
116,13229,20.32389525882984,1.376560821533203,229.4268035888672
117,13349,23.562326620461633,1.5171651306152343,252.86085510253906
118,13469,19.87842445023599,1.3608231811523437,226.80386352539062
119,13588,9.750897144398198,0.9023199462890625,150.38665771484375
120,13708,12.806127544239594,1.0439317016601561,173.98861694335938
121,13828,18.432566828258217,1.2935093994140625,215.58489990234375
122,13948,11.343036358758143,0.9673614807128906,161.22691345214844
123,14068,12.865282481475363,1.035559844970703,172.5933074951172
124,14188,26.57523959749924,1.6583778076171876,276.39630126953125
125,14307,2.417309464355026,0.5483622894287109,91.39371490478516
126,14427,16.82508012065643,1.2088916931152345,201.48194885253906
127,14547,28.13342812455147,1.7079226684570312,284.6537780761719
128,14667,38.81941091945589,2.1942324829101563,365.7054138183594
129,14787,30.136533705063357,1.8063180541992188,301.0530090332031
130,14907,35.78128252024658,2.0421055297851565,340.3509216308594
131,15027,37.87275302737403,2.151939697265625,358.6566162109375
132,15147,18.265491754058537,1.2755259704589843,212.58766174316406
133,15267,33.03004335683465,1.9313886108398437,321.8981018066406
134,15387,28.422942248144395,1.7319636840820312,288.6606140136719
135,15507,22.805442753491604,1.4931838073730468,248.8639678955078
136,15627,21.168981063399407,1.411896240234375,235.3160400390625
137,15747,26.7600757459037,1.65296630859375,275.494384765625
138,15867,17.81412249905003,1.2561432495117189,209.35720825195312
139,15985,17.1031681562407,1.2226082153320312,203.76803588867188
140,16105,23.73471135322099,1.5196159057617187,253.26931762695312
141,16225,20.000823254102947,1.3515283813476562,225.25473022460938
142,16345,27.837270404195483,1.7035986328125,283.93310546875
143,16465,28.34155086702679,1.7163343505859374,286.05572509765625
144,16585,23.993271430008736,1.5411718139648438,256.8619689941406
145,16705,22.15502331979964,1.4493427734375,241.55712890625
146,16825,28.09591734114275,1.7290999145507813,288.1833190917969
147,16945,38.58901624962759,2.1850982666015626,364.18304443359375
148,17065,29.979035359972983,1.8019769897460938,300.3294982910156
149,17185,34.538428454278154,2.01099609375,335.166015625
150,17305,33.66401244525952,1.9620721435546875,327.01202392578125
151,17425,24.702665517240504,1.5586774291992187,259.7795715332031
152,17545,20.188769830662462,1.372183868408203,228.6973114013672
153,17665,28.155485213577144,1.7197446899414062,286.6241149902344
154,17785,21.22022364452584,1.4037434692382813,233.95724487304688
155,17905,25.548789361315624,1.606193115234375,267.6988525390625
156,18023,11.182364282264217,0.9534931640625,158.91552734375
157,18143,28.324198265177884,1.7278624877929687,287.9770812988281
158,18263,19.30954572024206,1.3284593811035157,221.40989685058594
159,18383,14.670970394321566,1.1236043701171874,187.26739501953125
160,18503,31.33858575075346,1.86541552734375,310.902587890625
161,18623,27.930688734059416,1.7086021728515626,284.76702880859375
162,18743,40.30610241230812,2.2642776489257814,377.3796081542969
163,18863,34.80708387732578,2.0154058227539062,335.9009704589844
164,18983,38.89164831265486,2.204997619628906,367.4996032714844
165,19103,34.328921287628205,1.998369140625,333.0615234375
166,19223,46.06049819325926,2.5180968017578125,419.68280029296875
167,19343,38.7484457768701,2.184317138671875,364.0528564453125
168,19463,32.1213145636563,1.8913883056640626,315.23138427734375
169,19582,19.35696253526018,1.3369978637695312,222.83297729492188
170,19702,36.335537900206575,2.0912655029296876,348.54425048828125
171,19822,36.95489314156112,2.1149893798828123,352.49822998046875
172,19942,41.910615078058356,2.3368280639648438,389.4713439941406
173,20062,26.513794371173155,1.6410038452148437,273.5006408691406
174,20182,19.72140280401739,1.350375457763672,225.0625762939453
175,20302,41.3168747522212,2.3157198486328125,385.95330810546875
176,20422,28.230209011571333,1.7298997192382812,288.3166198730469
177,20542,43.681054713111024,2.4168651123046874,402.81085205078125
178,20662,46.308444346088486,2.534082092285156,422.3470153808594
179,20782,41.48545601498841,2.3181734619140624,386.36224365234375
180,20902,30.77826756772018,1.8323360595703124,305.38934326171875
181,21022,49.09972285063574,2.6446895141601563,440.7815856933594
182,21142,32.83161586424457,1.9163162841796875,319.38604736328125
183,21262,20.745311702614835,1.3956488342285156,232.60813903808594
184,21382,38.30073276609187,2.1663916625976563,361.0652770996094
185,21502,31.196952834457797,1.8589172973632813,309.8195495605469
186,21622,41.775880021386,2.337182922363281,389.5304870605469
187,21742,41.95989094463934,2.3349107666015625,389.15179443359375
188,21862,38.75717877837536,2.201028076171875,366.8380126953125
189,21982,29.67346076897507,1.7873206787109375,297.88677978515625
190,22102,27.092421525141283,1.671988037109375,278.6646728515625
191,22222,26.285106079083217,1.6339740600585937,272.3290100097656
192,22342,30.60388884263346,1.83612451171875,306.020751953125
193,22462,31.975089285535137,1.876489013671875,312.7481689453125
194,22582,44.24442117198172,2.43402978515625,405.671630859375
195,22702,39.200411790349776,2.206417236328125,367.7362060546875
196,22822,45.00122861553912,2.475186218261719,412.5310363769531
197,22942,45.62228011271461,2.495335510253906,415.8892517089844
198,23062,41.54096933905986,2.3083692626953125,384.72821044921875
199,23182,39.41445040013147,2.2201636962890623,370.02728271484375
200,23302,41.66222123407144,2.332910888671875,388.8184814453125
201,23422,29.585576132555296,1.7820661010742187,297.0110168457031
202,23542,45.14278946573316,2.473604187011719,412.2673645019531
203,23662,37.1792426876066,2.1243400268554686,354.0566711425781
204,23782,46.54169130067801,2.5535928955078124,425.59881591796875
205,23902,36.16534193501473,2.081830810546875,346.9718017578125
206,24022,51.4862572753538,2.76518701171875,460.864501953125
207,24142,43.070478822619656,2.3888115234375,398.13525390625
208,24262,46.43249151601051,2.5403732299804687,423.3955383300781
209,24382,39.75896697280321,2.241215881347656,373.5359802246094
210,24502,38.623126548654,2.1943828125,365.73046875
211,24622,46.30059700245977,2.52889453125,421.482421875
212,24742,46.49691740294534,2.5414894409179687,423.5815734863281
213,24862,43.150393397821766,2.3913262939453124,398.55438232421875
214,24982,47.423972759372866,2.5945548706054686,432.4258117675781
215,25102,44.89288906775748,2.4623098754882813,410.3849792480469
216,25222,39.57845100329696,2.2359759521484377,372.66265869140625
217,25342,49.506861481461215,2.6800079956054685,446.6679992675781
218,25462,42.56789289167527,2.3765771484375,396.09619140625
219,25582,36.054823317008086,2.0743773193359374,345.72955322265625
220,25702,49.28305266937876,2.6674264526367186,444.5710754394531
221,25822,29.24443399515497,1.7906956787109376,298.44927978515625
222,25942,40.16617670350057,2.2635450439453124,377.25750732421875
223,26062,45.52929273457164,2.50946630859375,418.244384765625
224,26182,28.737856729203067,1.7539531860351563,292.3255310058594
225,26302,34.106132459015114,1.9878272094726563,331.3045349121094
226,26422,49.08815500379147,2.658583923339844,443.0973205566406
227,26542,40.80898983748747,2.285481994628906,380.9136657714844
228,26662,43.30114787429449,2.406535400390625,401.0892333984375
229,26782,48.67708834314661,2.637945739746094,439.6576232910156
230,26902,37.58527791206814,2.14845849609375,358.076416015625
231,27022,41.37390258737223,2.3087887573242187,384.7981262207031
232,27142,42.448413163393404,2.3776642456054686,396.2773742675781
233,27262,44.532092570479186,2.455887268066406,409.3145446777344
234,27382,47.35729731777526,2.5751217041015626,429.18695068359375
235,27502,49.7638515002041,2.696302551269531,449.3837585449219
236,27622,48.86325591564802,2.661276123046875,443.5460205078125
237,27742,48.318053596601885,2.622297180175781,437.0495300292969
238,27862,48.99948119917531,2.6533844604492187,442.2307434082031
239,27982,45.32200087073771,2.482075927734375,413.6793212890625
240,28102,60.588816971830525,3.1775577392578125,529.5929565429688
241,28222,45.33628247860685,2.494821533203125,415.8035888671875
242,28342,47.21327268888584,2.5710690307617186,428.5115051269531
243,28462,43.770578711801974,2.4259700317382813,404.3283386230469
244,28582,39.72432161732279,2.2446591796875,374.10986328125
245,28702,54.675929269209625,2.9155947875976564,485.9324645996094
246,28822,53.47843596297265,2.8524633178710936,475.4105529785156
247,28942,60.48713327858587,3.1793470458984374,529.8911743164062
248,29062,54.13784323237022,2.8823637084960936,480.3939514160156
249,29182,53.01644533548035,2.837634521484375,472.9390869140625
250,29302,51.85469886254399,2.781793212890625,463.6322021484375
251,29422,42.005452931823015,2.3411237182617186,390.1872863769531
252,29542,47.60303949121297,2.5932529907226565,432.2088317871094
253,29662,59.81590980907936,3.13864013671875,523.106689453125
254,29782,44.367989417206445,2.448769226074219,408.1282043457031
255,29902,51.81436716487801,2.7816963500976564,463.6160583496094
256,30022,56.730940534880816,3.0097869873046874,501.63116455078125
257,30142,43.22516381547909,2.396734313964844,399.4557189941406
258,30262,47.3566854129792,2.588887023925781,431.4811706542969
259,30382,51.370156034355176,2.748799621582031,458.1332702636719
260,30502,43.672761713765134,2.4177425537109376,402.95709228515625
261,30622,47.41958487122182,2.599971130371094,433.3285217285156
262,30742,51.82893259967222,2.7788757934570314,463.1459655761719
263,30862,53.38403500748026,2.8469476318359375,474.49127197265625
264,30982,48.86770828132762,2.6493554077148436,441.5592346191406
265,31102,63.28449249792454,3.2976595458984375,549.6099243164062
266,31222,44.50345341001136,2.439272277832031,406.5453796386719
267,31342,53.80496952644198,2.867319580078125,477.8865966796875
268,31462,61.21523782243883,3.190610595703125,531.7684326171875
269,31582,46.66204169978291,2.5441680908203126,424.02801513671875
270,31702,51.267922443933244,2.7541072998046876,459.01788330078125
271,31822,56.787423530380394,3.01200732421875,502.001220703125
272,31942,45.61099789896963,2.5105440673828125,418.42401123046875
273,32062,50.9732435779557,2.7383876953125,456.39794921875
274,32182,52.54362218810169,2.81165625,468.609375
275,32302,50.40157026785055,2.7089447021484374,451.49078369140625
276,32422,56.731093545324356,2.9991390380859375,499.85650634765625
277,32542,56.33709210860344,2.9749861450195314,495.8310241699219
278,32662,46.130246333610884,2.5317960205078127,421.96600341796875
279,32782,58.40315065387764,3.0761004638671876,512.6834106445312
280,32902,54.100199999066064,2.881982666015625,480.3304443359375
281,33022,50.37184161871268,2.711216491699219,451.8694152832031
282,33142,54.446928411227546,2.8919668579101563,481.9944763183594
283,33262,65.09219793257398,3.3779132080078127,562.9855346679688
284,33382,60.035587943784726,3.1431778564453126,523.8629760742188
285,33502,55.33502313400834,2.9302534790039063,488.3755798339844
286,33622,58.62066773721007,3.086642578125,514.4404296875
287,33742,69.04778107563978,3.55509814453125,592.516357421875
288,33862,58.9042017892869,3.086920166015625,514.4866943359375
289,33982,56.94373271305041,3.015586669921875,502.5977783203125
290,34102,62.0124803702476,3.2409466552734374,540.1577758789062
291,34222,62.42479498823569,3.2533377685546876,542.2229614257812
292,34342,57.320141227122264,3.0263560180664064,504.3926696777344
293,34462,58.23402223690394,3.068410217285156,511.4017028808594
294,34582,65.24423048475032,3.3897667236328126,564.9611206054688
295,34702,50.19978190261231,2.7068909912109373,451.14849853515625
296,34822,54.53542524181241,2.8988199462890627,483.13665771484375
297,34942,71.79671198166005,3.68008447265625,613.347412109375
298,35062,50.68605482217046,2.7205867309570313,453.4311218261719
299,35182,59.77040444745329,3.1310211181640626,521.8368530273438
300,35302,65.06611843401393,3.374222900390625,562.3704833984375
301,35422,63.47871081236407,3.300046142578125,550.0076904296875
302,35542,63.34133266483914,3.297695068359375,549.6158447265625
303,35662,60.01235976142056,3.1399310302734373,523.3218383789062
304,35782,60.44581977301382,3.163742431640625,527.2904052734375
305,35902,68.40864337474407,3.5279681396484377,587.9946899414062
306,36022,60.03336204417607,3.1456168212890625,524.2694702148438
307,36142,60.464938988754675,3.163916015625,527.3193359375
308,36262,58.537757094769105,3.08316064453125,513.860107421875
309,36382,62.424097166879875,3.2590118408203126,543.1686401367188
310,36502,67.34545193747573,3.4823997802734374,580.3999633789062
311,36622,65.2809310380309,3.3838509521484377,563.9751586914062
312,36742,56.50366626600761,2.9846568603515626,497.44281005859375
313,36862,60.046657812381724,3.1407198486328123,523.4533081054688
314,36982,63.25790664713243,3.2941343994140624,549.0223999023438
315,37102,69.99785211928321,3.607250244140625,601.2083740234375
316,37222,63.29058437096379,3.291656982421875,548.6094970703125
317,37342,68.49856857749904,3.525252685546875,587.5421142578125
318,37462,66.12039911184662,3.41211328125,568.685546875
319,37582,57.74592364333519,3.03881689453125,506.469482421875
320,37702,64.14457139066698,3.3232767333984374,553.8794555664062
321,37822,60.664011571781735,3.1758662109375,529.31103515625
322,37942,68.72485051517464,3.5427158203125,590.45263671875
323,38062,62.18858693718044,3.2316719970703125,538.6119995117188
324,38182,65.92008636710416,3.410214111328125,568.3690185546875
325,38302,60.737266393673565,3.1780946044921876,529.6824340820312
326,38422,54.320381070774594,2.89113720703125,481.856201171875
327,38542,52.613852359366206,2.814659362792969,469.1098937988281
328,38662,66.36518639053581,3.4226846923828127,570.4474487304688
329,38782,63.88004806073673,3.31526953125,552.544921875
330,38902,59.594571738675526,3.1184996337890625,519.7499389648438
331,39022,71.5967492642275,3.6690120849609373,611.5020141601562
332,39142,60.46313667873922,3.165207275390625,527.5345458984375
333,39262,68.41179585231286,3.529480224609375,588.2467041015625
334,39382,71.55447850810793,3.672596923828125,612.0994873046875
335,39502,69.06625769933459,3.548975830078125,591.4959716796875
336,39622,66.0084441687917,3.41806787109375,569.677978515625
337,39742,72.48344182735512,3.7030675048828123,617.1779174804688
338,39862,69.29474089845667,3.559241455078125,593.2069091796875
339,39982,67.92065078876027,3.49793994140625,582.989990234375
340,40102,72.43697783316382,3.7147371826171875,619.1228637695312
341,40222,68.68553801911183,3.5414747314453123,590.2457885742188
342,40342,63.61715951398534,3.308211181640625,551.3685302734375
343,40462,70.93000707272327,3.6382393798828123,606.3732299804688
344,40582,62.11255906271498,3.248011962890625,541.3353271484375
345,40702,69.79994888724191,3.59246044921875,598.743408203125
346,40822,68.47493206103809,3.519006591796875,586.5010986328125
347,40942,63.82273664873101,3.3218382568359375,553.6397094726562
348,41062,69.65901685022212,3.580959228515625,596.8265380859375
349,41182,69.13430601012222,3.560113037109375,593.3521728515625
350,41302,66.3795535032996,3.4289132080078124,571.4855346679688
351,41422,69.79478588234113,3.58555224609375,597.592041015625
352,41542,74.32268365148381,3.7888916015625,631.48193359375
353,41662,72.4459536503706,3.697218017578125,616.2030029296875
354,41782,69.12944168449931,3.5566318359375,592.77197265625
355,41902,69.61834671999,3.5749775390625,595.82958984375
356,42022,74.74866179737815,3.8150284423828125,635.8380737304688
357,42142,67.27229064882862,3.4655584716796874,577.5930786132812
358,42262,62.937497275426274,3.26753173828125,544.588623046875
359,42382,73.8520763993281,3.775600341796875,629.2667236328125
360,42502,67.97617346018595,3.514599609375,585.7666015625
361,42622,72.95009719360722,3.7176668701171875,619.6111450195312
362,42742,66.78090055422214,3.450485595703125,575.0809326171875
363,42862,63.12100210492735,3.286363037109375,547.7271728515625
364,42982,72.36791298324155,3.709184326171875,618.1973876953125
365,43102,67.11465279546894,3.4687763671875,578.12939453125
366,43222,68.1878233154773,3.51939990234375,586.566650390625
367,43342,70.87692393596807,3.6255684814453124,604.2614135742188
368,43462,68.96472633356542,3.5447237548828125,590.7872924804688
369,43582,73.25834876436645,3.7454930419921877,624.2488403320312
370,43702,72.14935694731408,3.6972850341796875,616.2141723632812
371,43822,71.17618885976175,3.6496241455078127,608.2706909179688
372,43942,69.94440475672172,3.59624267578125,599.373779296875
373,44062,71.87615222837196,3.680804443359375,613.4674072265625
374,44182,61.89122508444159,3.229818603515625,538.3031005859375
375,44302,71.7278152274698,3.6699627685546874,611.6604614257812
376,44422,64.90873273274786,3.3747861328125,562.46435546875
377,44542,69.58751193846669,3.591690673828125,598.6151123046875
378,44662,68.68411857935743,3.5394462890625,589.90771484375
379,44782,75.42362966747814,3.842398681640625,640.3997802734375
380,44902,70.06781578253081,3.5986234130859374,599.7705688476562
381,45022,60.87758607323883,3.195917724609375,532.6529541015625
382,45142,74.7037024111611,3.8022176513671875,633.7029418945312
383,45262,77.92208358953108,3.9468731689453125,657.8121948242188
384,45382,71.73472013277619,3.6744510498046874,612.4085083007812
385,45502,75.01876874642252,3.8142557373046877,635.7092895507812
386,45622,74.8712920663159,3.80936572265625,634.894287109375
387,45742,65.62822217538907,3.3869959716796876,564.4993286132812
388,45862,80.30958307851422,4.0554609375,675.91015625
389,45982,75.03804858428227,3.81767724609375,636.279541015625
390,46102,75.44271122592386,3.8335850830078124,638.9308471679688
391,46222,73.60660953876213,3.7474552001953123,624.5758666992188
392,46342,73.38399576874367,3.750862060546875,625.1436767578125
393,46462,72.80652336862192,3.708303955078125,618.0506591796875
394,46582,70.6059280181064,3.618759521484375,603.1265869140625
395,46702,77.85997187340125,3.9552506103515626,659.2084350585938
396,46822,75.60192895100043,3.8411898193359373,640.1983032226562
397,46942,74.93645105922113,3.81076025390625,635.126708984375
398,47062,78.32995060965555,3.954492919921875,659.0821533203125
399,47182,72.03855142605659,3.6866539306640624,614.4423217773438
400,47302,73.3915840502268,3.744977783203125,624.1629638671875
401,47422,73.04852436257437,3.7267869873046875,621.1311645507812
402,47542,79.31816510328802,4.023037719726562,670.5062866210938
403,47662,74.23318069276038,3.785778076171875,630.9630126953125
404,47782,75.0699383848413,3.82699365234375,637.832275390625
405,47902,76.65237200154641,3.8885057373046874,648.0842895507812
406,48022,84.00159160163446,4.226634155273437,704.4390258789062
407,48142,76.94797955648667,3.9101759033203125,651.6959838867188
408,48262,70.12194916914648,3.5913284912109376,598.5547485351562
409,48382,77.44646469387521,3.9212113037109373,653.5352172851562
410,48502,74.69416835300834,3.8092822265625,634.88037109375
411,48622,78.09017743466237,3.956991943359375,659.4986572265625
412,48742,78.90687835329462,3.984018310546875,664.0030517578125
413,48862,76.28189930534874,3.877883056640625,646.3138427734375
414,48982,76.6946298952513,3.9068902587890624,651.1483764648438
415,49102,77.0839817271249,3.9039935302734374,650.6655883789062
416,49222,76.46649511447619,3.8895106201171874,648.2517700195312
417,49342,73.41995838821606,3.7405001220703125,623.4166870117188
418,49462,82.28062379874115,4.138832885742188,689.8054809570312
419,49582,80.5482073299149,4.065267700195313,677.5446166992188
420,49702,79.84181600387177,4.040133544921875,673.3555908203125
421,49822,76.72533992033557,3.891113525390625,648.5189208984375
422,49942,81.51909713424811,4.10892333984375,684.820556640625
423,50062,84.01005378549696,4.224763549804687,704.1272583007812
424,50182,76.00630660882877,3.861391845703125,643.5653076171875
425,50302,81.03022152590755,4.088004272460937,681.3340454101562
426,50422,73.05764376699715,3.7282218017578126,621.3703002929688
427,50542,72.33409856463169,3.7116368408203124,618.6061401367188
428,50662,83.6054855780165,4.208223999023438,701.3706665039062
429,50782,76.05982938996868,3.8648843994140627,644.1473999023438
430,50902,83.08250211580395,4.18410205078125,697.350341796875
431,51022,76.17599243575926,3.86933056640625,644.888427734375
432,51142,80.7492466386573,4.074560302734375,679.0933837890625
433,51262,77.55768063131657,3.9244072265625,654.06787109375
434,51382,84.35624946523845,4.237475830078125,706.2459716796875
435,51502,75.70858902163229,3.8457015380859376,640.9502563476562
436,51622,82.58285551516396,4.166796752929687,694.4661254882812
437,51742,80.73218020524874,4.068500610351562,678.0834350585938
438,51862,79.84565052244334,4.036818969726562,672.8031616210938
439,51982,80.67750040886513,4.061437866210937,676.9063110351562
440,52102,71.13961592991598,3.6455657958984373,607.5942993164062
441,52222,76.2282311183607,3.8593004150390624,643.2167358398438
442,52342,82.00671060613016,4.1292396240234375,688.2066040039062
443,52462,79.14205779787956,4.0066724853515625,667.7787475585938
444,52582,79.94825147169514,4.042576538085937,673.7627563476562
445,52702,75.24908578239555,3.823682373046875,637.2803955078125
446,52822,81.26699544584373,4.101889892578125,683.6483154296875
447,52942,75.64667508061262,3.8325205078125,638.75341796875
448,53062,78.87218252908542,3.9851986083984374,664.1997680664062
449,53182,79.37870995848162,4.017093017578125,669.5155029296875
450,53302,81.99995322502443,4.137203979492187,689.5339965820312
451,53422,86.66737249923135,4.335658081054688,722.6096801757812
452,53542,86.58956088778682,4.349616943359375,724.9361572265625
453,53662,78.72390152001151,3.9970213623046873,666.1702270507812
454,53782,79.84691442333906,4.025527587890625,670.9212646484375
455,53902,77.05131511340133,3.90229248046875,650.382080078125
456,54022,86.41547841102327,4.335971923828125,722.6619873046875
457,54142,85.83686646403915,4.3054921875,717.58203125
458,54262,82.08238452389182,4.133416259765625,688.9027099609375
459,54382,68.764593371503,3.53137646484375,588.562744140625
460,54502,85.54654923291095,4.292481811523437,715.4136352539062
461,54622,81.40469453866365,4.094901489257812,682.4835815429688
462,54742,77.56830111985214,3.928007080078125,654.6678466796875
463,54862,84.28062351493284,4.2357022705078125,705.9503784179688
464,54982,77.30990250855244,3.9171910400390626,652.8651733398438
465,55102,78.36134140060713,3.9742001953125,662.36669921875
466,55222,83.45939816141045,4.214701538085937,702.4502563476562
467,55342,84.41097263269006,4.233846313476563,705.6410522460938
468,55462,83.72774180256923,4.214594970703125,702.4324951171875
469,55582,77.0392310006128,3.90766845703125,651.278076171875
470,55702,82.19128478123605,4.137513061523437,689.5855102539062
471,55822,82.7136512781577,4.169919067382812,694.9865112304688
472,55942,89.86190829503413,4.482667602539062,747.1112670898438
473,56062,86.7305170899834,4.335334716796875,722.5557861328125
474,56182,82.16926215389232,4.150178833007812,691.6964721679688
475,56302,78.88138236069057,3.9862254638671875,664.3709106445312
476,56422,84.09325093606012,4.22465771484375,704.109619140625
477,56542,80.78858263378653,4.07870947265625,679.784912109375
478,56662,90.28584712432291,4.500200317382813,750.0333862304688
479,56782,83.41616666977208,4.191739013671875,698.6231689453125
480,56902,79.59904426484822,4.0236005859375,670.60009765625
481,57022,85.49789240546751,4.289760864257812,714.9601440429688
482,57142,80.29878572741498,4.05367236328125,675.612060546875
483,57262,79.36108605556659,4.0093143310546875,668.2190551757812
484,57382,84.90320110006266,4.263468017578125,710.5780029296875
485,57502,82.01892032596751,4.13058544921875,688.430908203125
486,57622,85.73661230601161,4.295195068359375,715.8658447265625
487,57742,79.93307567318462,4.03180224609375,671.967041015625
488,57862,81.93962229198715,4.140504638671875,690.0841064453125
489,57982,82.82068695164016,4.16756689453125,694.594482421875
490,58102,83.36552178302827,4.194578247070313,699.0963745117188
491,58222,84.05641540012914,4.225109985351563,704.1849975585938
492,58342,82.28571812228046,4.141640991210937,690.2734985351562
493,58462,87.01423067904607,4.358137939453125,726.3563232421875
494,58582,79.99413183788354,4.041754028320312,673.6256713867188
495,58702,82.015211873609,4.13016064453125,688.360107421875
496,58822,84.81214310384422,4.25554248046875,709.257080078125
497,58942,85.02236831741561,4.267434448242187,711.2390747070312
498,59062,79.61287255387386,4.017926879882813,669.6544799804688
499,59182,92.65848289134723,4.614533935546875,769.0889892578125
500,59302,88.0281683463349,4.40203125,733.671875
501,59422,85.73255697434115,4.297791870117187,716.2986450195312
502,59542,79.91206888052957,4.034545532226563,672.4242553710938
503,59662,83.8658291207926,4.209280883789062,701.5468139648438
504,59782,84.14969708505068,4.230509765625,705.0849609375
505,59902,82.12732450840113,4.1291524658203125,688.1920776367188
506,60022,86.09362769378419,4.3124630126953125,718.7438354492188
507,60142,81.80409253947971,4.111505859375,685.2509765625
508,60262,86.7151416806182,4.344669067382813,724.1115112304688
509,60382,85.72497052416361,4.303718627929688,717.2864379882812
510,60502,82.69145368910021,4.162084716796875,693.6807861328125
511,60622,91.63324543601185,4.560035888671875,760.0059814453125
512,60742,84.13179327137486,4.231285766601562,705.2142944335938
513,60862,85.06068272050594,4.27828857421875,713.048095703125
514,60982,83.61863840614154,4.201246948242187,700.2078247070312
515,61102,85.26495486631316,4.273672119140625,712.2786865234375
516,61222,82.47348244402869,4.149592895507812,691.5988159179688
517,61342,82.1729355488761,4.1390709228515625,689.8451538085938
518,61462,86.56126539210325,4.331004272460937,721.8340454101562
519,61582,84.96739937252383,4.26238916015625,710.398193359375
520,61702,89.20279718036605,4.45287890625,742.146484375
521,61822,86.60791424472943,4.33330078125,722.216796875
522,61942,91.68741906715425,4.56670166015625,761.116943359375
523,62062,78.07850467053433,3.9435025634765624,657.2504272460938
524,62182,83.2022557050481,4.182362915039063,697.0604858398438
525,62302,87.9031102162435,4.386776733398437,731.1294555664062
526,62422,85.65741084116638,4.298898193359375,716.4830322265625
527,62542,81.34041002735972,4.093860717773437,682.3101196289062
528,62662,86.84176149001853,4.342708374023437,723.7847290039062
529,62782,85.76731709902955,4.30254052734375,717.090087890625
530,62902,84.19232859342786,4.214984252929687,702.4973754882812
531,63022,93.95913451177505,4.664021850585938,777.3369750976562
532,63142,90.29538559201046,4.50127587890625,750.212646484375
533,63262,82.57082807602572,4.152943359375,692.1572265625
534,63382,75.61246731060659,3.8363741455078126,639.3956909179688
535,63502,91.3005062383619,4.5449197998046875,757.4866333007812
536,63622,92.43480696122117,4.595004638671875,765.8341064453125
537,63742,88.71388083269596,4.430599365234375,738.4332275390625
538,63862,87.00787987409444,4.3586927490234375,726.4487915039062
539,63982,83.19874577070706,4.179690673828125,696.6151123046875
540,64102,84.48012003766507,4.241295043945312,706.8825073242188
541,64222,95.71157899112507,4.74499658203125,790.832763671875
542,64342,88.85430459037876,4.442122192382812,740.3536987304688
543,64462,91.6971138855034,4.5614468994140625,760.2411499023438
544,64582,83.18624308716473,4.177414672851563,696.2357788085938
545,64702,87.92516971254936,4.400168701171875,733.3614501953125
546,64822,92.57626708758194,4.60321728515625,767.202880859375
547,64942,91.49475991981062,4.554336181640625,759.0560302734375
548,65062,86.97445225333026,4.359976684570312,726.6627807617188
549,65182,90.25299563376382,4.506296997070312,751.0494995117188
550,65302,92.1214725349044,4.58304345703125,763.840576171875
551,65422,90.49567747408356,4.516976806640625,752.8294677734375
552,65542,83.04394557777566,4.169546630859375,694.9244384765625
553,65662,89.18635543948955,4.45107275390625,741.845458984375
554,65782,90.7425013640791,4.51402880859375,752.338134765625
555,65902,84.81533129850169,4.2507451171875,708.45751953125
556,66022,84.67540569396218,4.252727783203125,708.7879638671875
557,66142,82.56979216857543,4.162498168945312,693.7496948242188
558,66262,86.31495446852216,4.322997436523438,720.4995727539062
559,66382,88.11091907542351,4.407170288085937,734.5283813476562
560,66502,93.90345646073762,4.6662509765625,777.70849609375
561,66622,94.96761653819992,4.711492309570312,785.2487182617188
562,66742,90.35049695535493,4.507684204101563,751.2807006835938
563,66862,86.57985775900141,4.33746533203125,722.910888671875
564,66982,84.83616020200299,4.257812255859375,709.6353759765625
565,67102,90.81303644488816,4.518937133789063,753.1561889648438
566,67222,86.32562203966413,4.316953125,719.4921875
567,67342,92.17640917245329,4.593051635742188,765.5086059570312
568,67462,95.92747310745136,4.759714233398437,793.2857055664062
569,67582,88.67524521570448,4.427329467773437,737.8882446289062
570,67702,85.95035224168846,4.297877563476563,716.3129272460938
571,67822,93.86538090277722,4.658271606445313,776.3786010742188
572,67942,92.7673526959562,4.615450927734375,769.2418212890625
573,68062,92.58264687630941,4.614123046875,769.0205078125
574,68182,87.03033231064845,4.346087768554687,724.3479614257812
575,68302,86.68595007167488,4.334229125976562,722.3715209960938
576,68422,88.11292304677104,4.409533813476562,734.9223022460938
577,68542,88.78674216693459,4.438176635742187,739.6961059570312
578,68662,83.59502098204197,4.195168579101563,699.1947631835938
579,68782,92.98977396205818,4.622481811523437,770.4136352539062
580,68902,84.79356649551173,4.245809692382813,707.6349487304688
581,69022,88.00988104256226,4.404884765625,734.1474609375
582,69142,97.57184701295132,4.826755737304688,804.4592895507812
583,69262,100.41089215043998,4.957249877929687,826.2083129882812
584,69382,87.92825892963462,4.393210327148437,732.2017211914062
585,69502,95.9005860509867,4.749124145507812,791.5206909179688
586,69622,91.31630293772625,4.552738403320313,758.7897338867188
587,69742,91.62764337267235,4.561842041015625,760.3070068359375
588,69862,89.3809094361046,4.4546964111328125,742.4494018554688
589,69982,88.16527905080146,4.40593212890625,734.322021484375
590,70102,94.92845397229091,4.715241577148437,785.8735961914062
591,70222,85.2501081164185,4.27208203125,712.013671875
592,70342,91.83241298810184,4.574200927734375,762.3668212890625
593,70462,98.80244632545072,4.88802978515625,814.671630859375
594,70582,91.41958072061246,4.54564013671875,757.606689453125
595,70702,94.30018692923827,4.678713500976563,779.7855834960938
596,70822,87.71433221726103,4.377887329101562,729.6478881835938
597,70942,89.58612636993286,4.459728515625,743.2880859375
598,71062,92.31137414007878,4.592745483398438,765.4575805664062
599,71182,99.88307744958935,4.936997314453125,822.8328857421875
600,71302,90.70014602776078,4.5169134521484375,752.8189086914062
601,71422,86.48754701834005,4.325761596679688,720.9602661132812
602,71542,94.74434715317966,4.699317993164063,783.2196655273438
603,71662,92.08763351169343,4.572592163085938,762.0986938476562
604,71782,96.87648831847216,4.79641259765625,799.402099609375
605,71902,90.25192793950399,4.5054605712890625,750.9100952148438
606,72022,97.2496847528476,4.818904541015625,803.1507568359375
607,72142,99.54820086358899,4.906080688476562,817.6801147460938
608,72262,95.57905911045472,4.741572143554688,790.2620239257812
609,72382,85.56656563312595,4.2867919921875,714.46533203125
610,72502,91.27862747107946,4.540744995117188,756.7908325195312
611,72622,90.70861587554695,4.511770751953125,751.9617919921875
612,72742,87.81012495217317,4.390505493164063,731.7509155273438
613,72862,89.95220443000771,4.483046264648437,747.1743774414062
614,72982,100.56951848122635,4.96069482421875,826.782470703125
615,73102,96.5291776339095,4.776817749023437,796.1362915039062
616,73222,92.37735626634893,4.588305908203125,764.7176513671875
617,73342,92.02724933456457,4.578710815429687,763.1184692382812
618,73462,93.02290408327364,4.619372314453125,769.8953857421875
619,73582,95.57315436318152,4.733569702148437,788.9282836914062
620,73702,88.46764757778516,4.41725830078125,736.209716796875
621,73822,90.20060834868613,4.493394653320313,748.8991088867188
622,73942,83.16404596839506,4.167759521484375,694.6265869140625
623,74062,92.74445559726166,4.5995028076171875,766.5838012695312
624,74182,97.05706511470734,4.804033081054688,800.6721801757812
625,74302,95.9194733329057,4.755985473632813,792.6642456054688
626,74422,92.94805676185288,4.611487060546875,768.5811767578125
627,74542,100.33499249799817,4.952572265625,825.4287109375
628,74662,96.13188886923977,4.753866577148438,792.3110961914062
629,74782,91.63717524367142,4.555097534179687,759.1829223632812
630,74902,94.65119592308417,4.697438232421875,782.9063720703125
631,75022,96.90555721592693,4.799657592773437,799.9429321289062
632,75142,97.12084678403735,4.803310913085937,800.5518188476562
633,75262,97.14946308115574,4.806527709960937,801.0879516601562
634,75382,87.35961227254815,4.361665649414062,726.9442749023438
635,75502,91.91535768515311,4.564280639648437,760.7134399414062
636,75622,90.84362992986362,4.530230346679687,755.0383911132812
637,75742,97.78119746618057,4.8371279296875,806.18798828125
638,75862,92.30924910423893,4.584805297851562,764.1342163085938
639,75982,98.34527675197359,4.862078247070312,810.3463745117188
640,76102,94.40979472266865,4.6795587158203125,779.9264526367188
641,76222,92.83590522714861,4.61115380859375,768.525634765625
642,76342,98.27177150964718,4.860277954101562,810.0463256835938
643,76462,91.92708167945213,4.563091552734375,760.5152587890625
644,76582,102.15980969587278,5.035414672851562,839.2357788085938
645,76702,96.30982807201863,4.758903076171875,793.1505126953125
646,76822,91.97993451665712,4.57106396484375,761.843994140625
647,76942,99.79482316997074,4.92270556640625,820.450927734375
648,77062,96.50171316909034,4.774105224609375,795.6842041015625
649,77182,96.7042213643936,4.787657592773438,797.9429321289062
650,77302,99.68512704164648,4.913047119140625,818.8411865234375
651,77422,96.39068905524077,4.775914306640625,795.9857177734375
652,77542,91.20243507693334,4.527565063476563,754.5941772460938
653,77662,97.53404614443761,4.82486279296875,804.143798828125
654,77782,92.00324460977039,4.567446533203125,761.2410888671875
655,77902,98.66821756274213,4.871841796875,811.9736328125
656,78022,98.52815449989559,4.872072509765625,812.0120849609375
657,78142,92.25874453171568,4.590533569335937,765.0889282226562
658,78262,98.32124061336577,4.852110717773438,808.6851196289062
659,78382,99.30774220474922,4.901639282226562,816.9398803710938
660,78502,100.730403366135,4.966063842773438,827.6773071289062
661,78622,103.12314594741551,5.067304321289063,844.5507202148438
662,78742,92.05473516664162,4.573125732421875,762.1876220703125
663,78862,95.49604976567355,4.726397827148437,787.7329711914062
664,78982,97.77673323480586,4.83757177734375,806.261962890625
665,79102,93.28184449283214,4.624770629882812,770.7951049804688
666,79222,91.92310497098921,4.563765747070312,760.6276245117188
667,79342,97.93454993871458,4.843418701171875,807.2364501953125
668,79462,99.45879346296313,4.909519775390625,818.2532958984375
669,79582,88.05744943460459,4.389036254882813,731.5060424804688
670,79702,92.2814768283261,4.579611328125,763.2685546875
671,79822,90.49128522772651,4.506223022460937,751.0371704101562
672,79942,98.29881509689618,4.84992041015625,808.320068359375
673,80062,97.87729270982132,4.83809326171875,806.348876953125
674,80182,97.3403520659161,4.810305541992188,801.7175903320312
675,80302,104.73910415305936,5.1510164794921875,858.5027465820312
676,80422,98.93963515302318,4.8941044921875,815.68408203125
677,80542,103.19086753058345,5.083757080078125,847.2928466796875
678,80662,99.66521448225137,4.918458618164062,819.7431030273438
679,80782,90.75405528355947,4.517252563476562,752.8754272460938
680,80902,97.37467727644852,4.80770068359375,801.283447265625
681,81022,99.06910185073191,4.894483154296875,815.7471923828125
682,81142,98.37329637931956,4.859612548828125,809.9354248046875
683,81262,92.81297695052935,4.604937377929687,767.4895629882812
684,81382,98.17715533835597,4.848623657226563,808.1039428710938
685,81502,97.95173246122347,4.8435849609375,807.26416015625
686,81622,100.87251161110903,4.97545458984375,829.242431640625
687,81742,98.60816623108931,4.879296752929688,813.2161254882812
688,81862,103.22335652459215,5.082937866210938,847.1563110351562
689,81982,96.0817342860385,4.756351684570313,792.7252807617188
690,82102,91.04412739539788,4.522935791015625,753.8226318359375
691,82222,98.58335542590245,4.867820068359375,811.3033447265625
692,82342,90.15333524548784,4.489062744140625,748.1771240234375
693,82462,100.41062033047625,4.961681762695313,826.9469604492188
694,82582,100.20476458668885,4.944256713867188,824.0427856445312
695,82702,102.80122110625608,5.058877807617187,843.1463012695312
696,82822,94.27436409541613,4.673842895507812,778.9738159179688
697,82942,98.23659306032745,4.8542138671875,809.03564453125
698,83062,103.07581809894363,5.077803588867187,846.3005981445312
699,83182,96.62052348723891,4.782566162109375,797.0943603515625
700,83302,90.78013168735049,4.5142353515625,752.37255859375
701,83422,92.36123182812425,4.588653442382813,764.7755737304688
702,83542,99.024609974032,4.8953792724609375,815.8965454101562
703,83662,97.23579793762894,4.809758422851562,801.6264038085938
704,83782,95.8554037623536,4.746250854492187,791.0418090820312
705,83902,100.92336193119746,4.975955200195313,829.3258666992188
706,84022,96.18761471718918,4.7624227294921875,793.7371215820312
707,84142,93.37989794146398,4.63571923828125,772.619873046875
708,84262,100.36029265682681,4.948964721679688,824.8274536132812
709,84382,95.42170071133464,4.7299189453125,788.31982421875
710,84502,96.09819269047657,4.757796752929687,792.9661254882812
711,84622,102.37248430167719,5.043627685546875,840.6046142578125
712,84742,101.99729748726408,5.030417358398437,838.4028930664062
713,84862,98.6946407859667,4.875475708007812,812.5792846679688
714,84982,93.02945257289441,4.62142236328125,770.237060546875
715,85102,93.68773424626613,4.647591430664063,774.5985717773438
716,85222,99.90210933040106,4.932768310546875,822.1280517578125
717,85342,94.67744677616417,4.691453979492188,781.9089965820312
718,85462,95.17664510655027,4.709029541015625,784.8382568359375
719,85582,95.40140488248515,4.7307586669921875,788.4597778320312
720,85702,96.9389137296126,4.797072875976562,799.5121459960938
721,85822,98.54479812157656,4.86580078125,810.966796875
722,85942,94.15001151954051,4.66724853515625,777.874755859375
723,86062,97.7872139195004,4.826661254882812,804.4435424804688
724,86182,96.82944107643108,4.796289916992188,799.3816528320312
725,86302,95.52773646476851,4.7306982421875,788.44970703125
726,86422,93.43399776209709,4.625950927734375,770.9918212890625
727,86542,94.36741148999613,4.681861083984375,780.3101806640625
728,86662,92.38300061463255,4.590009521484375,765.0015869140625
729,86782,94.92089298070663,4.70583251953125,784.305419921875
730,86902,100.55475961045093,4.966871337890625,827.8118896484375
731,87022,99.29206808505027,4.902758056640625,817.1263427734375
732,87142,94.66846977371547,4.698974487304688,783.1624145507812
733,87262,99.13490379121498,4.895278198242187,815.8796997070312
734,87382,88.49195880219897,4.4123408203125,735.39013671875
735,87502,96.35216189400916,4.773036987304687,795.5061645507812
736,87622,97.29033342368872,4.809772705078125,801.6287841796875
737,87742,97.16840889442835,4.803688842773438,800.6148071289062
738,87862,93.292541117845,4.633852294921875,772.3087158203125
739,87982,96.57895761347865,4.77908203125,796.513671875
740,88102,96.34223140075511,4.768116943359375,794.6861572265625
741,88222,103.09615093330387,5.081500854492187,846.9168090820312
742,88342,101.76798623868982,5.020673217773438,836.7788696289062
743,88462,99.2631900309892,4.901380004882813,816.8966674804688
744,88582,95.57777634847346,4.726311767578125,787.7186279296875
745,88702,91.77136062866069,4.564489379882812,760.7482299804688
746,88822,93.78701764872773,4.661818359375,776.9697265625
747,88942,101.66451192010841,5.015265747070313,835.8776245117188
748,89062,93.84517601423114,4.652104248046875,775.3507080078125
749,89182,102.55203714627501,5.049225952148437,841.5376586914062
750,89302,104.24824177702406,5.131913818359375,855.3189697265625
751,89422,98.05592397883419,4.847700073242187,807.9500122070312
752,89542,100.33197145329892,4.950435791015625,825.0726318359375
753,89662,100.84401884917727,4.979262084960937,829.8770141601562
754,89782,97.03292072106537,4.7962001953125,799.36669921875
755,89902,102.46359659710316,5.0399619140625,839.99365234375
756,90022,108.30236332055411,5.320194580078125,886.6990966796875
757,90142,97.98698190090903,4.84250537109375,807.084228515625
758,90262,103.85631105667666,5.113401489257813,852.2335815429688
759,90382,98.09022472984273,4.84618798828125,807.697998046875
760,90502,100.9149690538281,4.987519409179687,831.2532348632812
761,90622,103.05192643845315,5.0699879150390625,844.9979858398438
762,90742,95.8569412525242,4.748752075195313,791.4586791992188
763,90862,104.68568826153627,5.14759716796875,857.932861328125
764,90982,98.96871799955927,4.891672485351562,815.2787475585938
765,91102,106.40290483722895,5.2262200927734375,871.0366821289062
766,91222,98.11872484100914,4.850215942382812,808.3693237304688
767,91342,101.86458225512428,5.023801025390625,837.3001708984375
768,91462,96.52913286835047,4.77301171875,795.501953125
769,91582,99.08142128245679,4.89378369140625,815.630615234375
770,91702,104.74022005675391,5.147162109375,857.8603515625
771,91822,102.49842926077456,5.049955444335938,841.6592407226562
772,91942,103.24039952548276,5.076494384765625,846.0823974609375
773,92062,95.72477586752315,4.74446923828125,790.744873046875
774,92182,101.15683187849758,4.989844848632813,831.6408081054688
775,92302,108.08148587749054,5.295254516601562,882.5424194335938
776,92422,106.62662635412866,5.237836303710938,872.9727172851562
777,92542,106.75810989164361,5.240979125976563,873.4965209960938
778,92662,100.90061467284055,4.974346801757813,829.0578002929688
779,92782,100.28273303863725,4.94197705078125,823.662841796875
780,92902,101.55835990766622,5.004046875,834.0078125
781,93022,104.56206451412376,5.1485833740234375,858.0972290039062
782,93142,108.29438978841094,5.313575317382813,885.5958862304688
783,93262,97.22211777210222,4.803847045898437,800.6411743164062
784,93382,99.90874331809798,4.9302451171875,821.70751953125
785,93502,102.1476046185567,5.030868896484375,838.4781494140625
786,93622,102.92288401362393,5.066953125,844.4921875
787,93742,101.32279540911587,4.998427368164062,833.0712280273438
788,93862,98.3183738241844,4.861909423828125,810.3182373046875
789,93982,104.16451758198507,5.123557250976562,853.9262084960938
790,94102,96.18489970860482,4.76357373046875,793.928955078125
791,94222,103.96796819644764,5.11827685546875,853.046142578125
792,94342,102.60006232678604,5.055937133789063,842.6561889648438
793,94462,102.26387285538797,5.032326416015625,838.7210693359375
794,94582,101.81086478511698,5.01769189453125,836.281982421875
795,94702,105.17493575776642,5.167032348632812,861.1720581054688
796,94822,107.6658729829289,5.282063598632813,880.3439331054688
797,94942,106.79034472776723,5.251051025390625,875.1751708984375
798,95062,104.46379289722577,5.141993774414063,856.9989624023438
799,95182,104.0243321495561,5.116714965820313,852.7858276367188
800,95302,102.17962971515907,5.0290078125,838.16796875
801,95422,108.49731642177584,5.31796875,886.328125
802,95542,103.69955392084066,5.097033325195312,849.5055541992188
803,95662,102.74250739985392,5.061315673828125,843.5526123046875
804,95782,101.24295502410408,4.985806640625,830.9677734375
805,95902,107.23032343307327,5.267566040039062,877.9276733398438
806,96022,105.48874367318346,5.18579296875,864.298828125
807,96142,94.98959389826754,4.703927124023438,783.9878540039062
808,96262,103.88902584580656,5.107204467773437,851.2007446289062
809,96382,105.91351331573975,5.209529663085937,868.2549438476562
810,96502,104.2855334747407,5.128449462890625,854.7415771484375
811,96622,101.35588590928919,4.999060913085938,833.1768188476562
812,96742,103.43354111828013,5.0946199951171875,849.1033325195312
813,96862,94.53443252612944,4.691414794921875,781.9024658203125
814,96982,106.37381426008056,5.227373657226562,871.2289428710938
815,97102,99.3475183550934,4.901047119140625,816.8411865234375
816,97222,99.8451096378804,4.929135131835937,821.5225219726562
817,97342,100.47679308908029,4.957320556640625,826.2200927734375
818,97462,107.38511583355806,5.270738159179688,878.4563598632812
819,97582,108.89130897539795,5.3412498779296875,890.2083129882812
820,97702,107.71910791563985,5.286502075195313,881.0836791992188
821,97822,101.19416482796484,4.986812255859375,831.1353759765625
822,97942,98.54040214282779,4.865882446289063,810.9804077148438
823,98062,104.64001547120384,5.137436645507813,856.2394409179688
824,98182,113.15886146744695,5.538481201171875,923.0802001953125
825,98302,110.03004373729318,5.390580322265625,898.4300537109375
826,98422,105.38250583702055,5.1828636474609375,863.8106079101562
827,98542,106.47651535499129,5.23575146484375,872.625244140625
828,98662,105.91320470161169,5.206001586914063,867.6669311523438
829,98782,102.28172918123906,5.0376123046875,839.60205078125
830,98902,107.5709731721839,5.279473754882813,879.9122924804688
831,99022,104.60794760200189,5.13411181640625,855.685302734375
832,99142,104.23069063322801,5.126506713867188,854.4177856445312
833,99262,105.40428832578627,5.178305053710938,863.0508422851562
834,99382,110.88992129437412,5.43061083984375,905.101806640625
835,99502,95.99979425051092,4.744043334960938,790.6738891601562
836,99622,95.70241827676752,4.742570068359375,790.4283447265625
837,99742,103.32824174713102,5.087764526367187,847.9607543945312
838,99862,103.70028533206931,5.104825927734375,850.8043212890625
839,99982,107.86443247350621,5.29358056640625,882.263427734375
840,100102,107.80625166481599,5.2838895263671875,880.6482543945312
841,100222,102.06134119791476,5.0284881591796875,838.0813598632812
842,100342,106.7014812844694,5.242465209960938,873.7442016601562
843,100462,101.4011355492855,5.003630493164063,833.9384155273438
844,100582,104.55598192603537,5.13822509765625,856.370849609375
845,100702,104.89211467247881,5.16193505859375,860.322509765625
846,100822,109.07160625227087,5.3417138671875,890.28564453125
847,100942,103.88103375610191,5.113872802734375,852.3121337890625
848,101062,106.34521604951854,5.226144287109375,871.0240478515625
849,101182,103.65829404208995,5.108602661132813,851.4337768554688
850,101302,101.7521704978488,5.019028930664063,836.5048217773438
851,101422,110.84163902181191,5.425016967773438,904.1694946289062
852,101542,103.41985149034946,5.08322021484375,847.203369140625
853,101662,112.08421024113326,5.480502685546875,913.4171142578125
854,101782,109.39432493595663,5.358358520507813,893.0597534179688
855,101902,105.66134674099285,5.188353149414063,864.7255249023438
856,102022,112.53021078576856,5.503337036132812,917.2228393554688
857,102142,105.65652074976954,5.199454467773437,866.5757446289062
858,102262,109.41758928375111,5.366498657226563,894.4164428710938
859,102382,108.63005091019052,5.330470092773438,888.4116821289062
860,102502,102.13988045066009,5.02539990234375,837.566650390625
861,102622,105.46115129728435,5.1764970703125,862.74951171875
862,102742,104.8380718115325,5.14473779296875,857.456298828125
863,102862,106.61839731467632,5.234827514648438,872.4712524414062
864,102982,109.25838374449964,5.3540361328125,892.33935546875
865,103102,113.86707869029254,5.560341430664063,926.7235717773438
866,103222,100.7914473198688,4.959793579101563,826.6322631835938
867,103342,104.33323916777454,5.122093505859375,853.6822509765625
868,103462,103.3626210384024,5.081908447265625,846.9847412109375
869,103582,109.02757218107612,5.336911376953125,889.4852294921875
870,103702,108.7585554759622,5.331400268554687,888.5667114257812
871,103822,113.74177096825913,5.556830932617188,926.1384887695312
872,103942,104.17459950587455,5.115216430664063,852.5360717773438
873,104062,108.74407263813688,5.328794677734375,888.1324462890625
874,104182,112.3564628773381,5.49058740234375,915.097900390625
875,104302,100.43244186257856,4.944598022460937,824.0996704101562
876,104422,108.22721644578446,5.300723510742188,883.4539184570312
877,104542,110.0420063014771,5.382380493164063,897.0634155273438
878,104662,110.35248129940425,5.404280639648437,900.7134399414062
879,104782,108.40980808819701,5.31564990234375,885.941650390625
880,104902,112.09028191301127,5.47793408203125,912.989013671875
881,105022,101.07476741463321,4.972854125976562,828.8090209960938
882,105142,108.23052355642972,5.305023193359375,884.1705322265625
883,105262,105.73738165541243,5.19419970703125,865.699951171875
884,105382,115.94525485967866,5.656044799804688,942.6741333007812
885,105502,108.90549157488634,5.336567138671875,889.4278564453125
886,105622,114.41417043529424,5.594674438476562,932.4457397460938
887,105742,109.02084301596719,5.340020874023438,890.0034790039062
888,105862,104.32264883344156,5.125639892578125,854.2733154296875
889,105982,109.66579569929715,5.36878125,894.796875
890,106102,108.34679722313595,5.309684692382812,884.9474487304688
891,106222,104.32614248167498,5.128742065429687,854.7903442382812
892,106342,109.9532711385897,5.380262329101562,896.7103881835938
893,106462,107.93280022444166,5.289541259765625,881.5902099609375
894,106582,112.66687475098745,5.513318115234375,918.8863525390625
895,106702,102.84191837730785,5.0609296875,843.48828125
896,106822,111.17134824893176,5.440597412109375,906.7662353515625
897,106942,113.03819837036092,5.522085205078125,920.3475341796875
898,107062,103.50009298949715,5.08760009765625,847.933349609375
899,107182,113.07539309326742,5.527200073242187,921.2000122070312
900,107302,111.84276143539658,5.46230419921875,910.384033203125
901,107422,109.76967115444245,5.369597534179688,894.9329223632812
902,107542,110.42266034423332,5.403399536132812,900.5665893554688
903,107662,111.16509382049276,5.434904663085938,905.8174438476562
904,107782,110.44532572183431,5.406305053710938,901.0508422851562
905,107902,110.56259313844654,5.407760009765625,901.2933349609375
906,108022,108.35773875247277,5.303946166992188,883.9910278320312
907,108142,108.92778808736327,5.3329273681640625,888.8212280273438
908,108262,111.14630847817452,5.4321416015625,905.35693359375
909,108382,104.8831858040513,5.146512084960937,857.7520141601562
910,108502,111.21485265753088,5.435035034179688,905.8391723632812
911,108622,111.42273397049036,5.443634033203125,907.2723388671875
912,108742,108.31509421362976,5.309488037109375,884.9146728515625
913,108862,113.88742405195413,5.55832763671875,926.387939453125
914,108982,120.10843948705657,5.843002807617188,973.8338012695312
915,109102,113.32668904577292,5.53767626953125,922.946044921875
916,109222,109.52580641690099,5.3589759521484375,893.1626586914062
917,109342,104.21207636623991,5.1171767578125,852.86279296875
918,109462,99.83740818195034,4.924346923828125,820.7244873046875
919,109582,112.79463090965247,5.510153686523437,918.3589477539062
920,109702,103.96132127758429,5.109170288085937,851.5283813476562
921,109822,112.06470400166914,5.478131469726563,913.0219116210938
922,109942,109.46531944471309,5.364285278320312,894.0475463867188
923,110062,110.078208057255,5.379169555664062,896.5282592773438
924,110182,105.9768124611392,5.1977603759765625,866.2933959960938
925,110302,111.03388942936297,5.427988037109375,904.6646728515625
926,110422,109.26390472917839,5.345183349609375,890.8638916015625
927,110542,108.2273735664728,5.300874389648437,883.4790649414062
928,110662,110.91558560452742,5.424990600585938,904.1651000976562
929,110782,112.29320830038529,5.478145385742187,913.0242309570312
930,110902,119.29439715324709,5.803617553710938,967.2695922851562
931,111022,108.23928592353046,5.303609985351563,883.9349975585938
932,111142,111.16045772935689,5.430190063476562,905.0316772460938
933,111262,107.81742644766246,5.2845966796875,880.76611328125
934,111382,111.9723023367838,5.468826416015625,911.4710693359375
935,111502,114.23917872485742,5.57492578125,929.154296875
936,111622,113.44501660556725,5.54013134765625,923.355224609375
937,111742,106.49782799585142,5.222818359375,870.4697265625
938,111862,110.39534892896117,5.39577099609375,899.295166015625
939,111982,112.61143755747675,5.506077758789062,917.6796264648438
940,112102,112.47908536589695,5.4940294189453125,915.6715698242188
941,112222,115.88270556964838,5.650014404296875,941.6690673828125
942,112342,113.08756918201989,5.52521484375,920.869140625
943,112462,104.36843569206715,5.126467529296875,854.4112548828125
944,112582,116.4088459221608,5.678919067382813,946.4865112304688
945,112702,108.29016394116658,5.30318701171875,883.864501953125
946,112822,115.37506941231314,5.618425048828125,936.4041748046875
947,112942,111.89368496048482,5.470264892578125,911.7108154296875
948,113062,110.79107720408655,5.416775756835937,902.7959594726562
949,113182,108.30077849739897,5.310870483398437,885.1450805664062
950,113302,109.60370713931917,5.362566284179687,893.7610473632812
951,113422,109.96641379281596,5.375318115234375,895.8863525390625
952,113542,115.83286052886424,5.6500400390625,941.67333984375
953,113662,114.94346921120642,5.607626220703125,934.6043701171875
954,113782,109.61006495446237,5.3623388671875,893.72314453125
955,113902,120.27401135441823,5.845611328125,974.2685546875
956,114022,110.93287036038276,5.423793823242187,903.9656372070312
957,114142,107.08329976331952,5.248552001953125,874.7586669921875
958,114262,116.73657976340324,5.687782836914063,947.9638061523438
959,114382,108.01487484102972,5.293230834960937,882.2051391601562
960,114502,119.84293754541281,5.8277314453125,971.28857421875
961,114622,102.67766261357437,5.0515869140625,841.93115234375
962,114742,108.89980788545216,5.32629931640625,887.716552734375
963,114862,112.16339732720925,5.473150268554687,912.1917114257812
964,114982,113.98992326197146,5.566646850585937,927.7744750976562
965,115102,112.69371883684103,5.502850708007813,917.1417846679688
966,115222,115.17716135872807,5.615592407226562,935.9320678710938
967,115342,111.60178355592653,5.449426391601563,908.2377319335938
968,115462,108.77418563794043,5.327235717773437,887.8726196289062
969,115582,113.39621229111971,5.539897705078125,923.3162841796875
970,115702,110.74710395802373,5.41579248046875,902.632080078125
971,115822,109.25565594883281,5.34472705078125,890.787841796875
972,115942,112.81979566389359,5.508225952148438,918.0376586914062
973,116062,110.11147365829963,5.380790771484375,896.7984619140625
974,116182,110.1151869044999,5.388992797851563,898.1654663085938
975,116302,115.81729508151491,5.64596484375,940.994140625
976,116422,118.01312433300716,5.740165649414062,956.6942749023438
977,116542,111.25971340250001,5.433967895507813,905.6613159179688
978,116662,113.08931137671998,5.516223266601562,919.3705444335938
979,116782,108.44395738403014,5.309392456054687,884.8987426757812
980,116902,111.18899409559013,5.434064208984375,905.6773681640625
981,117022,118.36263699167401,5.763288208007813,960.5480346679688
982,117142,120.05411688972805,5.845458251953125,974.2430419921875
983,117262,115.48072032697695,5.631773071289063,938.6288452148438
984,117382,105.93144314140307,5.19160693359375,865.267822265625
985,117502,113.90216086104161,5.558276000976562,926.3793334960938
986,117622,110.0336572566929,5.378153686523437,896.3589477539062
987,117742,111.08664002023744,5.4270780029296875,904.5130004882812
988,117862,119.58547116649012,5.816012329101563,969.3353881835938
989,117982,118.80979935859241,5.77835888671875,963.059814453125
990,118102,116.03515563981671,5.658481201171875,943.0802001953125
991,118222,109.47427635766275,5.35829736328125,893.049560546875
992,118342,114.7487644452646,5.597994506835938,932.9990844726562
993,118462,117.07711122225001,5.704118408203125,950.6864013671875
994,118582,115.67975790851528,5.64259716796875,940.432861328125
995,118702,114.21761567808491,5.572605834960937,928.7676391601562
996,118822,113.3431170770937,5.532885864257812,922.1476440429688
997,118942,109.08857797136261,5.339086303710937,889.8477172851562
998,119062,120.12934565786378,5.842658203125,973.7763671875
999,119182,110.51486341336889,5.410277709960938,901.7129516601562
1000,119302,113.42609524984569,5.5343818359375,922.39697265625
1001,119422,113.32567379882408,5.529435424804688,921.5725708007812
1002,119542,112.38288258904453,5.483951293945313,913.9918823242188
1003,119662,111.6797354085523,5.45994580078125,909.990966796875
1004,119782,110.89848827573599,5.415317504882813,902.5529174804688
1005,119902,105.84276501555034,5.192845092773437,865.4741821289062
1006,120022,117.57362802155191,5.725660034179688,954.2766723632812
1007,120142,104.5365952309663,5.127327026367188,854.5545043945312
1008,120262,109.96848893990955,5.376360717773437,896.0601196289062
1009,120382,118.34538807323517,5.7618211669921875,960.3035278320312
1010,120502,113.64624974769521,5.546593505859375,924.4322509765625
1011,120622,116.55704738177565,5.679932373046875,946.6553955078125
1012,120742,116.56412638899701,5.676641967773437,946.1069946289062
1013,120862,113.54604634738041,5.539259765625,923.2099609375
1014,120982,111.67539489012572,5.458304077148438,909.7173461914062
1015,121102,107.99896420601621,5.290487548828125,881.7479248046875
1016,121222,117.99931555933622,5.7459931640625,957.66552734375
1017,121342,107.65761298562074,5.274470947265625,879.0784912109375
1018,121462,111.68660172185702,5.454305053710938,909.0508422851562
1019,121582,110.4024511326437,5.400024536132812,900.0040893554688
1020,121702,112.41351040527191,5.490276123046875,915.0460205078125
1021,121822,107.86931331222183,5.28273046875,880.455078125
1022,121942,113.19920130918175,5.524618286132813,920.7697143554688
1023,122062,111.15445651535953,5.4313388671875,905.22314453125
1024,122182,124.50400450100813,6.03819580078125,1006.365966796875
1025,122302,118.19721411683483,5.751930541992188,958.6550903320312
1026,122422,112.04352212681455,5.471141967773438,911.8569946289062
1027,122542,109.12533502372474,5.347016967773437,891.1694946289062
1028,122662,118.49142851734501,5.766390380859375,961.0650634765625
1029,122782,114.14144525985283,5.563962890625,927.3271484375
1030,122902,113.84091805943228,5.558266479492188,926.3777465820312
1031,123022,107.92306231720445,5.286503173828125,881.0838623046875
1032,123142,115.78819023148877,5.643678588867187,940.6130981445312
1033,123262,112.93825758106769,5.520375366210938,920.0625610351562
1034,123382,113.85987217584037,5.555197998046875,925.8663330078125
1035,123502,106.49151107014906,5.21051220703125,868.418701171875
1036,123622,113.80005054581073,5.549843627929688,924.9739379882812
1037,123742,115.92584141978458,5.65321728515625,942.202880859375
1038,123862,115.95027266380508,5.6525291748046875,942.0881958007812
1039,123982,111.11240086434377,5.430319702148437,905.0532836914062
1040,124102,112.11484218032474,5.469668334960938,911.6113891601562
1041,124222,114.27218711577717,5.572212524414063,928.7020874023438
1042,124342,108.70531267131538,5.3198045654296875,886.6340942382812
1043,124462,115.83020230789609,5.645530151367187,940.9216918945312
1044,124582,112.67183464653647,5.4955250244140625,915.9208374023438
1045,124702,108.9769716553323,5.3273759765625,887.89599609375
1046,124822,117.02574743079585,5.702032470703125,950.3387451171875
1047,124942,113.88056446111273,5.553391479492188,925.5652465820312
1048,125062,110.7499028714743,5.409008422851563,901.5014038085938
1049,125182,115.57606059164209,5.633373779296875,938.8956298828125
1050,125302,113.0154652909566,5.514165893554687,919.0276489257812
1051,125422,120.14804073944212,5.837234985351563,972.8724975585938
1052,125542,112.87991046776074,5.510396850585938,918.3994750976562
1053,125662,116.11181552568826,5.66147314453125,943.578857421875
1054,125782,117.70207324507666,5.72585302734375,954.308837890625
1055,125902,119.42748903943779,5.809223876953125,968.2039794921875
1056,126022,118.56728521181529,5.770961059570313,961.8268432617188
1057,126142,116.06986568578799,5.654436767578125,942.4061279296875
1058,126262,114.77686988637376,5.5910709228515625,931.8451538085938
1059,126382,118.1348812078327,5.750973999023437,958.4956665039062
1060,126502,118.89672337592067,5.785002319335938,964.1670532226562
1061,126622,109.82109206297412,5.3686787109375,894.77978515625
1062,126742,110.69663219278462,5.41338134765625,902.230224609375
1063,126862,114.5354223195278,5.5816190185546875,930.2698364257812
1064,126982,120.44971664240626,5.85228076171875,975.380126953125
1065,127102,113.6104985729664,5.540288452148437,923.3814086914062
1066,127222,114.43983640091236,5.58086572265625,930.144287109375
1067,127342,115.15137168369597,5.612467895507812,935.4113159179688
1068,127462,117.9732956992707,5.739437622070312,956.5729370117188
1069,127582,115.73078583623214,5.63696484375,939.494140625
1070,127702,115.5621135195312,5.627177124023437,937.8628540039062
1071,127822,119.94863267004924,5.831095092773437,971.8491821289062
1072,127942,120.13314417454208,5.837321411132812,972.8869018554688
1073,128062,120.63798609861442,5.858210815429688,976.3684692382812
1074,128182,120.88637156278477,5.8733236083984375,978.8872680664062
1075,128302,118.72901859757809,5.773730346679687,962.2883911132812
1076,128422,121.6776760536926,5.906338623046875,984.3897705078125
1077,128542,121.7498863733187,5.912395385742188,985.3992309570312
1078,128662,121.14981827962717,5.8902744140625,981.71240234375
1079,128782,124.25517847265901,6.030265502929687,1005.0442504882812
1080,128902,117.98056717062369,5.740617553710938,956.7695922851562
1081,129022,116.69931020797215,5.686809814453125,947.8016357421875
1082,129142,123.11201131432156,5.980642456054688,996.7737426757812
1083,129262,120.64926520245913,5.863804321289063,977.3007202148438
1084,129382,120.06044184210722,5.837978393554687,972.9963989257812
1085,129502,114.53417547417982,5.580656616210938,930.1094360351562
1086,129622,115.22788560410555,5.612105346679687,935.3508911132812
1087,129742,117.94600345446689,5.73711474609375,956.185791015625
1088,129862,120.68641526172813,5.863798828125,977.2998046875
1089,129982,116.31744310223569,5.661075439453125,943.5125732421875
1090,130102,119.14278362921864,5.7906005859375,965.10009765625
1091,130222,112.00816757390344,5.4647958984375,910.79931640625
1092,130342,117.16046194646565,5.701654907226563,950.2758178710938
1093,130462,123.0134147394043,5.966763061523437,994.4605102539062
1094,130582,110.43871730343122,5.401528564453125,900.2547607421875
1095,130702,116.91833120436195,5.696214477539063,949.3690795898438
1096,130822,111.3716378866329,5.437234497070312,906.2057495117188
1097,130942,112.33872970296267,5.476276611328125,912.7127685546875
1098,131062,114.32100236560767,5.573774780273437,928.9624633789062
1099,131182,115.1626686316801,5.613914794921875,935.6524658203125
1100,131302,130.01235427757004,6.293621337890625,1048.9368896484375
1101,131422,117.78261054236195,5.724940063476563,954.1566772460938
1102,131542,119.63910538388826,5.815276977539063,969.2128295898438
1103,131662,113.02985485454326,5.513692749023438,918.9487915039062
1104,131782,115.6131454195824,5.629104125976562,938.1840209960938
1105,131902,110.97942371219543,5.42180419921875,903.634033203125
1106,132022,119.65856174261097,5.8218145751953125,970.3024291992188
1107,132142,128.9378165857568,6.241078125,1040.1796875
1108,132262,115.92554227716336,5.645168334960937,940.8613891601562
1109,132382,113.2426678017301,5.524041870117188,920.6736450195312
1110,132502,129.31948517604485,6.253216552734375,1042.2027587890625
1111,132622,115.25524621932551,5.616460693359375,936.0767822265625
1112,132742,122.9363470074703,5.963002807617188,993.8338012695312
1113,132862,116.236742515886,5.659187255859375,943.1978759765625
1114,132982,114.2709715674288,5.569972412109375,928.3287353515625
1115,133102,117.86759675998879,5.740313598632812,956.7189331054688
1116,133222,119.98518875451342,5.831744384765625,971.9573974609375
1117,133342,115.03443714067639,5.5978458251953125,932.9743041992188
1118,133462,117.74061088821432,5.725484252929688,954.2473754882812
1119,133582,123.15405060792618,5.9790205078125,996.50341796875
1120,133702,118.82712541219743,5.777707763671875,962.9512939453125
1121,133822,117.98534782501062,5.739286376953125,956.5477294921875
1122,133942,121.27575777971653,5.8915733642578125,981.9288940429688
1123,134062,121.01804985088141,5.883110229492187,980.5183715820312
1124,134182,124.4487976655953,6.0341689453125,1005.69482421875
1125,134302,119.91087975401723,5.827575439453125,971.2625732421875
1126,134422,115.20357224403996,5.6072080078125,934.53466796875
1127,134542,116.25587969007367,5.6610303955078125,943.5050659179688
1128,134662,113.8614284609688,5.552282958984375,925.3804931640625
1129,134782,117.3795281262521,5.7145634765625,952.42724609375
1130,134902,113.6166439692273,5.535457763671875,922.5762939453125
1131,135022,129.48266916287645,6.269756103515625,1044.9593505859375
1132,135142,121.11650642098226,5.884137451171875,980.6895751953125
1133,135262,119.99326950106447,5.830034912109375,971.6724853515625
1134,135382,121.32274190128692,5.890393798828125,981.7322998046875
1135,135502,114.69123738184554,5.588367553710937,931.3945922851562
1136,135622,119.07897478266862,5.787663940429687,964.6106567382812
1137,135742,120.17743217823539,5.839210693359375,973.2017822265625
1138,135862,120.54943092554036,5.858597534179688,976.4329223632812
1139,135982,123.05753220153548,5.973332153320312,995.5553588867188
1140,136102,118.53368836361796,5.762072387695312,960.3453979492188
1141,136222,117.99183452813413,5.738856811523437,956.4761352539062
1142,136342,123.01457007908738,5.971777587890625,995.2962646484375
1143,136462,121.80342028371474,5.91469775390625,985.782958984375
1144,136582,115.91411017511378,5.644639892578125,940.7733154296875
1145,136702,115.17716246738797,5.611167846679687,935.1946411132812
1146,136822,111.84643732781063,5.460372436523437,910.0620727539062
1147,136942,112.59138196324157,5.492963012695313,915.4938354492188
1148,137062,116.2639374043995,5.666488037109375,944.4146728515625
1149,137182,122.8663409150793,5.966596069335938,994.4326782226562
1150,137302,114.47290448539505,5.5785,929.75
1151,137422,129.12201533909732,6.247874267578125,1041.3123779296875
1152,137542,124.49601300250583,6.037415405273437,1006.2359008789062
1153,137662,117.44644727288463,5.719622314453125,953.2703857421875
1154,137782,120.88364993622908,5.87008447265625,978.347412109375
1155,137902,112.56298026073922,5.490067749023438,915.0112915039062
1156,138022,124.69815105601944,6.042734985351562,1007.1224975585938
1157,138142,130.99186582739878,6.336544189453125,1056.0906982421875
1158,138262,120.97199400794763,5.871732055664062,978.6220092773438
1159,138382,132.4737776000005,6.398701171875,1066.4501953125
1160,138502,119.29082098163495,5.794191284179687,965.6985473632812
1161,138622,119.96752957472428,5.8309610595703125,971.8268432617188
1162,138742,111.79172528539375,5.45118017578125,908.530029296875
1163,138862,121.73876568965628,5.912921264648437,985.4868774414062
1164,138982,114.51389752733462,5.5804775390625,930.07958984375
1165,139102,125.53386139085723,6.082231567382813,1013.7052612304688
1166,139222,120.35252315060788,5.8427801513671875,973.7966918945312
1167,139342,127.94454386145537,6.19354833984375,1032.258056640625
1168,139462,123.01349693784381,5.9663675537109375,994.3945922851562
1169,139582,120.62177479016371,5.859044311523437,976.5073852539062
1170,139702,121.91425162060813,5.9210478515625,986.84130859375
1171,139822,121.54753614786712,5.898906005859375,983.1510009765625
1172,139942,120.21073231727016,5.839048461914063,973.1747436523438
1173,140062,122.88156406522248,5.957537475585937,992.9229125976562
1174,140182,123.13266981778087,5.97671630859375,996.119384765625
1175,140302,117.87815330033177,5.73594287109375,955.990478515625
1176,140422,118.56970802064434,5.763416748046875,960.5694580078125
1177,140542,120.50025764445277,5.854523071289062,975.7538452148438
1178,140662,110.0178539758209,5.374030883789063,895.6718139648438
1179,140782,127.90431553398025,6.18779736328125,1031.299560546875
1180,140902,126.01914398100301,6.108855102539063,1018.1425170898438
1181,141022,123.16195712831728,5.972592407226562,995.4320678710938
1182,141142,129.8039355997132,6.27931201171875,1046.552001953125
1183,141262,127.5438706414743,6.17100732421875,1028.501220703125
1184,141382,121.53391685378922,5.89597998046875,982.663330078125
1185,141502,109.23800887730222,5.340798706054687,890.1331176757812
1186,141622,122.9225567440423,5.9634158935546875,993.9026489257812
1187,141742,122.95715322311854,5.96524072265625,994.206787109375
1188,141862,120.18907076689189,5.838410888671875,973.0684814453125
1189,141982,126.19815961504513,6.111166625976563,1018.5277709960938
1190,142102,119.65345803421259,5.8124619140625,968.74365234375
1191,142222,117.35711032355441,5.709529174804688,951.5881958007812
1192,142342,122.61681930079901,5.952117553710938,992.0195922851562
1193,142462,121.0905412106144,5.880383422851563,980.0639038085938
1194,142582,119.0925592343426,5.790305786132812,965.0509643554688
1195,142702,116.75911363117902,5.678461303710938,946.4102172851562
1196,142822,118.02696783179782,5.73943359375,956.572265625
1197,142942,123.2855410629831,5.983359008789063,997.2265014648438
1198,143062,116.74607905371711,5.677861083984375,946.3101806640625
1199,143182,119.37056349578674,5.798432373046875,966.4053955078125
1200,143302,124.13537558509677,6.020119262695313,1003.3532104492188
1201,143422,125.09433756895248,6.0602178955078125,1010.0363159179688
1202,143542,125.68176991399254,6.087847045898437,1014.6411743164062
1203,143662,125.53275433632035,6.083691284179688,1013.9485473632812
1204,143782,125.51881657368124,6.082296752929688,1013.7161254882812
1205,143902,116.00738726707316,5.648691650390625,941.4486083984375
1206,144022,125.53717531874122,6.078188232421875,1013.0313720703125
1207,144142,123.36920825298768,5.984966674804688,997.4944458007812
1208,144262,128.11559648994356,6.199798095703125,1033.2996826171875
1209,144382,111.6023946799604,5.444622436523438,907.4370727539062
1210,144502,121.09012855910984,5.873818725585937,978.9697875976562
1211,144622,121.55401663231315,5.8994337158203125,983.2389526367188
1212,144742,118.5938879964628,5.762900390625,960.4833984375
1213,144862,122.20575984960306,5.930517333984375,988.4195556640625
1214,144982,116.94636142149419,5.689802856445312,948.3004760742188
1215,145102,121.39693589761845,5.893762939453125,982.2938232421875
1216,145222,112.52233732538662,5.482949340820313,913.8248901367188
1217,145342,120.92249350650629,5.8699317626953125,978.3219604492188
1218,145462,123.93782768927562,6.014016357421875,1002.3360595703125
1219,145582,125.27418358987705,6.071074584960938,1011.8457641601562
1220,145702,116.482713898274,5.665464111328125,944.2440185546875
1221,145822,125.29642598327212,6.070783813476562,1011.7973022460938
1222,145942,120.07150744579833,5.831000244140625,971.8333740234375
1223,146062,128.84389195893186,6.22445947265625,1037.409912109375
1224,146182,124.76665453327992,6.043780883789062,1007.2968139648438
1225,146302,115.85829427495273,5.6330372314453125,938.8395385742188
1226,146422,122.04730696589701,5.919830932617187,986.6384887695312
1227,146542,119.01585778117698,5.7831884765625,963.86474609375
1228,146662,124.51620062617215,6.033347900390625,1005.5579833984375
1229,146782,123.92379329747888,6.00475634765625,1000.792724609375
1230,146902,119.71699904177956,5.813541137695313,968.9235229492188
1231,147022,127.59704706405893,6.174466552734375,1029.0777587890625
1232,147142,126.14542830999758,6.112821533203125,1018.8035888671875
1233,147262,119.24003218524771,5.795072021484375,965.8453369140625
1234,147382,123.51971784603974,5.9816923828125,996.94873046875
1235,147502,123.93876849457419,6.0130224609375,1002.17041015625
1236,147622,121.52197960123029,5.89322021484375,982.203369140625
1237,147742,125.40879346376215,6.07674169921875,1012.790283203125
1238,147862,119.59973949400126,5.803692993164063,967.2821655273438
1239,147982,122.1102915134884,5.920304443359375,986.7174072265625
1240,148102,116.06811340160215,5.643254516601562,940.5424194335938
1241,148222,118.62517213259441,5.760466186523438,960.0776977539062
1242,148342,119.19461615269435,5.792567504882813,965.4279174804688
1243,148462,117.50923991193673,5.7150234375,952.50390625
1244,148582,121.87191378530932,5.918587280273438,986.4312133789062
1245,148702,128.4759946650544,6.212137939453125,1035.3563232421875
1246,148822,117.24057494563917,5.698189819335938,949.6983032226562
1247,148942,120.79882306258645,5.866216552734375,977.7027587890625
1248,149062,121.66436370977013,5.902638427734375,983.7730712890625
1249,149182,120.8408289639105,5.865221557617187,977.5369262695312
1250,149302,123.1868593281259,5.970851806640625,995.1419677734375
1251,149422,120.11990480312116,5.83049853515625,971.749755859375
1252,149542,118.49215651290798,5.758465576171875,959.7442626953125
1253,149662,122.78337230741002,5.950480224609375,991.7467041015625
1254,149782,124.20916972809796,6.019848999023438,1003.3081665039062
1255,149902,119.78139296203972,5.813442993164062,968.9071655273438
1256,150022,119.6076013599518,5.806914916992188,967.8191528320312
1257,150142,125.80749354960716,6.094707275390625,1015.7845458984375
1258,150262,116.71895759691179,5.678440795898437,946.4067993164062
1259,150382,127.6363058802751,6.175175537109375,1029.1959228515625
1260,150502,121.25319586102341,5.883882202148437,980.6470336914062
1261,150622,117.41176848250007,5.708067993164063,951.3446655273438
1262,150742,127.31188737502947,6.15720263671875,1026.200439453125
1263,150862,118.40847122919574,5.755152465820313,959.1920776367188
1264,150982,113.33551216722725,5.5154765625,919.24609375
1265,151102,119.48405588347089,5.80130126953125,966.883544921875
1266,151222,121.55031829262361,5.8990718994140625,983.1786499023438
1267,151342,125.88452377268752,6.0933116455078125,1015.5519409179688
1268,151462,118.6018311265474,5.762471923828125,960.4119873046875
1269,151582,117.13670243056141,5.69616943359375,949.361572265625
1270,151702,123.28544473074697,5.97464794921875,995.774658203125
1271,151822,128.45157336453502,6.212089599609375,1035.3482666015625
1272,151942,123.918358592603,6.003654052734375,1000.6090087890625
1273,152062,121.07357536272207,5.880448608398438,980.0747680664062
1274,152182,119.83338085892792,5.82192919921875,970.321533203125
1275,152302,119.35044020921146,5.796391845703125,966.0653076171875
1276,152422,121.9543836979714,5.91458349609375,985.763916015625
1277,152542,132.2118266531228,6.3833818359375,1063.89697265625
1278,152662,122.64167630435864,5.947812744140625,991.3021240234375
1279,152782,119.07311594277968,5.787236572265625,964.5394287109375
1280,152902,123.68511514843638,5.995557861328125,999.2596435546875
1281,153022,116.39478826833621,5.663195068359375,943.8658447265625
1282,153142,122.44706604938875,5.934441284179687,989.0735473632812
1283,153262,115.69862594332223,5.631104370117187,938.5173950195312
1284,153382,124.93812189812026,6.049369995117187,1008.2283325195312
1285,153502,120.0789828810377,5.829255981445312,971.5426635742188
1286,153622,127.47277879050964,6.170994140625,1028.4990234375
1287,153742,119.2215794057509,5.79308935546875,965.514892578125
1288,153862,121.45841169543856,5.894150390625,982.3583984375
1289,153982,122.39240483076624,5.940743408203125,990.1239013671875
1290,154102,119.5400890496264,5.802502807617188,967.0838012695312
1291,154222,123.99432873119844,6.010058715820312,1001.6764526367188
1292,154342,123.29649416130152,5.979568359375,996.5947265625
1293,154462,122.3554928039783,5.93148193359375,988.580322265625
1294,154582,125.18743299573703,6.0690157470703125,1011.5026245117188
1295,154702,120.63183196169891,5.855382202148437,975.8970336914062
1296,154822,119.30216712658383,5.792126953125,965.3544921875
1297,154942,117.68095811951852,5.7135908203125,952.26513671875
1298,155062,128.18852727990895,6.20042724609375,1033.404541015625
1299,155182,119.74711450462026,5.809202270507813,968.2003784179688
1300,155302,112.35121553445559,5.478184936523437,913.0308227539062
1301,155422,122.56176203673375,5.941789306640625,990.2982177734375
1302,155542,122.21059073870353,5.928632446289063,988.1054077148438
1303,155662,124.18134129428361,6.019450927734375,1003.2418212890625
1304,155782,119.25440007727683,5.790532836914062,965.0888061523438
1305,155902,121.21770606717843,5.87510009765625,979.183349609375
1306,156022,130.63574403797674,6.30925927734375,1051.543212890625
1307,156142,130.29004738946733,6.293558349609375,1048.9263916015625
1308,156262,128.4733488894027,6.21306884765625,1035.511474609375
1309,156382,126.89870514372197,6.1426435546875,1023.77392578125
1310,156502,122.83202676287847,5.9590869140625,993.18115234375
1311,156622,124.83117269135423,6.046961059570313,1007.8268432617188
1312,156742,120.63819212979352,5.853903442382813,975.6505737304688
1313,156862,125.3311359356358,6.065231689453125,1010.8719482421875
1314,156982,123.9272922610325,6.006510864257812,1001.0851440429688
1315,157102,119.45334565452698,5.799280517578125,966.5467529296875
1316,157222,113.64280973142016,5.530892211914063,921.8153686523438
1317,157342,118.73138329090932,5.7684913330078125,961.4152221679688
1318,157462,124.85051806924979,6.046739868164062,1007.7899780273438
1319,157582,125.50740907289905,6.0795791015625,1013.26318359375
1320,157702,120.9109945762393,5.869089477539062,978.1815795898438
1321,157822,118.38718832819225,5.748833129882812,958.1388549804688
1322,157942,114.36250672678729,5.5666175537109375,927.7695922851562
1323,158062,125.38040925203153,6.073699951171875,1012.2833251953125
1324,158182,128.76230255279975,6.219640869140625,1036.6068115234375
1325,158302,126.97923185529879,6.148114013671875,1024.6856689453125
1326,158422,125.10002698779377,6.058157592773438,1009.6929321289062
1327,158542,122.20772889715835,5.9258880615234375,987.6480102539062
1328,158662,124.469717217167,6.03316552734375,1005.527587890625
1329,158782,119.87527275866525,5.821287963867188,970.2146606445312
1330,158902,118.21483157099777,5.7446806640625,957.44677734375
1331,159022,127.71328963765687,6.178012939453125,1029.6688232421875
1332,159142,124.6019233649645,6.032989013671875,1005.4981689453125
1333,159262,115.39337650332205,5.613329956054687,935.5549926757812
1334,159382,128.5832388426614,6.2166884765625,1036.11474609375
1335,159502,129.2020183151195,6.250740234375,1041.7900390625
1336,159622,121.61035076944417,5.901718872070313,983.6198120117188
1337,159742,122.12902688942407,5.919755859375,986.6259765625
1338,159862,125.37015377602224,6.069784790039063,1011.6307983398438
1339,159982,118.77199584226585,5.770374389648437,961.7290649414062
1340,160102,128.2520364643492,6.201514892578125,1033.5858154296875
1341,160222,122.79297021642697,5.951464965820312,991.9108276367188
1342,160342,124.7175376738791,6.042438720703125,1007.0731201171875
1343,160462,128.75943456310907,6.22415625,1037.359375
1344,160582,121.82771908389364,5.903469360351562,983.9115600585938
1345,160702,128.31820734843186,6.202940185546875,1033.8233642578125
1346,160822,124.63387135621285,6.034672119140625,1005.7786865234375
1347,160942,125.43765334204505,6.07578515625,1012.630859375
1348,161062,125.56568235548454,6.075654052734375,1012.6090087890625
1349,161182,117.35503614942103,5.70424365234375,950.707275390625
1350,161302,122.86804796312222,5.950845336914062,991.8075561523438
1351,161422,123.47730444899904,5.983734375,997.2890625
1352,161542,121.90363887793939,5.914302612304687,985.7171020507812
1353,161662,125.04623250637354,6.0519697265625,1008.66162109375
1354,161782,118.12225873631442,5.741648803710937,956.9414672851562
1355,161902,123.3062924414076,5.975523559570313,995.9205932617188
1356,162022,122.98368559329788,5.954941772460938,992.4902954101562
1357,162142,124.6549052886747,6.03527490234375,1005.879150390625
1358,162262,119.16831751567466,5.78460498046875,964.100830078125
1359,162382,119.37380568077474,5.794452026367187,965.7420043945312
1360,162502,131.31275677171732,6.34321875,1057.203125
1361,162622,123.47795900473949,5.981827880859375,996.9713134765625
1362,162742,130.04003303594533,6.279088623046875,1046.5147705078125
1363,162862,128.05774629135482,6.193179931640625,1032.1966552734375
1364,162982,125.48995986192685,6.072050903320313,1012.0084838867188
1365,163102,124.37013080244844,6.02728564453125,1004.547607421875
1366,163222,122.29625955060288,5.932835083007813,988.8058471679688
1367,163342,120.41951236242917,5.84752294921875,974.587158203125
1368,163462,118.95343695153406,5.776505126953125,962.7508544921875
1369,163582,119.16594935517882,5.781071411132812,963.5119018554688
1370,163702,121.42577913947292,5.889710815429687,981.6184692382812
1371,163822,128.17740714748538,6.195556640625,1032.5927734375
1372,163942,117.22343743082367,5.7013004150390625,950.2167358398438
1373,164062,126.80869739298903,6.134075317382813,1022.3458862304688
1374,164182,123.80567862628473,6.001885986328125,1000.3143310546875
1375,164302,131.9681256457316,6.370765869140625,1061.7943115234375
1376,164422,117.96240089023468,5.733345703125,955.5576171875
1377,164542,125.076903925296,6.056423950195312,1009.4039916992188
1378,164662,122.28334166656059,5.926460083007813,987.7433471679688
1379,164782,125.11413788967351,6.057765014648438,1009.6275024414062
1380,164902,121.41798834406596,5.890681640625,981.7802734375
1381,165022,124.70020065590688,6.038925659179688,1006.4876098632812
1382,165142,126.10006730196977,6.101505981445312,1016.9176635742188
1383,165262,122.23397448684698,5.929593383789062,988.2655639648438
1384,165382,131.44274951618644,6.346437744140625,1057.7396240234375
1385,165502,130.1677471593784,6.291955078125,1048.6591796875
1386,165622,123.75014276282724,5.99824658203125,999.707763671875
1387,165742,126.33268564597702,6.117209106445313,1019.5348510742188
1388,165862,131.29124714500966,6.340395263671875,1056.7325439453125
1389,165982,112.00305993357887,5.46044677734375,910.074462890625
1390,166102,134.3678722567323,6.477514892578125,1079.5858154296875
1391,166222,122.30731474087864,5.92435107421875,987.391845703125
1392,166342,126.39061105095392,6.116988647460937,1019.4981079101562
1393,166462,122.85294527948264,5.9565439453125,992.75732421875
1394,166582,121.02461248852745,5.86447998046875,977.413330078125
1395,166702,120.47163389159596,5.848512451171875,974.7520751953125
1396,166822,121.4646458521104,5.8923621826171875,982.0603637695312
1397,166942,123.33725506830785,5.974795532226563,995.7992553710938
1398,167062,124.1051469661027,6.011325805664063,1001.8876342773438
1399,167182,119.70953991306327,5.815944213867187,969.3240356445312
1400,167302,126.53069156666392,6.122950927734375,1020.4918212890625
1401,167422,121.33224343327818,5.885655029296875,980.9425048828125
1402,167542,120.86159113488978,5.865741943359375,977.6236572265625
1403,167662,126.14049608855626,6.103263061523437,1017.2105102539062
1404,167782,123.16879722375879,5.968986328125,994.8310546875
1405,167902,129.7260450963183,6.275965576171875,1045.9942626953125
1406,168022,126.15826922045652,6.105218994140625,1017.5364990234375
1407,168142,115.84258908386035,5.6355029296875,939.25048828125
1408,168262,123.0420622685785,5.9667813720703125,994.4635620117188
1409,168382,118.05888426474263,5.737324951171875,956.2208251953125
1410,168502,124.90017679631958,6.04959521484375,1008.265869140625
1411,168622,116.07745003483137,5.649047241210938,941.5078735351562
1412,168742,128.7930434683489,6.2249384765625,1037.48974609375
1413,168862,128.4794830854555,6.209602294921875,1034.9337158203125
1414,168982,111.85669872733514,5.452509155273438,908.7515258789062
1415,169102,126.94929024178724,6.144766845703125,1024.1278076171875
1416,169222,125.65107638781595,6.079693359375,1013.2822265625
1417,169342,123.56647230895369,5.984492797851562,997.4154663085938
1418,169462,121.79199064494125,5.9103284912109375,985.0547485351562
1419,169582,127.45087357736227,6.162925048828125,1027.1541748046875
1420,169702,117.75596558782532,5.72427978515625,954.046630859375
1421,169822,132.49391206370834,6.400563720703125,1066.7606201171875
1422,169942,124.75521132939014,6.039196655273438,1006.5327758789062
1423,170062,126.03633580657043,6.0990029296875,1016.50048828125
1424,170182,120.59613299340813,5.853995361328125,975.6658935546875
1425,170302,129.150746272902,6.2406650390625,1040.11083984375
1426,170422,126.06096067124564,6.10288623046875,1017.147705078125
1427,170542,124.17221999894576,6.0138050537109375,1002.3008422851562
1428,170662,131.0141242357567,6.327406494140625,1054.5677490234375
1429,170782,127.67754860409048,6.176912109375,1029.4853515625
1430,170902,127.74134674865553,6.179259521484375,1029.8765869140625
1431,171022,119.7391493115637,5.8149873046875,969.16455078125
1432,171142,128.9591787410572,6.235640625,1039.2734375
1433,171262,125.76222373854839,6.09076171875,1015.126953125
1434,171382,133.49336416684056,6.438822509765625,1073.1370849609375
1435,171502,125.55972811547419,6.078072875976562,1013.0121459960938
1436,171622,121.98478622070657,5.918677734375,986.4462890625
1437,171742,126.78985284980052,6.135472412109375,1022.5787353515625
1438,171862,120.77328856235013,5.8630224609375,977.17041015625
1439,171982,125.61143210639656,6.077463134765625,1012.9105224609375
1440,172102,123.2276019834597,5.971615356445312,995.2692260742188
1441,172222,123.52937085469141,5.988177978515625,998.0296630859375
1442,172342,122.51359344472971,5.93965283203125,989.942138671875
1443,172462,128.73859917007894,6.220380615234375,1036.7301025390625
1444,172582,116.74330979866558,5.681208984375,946.8681640625
1445,172702,121.07730431787168,5.871362182617188,978.5603637695312
1446,172822,130.95534825813618,6.327580810546875,1054.5968017578125
1447,172942,126.8889425660912,6.1363026123046875,1022.7171020507812
1448,173062,126.05485142312658,6.099917724609375,1016.6529541015625
1449,173182,116.9267685993594,5.679262939453125,946.5438232421875
1450,173302,126.15261748582482,6.103791870117187,1017.2986450195312
1451,173422,132.2886304597081,6.388190185546875,1064.6983642578125
1452,173542,122.92798469836717,5.963572265625,993.9287109375
1453,173662,126.25861907438608,6.113005004882813,1018.8341674804688
1454,173782,117.27717639020528,5.695719360351562,949.2865600585938
1455,173902,127.68572749665398,6.175138916015625,1029.1898193359375
1456,174022,129.00778338334376,6.235119140625,1039.1865234375
1457,174142,119.92053785041065,5.821385009765625,970.2308349609375
1458,174262,124.21527841379809,6.0157470703125,1002.62451171875
1459,174382,127.97271370862714,6.186872314453125,1031.1453857421875
1460,174502,127.90150252817502,6.184821533203125,1030.8035888671875
1461,174622,131.49997880110246,6.352957763671875,1058.8262939453125
1462,174742,123.91204979750391,6.005679565429688,1000.9465942382812
1463,174862,125.32526910351707,6.068937377929688,1011.4895629882812
1464,174982,125.8056910529055,6.090574951171875,1015.0958251953125
1465,175102,118.1289961518298,5.74327587890625,957.212646484375
1466,175222,117.80397218633006,5.7263642578125,954.39404296875
1467,175342,118.29868189852503,5.747744384765625,957.9573974609375
1468,175462,124.25289875145229,6.019998779296875,1003.3331298828125
1469,175582,123.52596914919675,5.983870239257812,997.3117065429688
1470,175702,127.3257749814551,6.165506103515625,1027.5843505859375
1471,175822,121.96243417667176,5.913859130859375,985.6431884765625
1472,175942,122.90211021798902,5.951857543945312,991.9762573242188
1473,176062,119.14678993221489,5.79141064453125,965.235107421875
1474,176182,131.91920060392584,6.370651611328125,1061.7752685546875
1475,176302,121.60750825060538,5.898658081054688,983.1096801757812
1476,176422,125.58560786486346,6.08241064453125,1013.735107421875
1477,176542,121.06474012624074,5.87478515625,979.130859375
1478,176662,117.02194769075581,5.69320751953125,948.867919921875
1479,176782,125.69388769174621,6.0869794921875,1014.49658203125
1480,176902,131.40485840280735,6.344763427734375,1057.4605712890625
1481,177022,126.28808107435324,6.114216064453125,1019.0360107421875
1482,177142,124.74549997457758,6.043058349609375,1007.1763916015625
1483,177262,122.36850794893817,5.934517456054688,989.0862426757812
1484,177382,122.1664094558974,5.928626220703125,988.1043701171875
1485,177502,125.52964494139906,6.078444580078125,1013.0740966796875
1486,177622,132.29136904621893,6.385207763671875,1064.2012939453125
1487,177742,117.82178447547247,5.728553466796875,954.7589111328125
1488,177862,124.40051646127229,6.027811157226562,1004.6351928710938
1489,177982,124.26523236786637,6.02402783203125,1004.004638671875
1490,178102,123.39878787174364,5.9789798583984375,996.4966430664062
1491,178222,127.88171346169565,6.1852294921875,1030.87158203125
1492,178342,121.52405098741357,5.893372924804687,982.2288208007812
1493,178462,120.41970810047943,5.848747924804687,974.7913208007812
1494,178582,117.72568404458801,5.7229024658203125,953.8170776367188
1495,178702,128.70563363458237,6.227202392578125,1037.8670654296875
1496,178822,122.17563191809728,5.920107788085938,986.6846313476562
1497,178942,127.822103125365,6.18683203125,1031.138671875
1498,179062,118.36154170344304,5.748239501953125,958.0399169921875
1499,179182,119.09266672276699,5.785051025390625,964.1751708984375
1500,179302,126.00637402253926,6.103094604492187,1017.1824340820312
1501,179422,127.86576527345329,6.1866767578125,1031.11279296875
1502,179542,119.34241613486967,5.795691650390625,965.9486083984375
1503,179662,117.59250810769785,5.720080078125,953.3466796875
1504,179782,124.76874122033081,6.044838134765625,1007.4730224609375
1505,179902,132.47921524972742,6.397717529296875,1066.2862548828125
1506,180022,120.01284106268604,5.828806640625,971.4677734375
1507,180142,126.23788730511856,6.1144892578125,1019.08154296875
1508,180262,122.55794346096732,5.947802124023437,991.3003540039062
1509,180382,126.3009996069477,6.11797119140625,1019.661865234375
1510,180502,116.6610602570061,5.676387451171875,946.0645751953125
1511,180622,132.5939668307753,6.40073291015625,1066.788818359375
1512,180742,123.5367509873111,5.987230590820312,997.8717651367188
1513,180862,126.28967391780424,6.117018310546875,1019.5030517578125
1514,180982,128.13369267146223,6.201164794921875,1033.5274658203125
1515,181102,123.14218319777206,5.974517944335937,995.7529907226562
1516,181222,120.30251583133627,5.842968017578125,973.8280029296875
1517,181342,117.43488183494776,5.706251220703125,951.0418701171875
1518,181462,124.31522628020808,6.02362060546875,1003.936767578125
1519,181582,120.47939443640853,5.848718994140625,974.7864990234375
1520,181702,118.6282235561038,5.7616962890625,960.28271484375
1521,181822,121.57521181481958,5.900028442382813,983.3380737304688
1522,181942,125.62547480102607,6.082353881835937,1013.7256469726562
1523,182062,128.288925152062,6.2060244140625,1034.33740234375
1524,182182,123.04491049508985,5.964670532226562,994.1117553710938
1525,182302,118.74185106894933,5.76910986328125,961.518310546875
1526,182422,124.6293364493957,6.0404677734375,1006.74462890625
1527,182542,127.43371067765631,6.1735224609375,1028.92041015625
1528,182662,118.66197096704126,5.764257202148437,960.7095336914062
1529,182782,128.069806043168,6.19652197265625,1032.753662109375
1530,182902,125.52785044764605,6.079953369140625,1013.3255615234375
1531,183022,120.13334695432398,5.83510986328125,972.518310546875
1532,183142,134.05948778585662,6.4700302734375,1078.33837890625
1533,183262,123.24498391350384,5.970676025390625,995.1126708984375
1534,183382,123.70883127393758,5.997203979492188,999.5339965820312
1535,183502,119.6438567232071,5.813580322265625,968.9300537109375
1536,183622,120.61439306457191,5.856073974609375,976.0123291015625
1537,183742,138.0820593857989,6.651932373046875,1108.6553955078125
1538,183862,132.15271728477364,6.382597412109375,1063.7662353515625
1539,183982,120.74536994831988,5.865922485351563,977.6537475585938
1540,184102,127.02963043946798,6.14448193359375,1024.080322265625
1541,184222,132.14621286048302,6.380637451171875,1063.4395751953125
1542,184342,116.674584976055,5.675976928710938,945.9961547851562
1543,184462,126.73453365488841,6.134590576171875,1022.4317626953125
1544,184582,127.26543758077435,6.164559814453125,1027.4266357421875
1545,184702,122.13337274765453,5.930094360351562,988.3490600585938
1546,184822,122.32931642274372,5.937978149414063,989.6630249023438
1547,184942,130.73813426828713,6.31345166015625,1052.241943359375
1548,185062,124.81830927793987,6.053082275390625,1008.8470458984375
1549,185182,121.55292621946926,5.901903076171875,983.6505126953125
1550,185302,129.30215043482866,6.254605224609375,1042.4342041015625
1551,185422,127.63401328166754,6.17846484375,1029.744140625
1552,185542,123.29300882539142,5.977698486328125,996.2830810546875
1553,185662,126.38646630504341,6.119614013671875,1019.9356689453125
1554,185782,128.9821003469381,6.242470458984375,1040.4117431640625
1555,185902,120.99107040391672,5.87622216796875,979.370361328125
1556,186022,120.74610500642547,5.857171508789063,976.1952514648438
1557,186142,120.54199948834389,5.85233203125,975.388671875
1558,186262,129.46646074528758,6.264645263671875,1044.1075439453125
1559,186382,115.07783159029009,5.6072607421875,934.54345703125
1560,186502,120.75663500157401,5.860818237304687,976.8030395507812
1561,186622,125.17783263451432,6.063439819335938,1010.5733032226562
1562,186742,121.3944754412996,5.889604248046875,981.6007080078125
1563,186862,128.84328856990712,6.230436767578125,1038.4061279296875
1564,186982,132.6973625877454,6.410700439453125,1068.4500732421875
1565,187102,117.36905245227052,5.709658813476563,951.6098022460938
1566,187222,127.80421500002606,6.18149267578125,1030.248779296875
1567,187342,128.1442771600913,6.1997900390625,1033.29833984375
1568,187462,119.67407687800365,5.8099603271484375,968.3267211914062
1569,187582,125.72730206712603,6.091245849609375,1015.2076416015625
1570,187702,130.1223467035202,6.29061474609375,1048.435791015625
1571,187822,136.38603117102238,6.576357421875,1096.0595703125
1572,187942,122.7861246247297,5.9533538818359375,992.2256469726562
1573,188062,116.31718688967301,5.65705517578125,942.842529296875
1574,188182,121.90846013335876,5.91897216796875,986.495361328125
1575,188302,121.57383716406389,5.899486450195313,983.2477416992188
1576,188422,125.08138243829941,6.0574185791015625,1009.5697631835938
1577,188542,127.57218745946373,6.175002685546875,1029.1671142578125
1578,188662,129.60176212440558,6.264071044921875,1044.0118408203125
1579,188782,121.8103693338625,5.911014770507813,985.1691284179688
1580,188902,123.5270318425481,5.986843872070312,997.8073120117188
1581,189022,129.26425124598984,6.24710595703125,1041.184326171875
1582,189142,121.43652314904894,5.892927612304687,982.1546020507812
1583,189262,129.22685931975784,6.248832275390625,1041.4720458984375
1584,189382,124.01560683816368,6.013816772460937,1002.3027954101562
1585,189502,123.2674399398716,5.977089111328125,996.1815185546875
1586,189622,127.25355574839463,6.16124560546875,1026.874267578125
1587,189742,128.58258289616143,6.221211181640625,1036.8685302734375
1588,189862,116.21695689345005,5.655775268554687,942.6292114257812
1589,189982,125.15935703047168,6.065211181640625,1010.8685302734375
1590,190102,122.98048020851613,5.968256469726563,994.7094116210938
1591,190222,126.93230148323661,6.143667846679688,1023.9446411132812
1592,190342,128.06518810363468,6.198482666015625,1033.0804443359375
1593,190462,125.8080337444757,6.0919599609375,1015.32666015625
1594,190582,122.42105376246346,5.937431762695312,989.5719604492188
1595,190702,124.9130052355596,6.050932983398438,1008.4888305664062
1596,190822,126.3150465791406,6.115705810546875,1019.2843017578125
1597,190942,128.35131759277908,6.208402587890625,1034.7337646484375
1598,191062,123.57918735685197,5.990996337890625,998.4993896484375
1599,191182,131.86979730207167,6.369109130859375,1061.5181884765625
1600,191302,125.28900976512475,6.0684620361328125,1011.4103393554688
1601,191422,120.22266607754018,5.836528564453125,972.7547607421875
1602,191542,128.6163852429477,6.224444091796875,1037.4073486328125
1603,191662,124.51718728021105,6.036122314453125,1006.0203857421875
1604,191782,124.83882631142613,6.054233642578125,1009.0389404296875
1605,191902,121.87827417584114,5.915861206054688,985.9768676757812
1606,192022,128.52919411451617,6.214556396484375,1035.7593994140625
1607,192142,120.88711844017189,5.869969848632812,978.3283081054688
1608,192262,128.07210079581824,6.199693359375,1033.2822265625
1609,192382,123.53735166486148,5.98793994140625,997.989990234375
1610,192502,125.67141953300393,6.084570556640625,1014.0950927734375
1611,192622,131.93956948454044,6.3773115234375,1062.88525390625
1612,192742,127.13188701172052,6.1572919921875,1026.21533203125
1613,192862,130.8414149637233,6.327648193359375,1054.6080322265625
1614,192982,131.08490475257597,6.328925537109375,1054.8209228515625
1615,193102,121.87759623895579,5.9145443115234375,985.7573852539062
1616,193222,122.33028428743309,5.935441040039063,989.2401733398438
1617,193342,124.12555724399189,6.018097045898437,1003.0161743164062
1618,193462,114.52326276440428,5.584752319335937,930.7920532226562
1619,193582,128.00112593381857,6.195008056640625,1032.5013427734375
1620,193702,122.75373887029389,5.951410034179688,991.9016723632812
1621,193822,133.43691780169868,6.44010498046875,1073.350830078125
1622,193942,126.71823762415818,6.1341793212890625,1022.3632202148438
1623,194062,122.98505346213794,5.967002197265625,994.5003662109375
1624,194182,119.08536022249382,5.783467895507813,963.9113159179688
1625,194302,122.4386320766533,5.940097045898438,990.0161743164062
1626,194422,121.72784349068932,5.9114736328125,985.24560546875
1627,194542,133.1928951907627,6.43265625,1072.109375
1628,194662,119.79428103138738,5.822765258789063,970.4608764648438
1629,194782,122.89698193642387,5.961736450195312,993.6227416992188
1630,194902,122.44245590278605,5.943652221679687,990.6087036132812
1631,195022,127.29059431650745,6.159535400390625,1026.5892333984375
1632,195142,120.16278260311428,5.836669921875,972.7783203125
1633,195262,120.58958817035841,5.856520751953125,976.0867919921875
1634,195382,118.59127498591093,5.768306762695312,961.3844604492188
1635,195502,136.20337717217294,6.572537109375,1095.4228515625
1636,195622,125.43496993667236,6.07499853515625,1012.499755859375
1637,195742,128.99574704888445,6.243264404296875,1040.5440673828125
1638,195862,125.08991668749042,6.0649658203125,1010.82763671875
1639,195982,120.68873067931844,5.858004272460938,976.3340454101562
1640,196102,125.66057270804828,6.086724975585938,1014.4541625976562
1641,196222,118.85676318886023,5.782623413085937,963.7705688476562
1642,196342,124.9979123755837,6.0634962158203125,1010.5827026367188
1643,196462,122.31654429141943,5.93730908203125,989.551513671875
1644,196582,128.93858605135614,6.237859130859375,1039.6431884765625
1645,196702,132.5387328902303,6.40832958984375,1068.054931640625
1646,196822,121.76921411753383,5.9098505859375,984.97509765625
1647,196942,121.10804100665939,5.882390991210937,980.3984985351562
1648,197062,123.07301585131383,5.968167114257812,994.6945190429688
1649,197182,130.04480327567552,6.290404541015625,1048.4007568359375
1650,197302,126.47305178819023,6.129823974609375,1021.6373291015625
1651,197422,131.79804207300154,6.367620849609375,1061.2701416015625
1652,197542,129.6627300851737,6.27428759765625,1045.714599609375
1653,197662,117.54761229738223,5.7197720947265625,953.2953491210938
1654,197782,127.41710980055964,6.171066650390625,1028.5111083984375
1655,197902,124.06229864055314,6.017538940429687,1002.9231567382812
1656,198022,129.1133227408381,6.247037841796875,1041.1729736328125
1657,198142,121.36441178770495,5.8903963623046875,981.7327270507812
1658,198262,126.14612597417704,6.10873681640625,1018.122802734375
1659,198382,130.17399965051126,6.2937216796875,1048.95361328125
1660,198502,129.31549478838434,6.256320556640625,1042.7200927734375
1661,198622,127.23708103274909,6.159116455078125,1026.5194091796875
1662,198742,124.70184917249136,6.0461751708984375,1007.6958618164062
1663,198862,131.15780701874962,6.3349248046875,1055.82080078125
1664,198982,128.1571938305369,6.20059716796875,1033.432861328125
1665,199102,125.34980675423,6.070427490234375,1011.7379150390625
1666,199222,122.95625754284725,5.959350219726563,993.2250366210938
1667,199342,123.79098284244392,6.0029754638671875,1000.4959106445312
1668,199462,130.06733838698625,6.29610205078125,1049.350341796875
1669,199582,125.91935643407069,6.102586303710938,1017.0977172851562
1670,199702,125.2491870644159,6.066976318359375,1011.1627197265625
1671,199822,127.28999844579002,6.16402001953125,1027.336669921875
1672,199942,129.6727511791772,6.273853271484375,1045.6422119140625
1673,200062,123.8182279316359,6.003248657226562,1000.5414428710938
1674,200182,128.6565137833247,6.225125244140625,1037.5208740234375
1675,200302,127.9719283477021,6.1957705078125,1032.62841796875
1676,200422,124.38955577301608,6.030848876953125,1005.1414794921875
1677,200542,127.71501976216517,6.18465087890625,1030.775146484375
1678,200662,129.93762739361077,6.28812451171875,1048.020751953125
1679,200782,119.16201979303051,5.788976440429687,964.8294067382812
1680,200902,127.1671923628756,6.16126904296875,1026.878173828125
1681,201022,123.72539096536782,5.996909912109375,999.4849853515625
1682,201142,129.9766610573366,6.285714111328125,1047.6190185546875
1683,201262,114.73813908779738,5.589053100585938,931.5088500976562
1684,201382,122.11858815219013,5.923432983398437,987.2388305664062
1685,201502,128.68081319295436,6.224395751953125,1037.3992919921875
1686,201622,128.8400385055195,6.23580029296875,1039.300048828125
1687,201742,127.39124221843562,6.1675986328125,1027.93310546875
1688,201862,121.57961593095634,5.898275390625,983.0458984375
1689,201982,132.43402844712955,6.3962138671875,1066.03564453125
1690,202102,123.92333732076575,6.0095126953125,1001.58544921875
1691,202222,123.53324397452005,5.99040380859375,998.400634765625
1692,202342,123.6196887870239,5.99655029296875,999.425048828125
1693,202462,129.95901108890325,6.28320849609375,1047.201416015625
1694,202582,119.83323336731178,5.823961669921875,970.6602783203125
1695,202702,123.74365571223794,6.00228076171875,1000.380126953125
1696,202822,126.29933879239405,6.1139637451171875,1018.9939575195312
1697,202942,133.9296755984943,6.461328369140625,1076.8880615234375
1698,203062,118.59842773332547,5.7627630615234375,960.4605102539062
1699,203182,128.02929816964186,6.1952255859375,1032.53759765625
1700,203302,118.21025698107469,5.750708129882812,958.4513549804688
1701,203422,123.11921240126745,5.970066650390625,995.0111083984375
1702,203542,121.11419188056458,5.878112915039062,979.6854858398438
1703,203662,126.52112090115689,6.126753295898437,1021.1255493164062
1704,203782,131.8576156689599,6.370234130859375,1061.7056884765625
1705,203902,126.45440987071382,6.122524291992187,1020.4207153320312
1706,204022,122.3059629627073,5.937062622070313,989.5104370117188
1707,204142,131.91937838894495,6.36992138671875,1061.653564453125
1708,204262,128.2441998295286,6.204166259765625,1034.0277099609375
1709,204382,128.77942747578274,6.231648193359375,1038.6080322265625
1710,204502,124.0304370966368,6.013493408203125,1002.2489013671875
1711,204622,124.20326311376638,6.0221883544921875,1003.6980590820312
1712,204742,121.33840502590739,5.889945190429687,981.6575317382812
1713,204862,121.66593391127385,5.90660302734375,984.433837890625
1714,204982,126.95486878018703,6.145711669921875,1024.2852783203125
1715,205102,126.86195869681325,6.140164672851562,1023.3607788085938
1716,205222,126.82787602506207,6.142856689453125,1023.8094482421875
1717,205342,126.05087581280551,6.101447387695313,1016.9078979492188
1718,205462,123.84072259377203,5.9991005859375,999.85009765625
1719,205582,123.8057577276257,6.002718017578125,1000.4530029296875
1720,205702,130.18882921697073,6.29360302734375,1048.933837890625
1721,205822,123.1815659297976,5.978089599609375,996.3482666015625
1722,205942,125.85471231694623,6.094663330078125,1015.7772216796875
1723,206062,126.61012138247752,6.129938598632813,1021.6564331054688
1724,206182,126.14473490753542,6.109703247070312,1018.2838745117188
1725,206302,125.99232762017566,6.1063359375,1017.72265625
1726,206422,122.1432112690811,5.926958129882813,987.8263549804688
1727,206542,132.63137550058048,6.4046044921875,1067.43408203125
1728,206662,127.73296107455481,6.183017578125,1030.5029296875
1729,206782,135.38610673200884,6.530753173828125,1088.4588623046875
1730,206902,119.31363624895639,5.799913696289062,966.6522827148438
1731,207022,124.7911819494999,6.04840869140625,1008.068115234375
1732,207142,124.9320960476168,6.0557098388671875,1009.2849731445312
1733,207262,132.40740759728465,6.394155029296875,1065.6925048828125
1734,207382,129.7687098800173,6.27019775390625,1045.032958984375
1735,207502,127.70414749016876,6.18309814453125,1030.516357421875
1736,207622,127.90372364399128,6.188265380859375,1031.3775634765625
1737,207742,131.05833333419662,6.328728515625,1054.7880859375
1738,207862,132.32691862826837,6.392466796875,1065.4111328125
1739,207982,127.20599847740218,6.158624267578125,1026.4373779296875
1740,208102,127.06996511944484,6.15088623046875,1025.147705078125
1741,208222,126.94884465959029,6.147823974609375,1024.6373291015625
1742,208342,120.9859138630511,5.87761669921875,979.602783203125
1743,208462,124.64838946723322,6.042542724609375,1007.0904541015625
1744,208582,132.26567308191892,6.391062744140625,1065.1771240234375
1745,208702,129.61900162731385,6.2669736328125,1044.49560546875
1746,208822,123.71473293556092,5.99940966796875,999.901611328125
1747,208942,136.5833435501826,6.58509375,1097.515625
1748,209062,126.88165146867311,6.144044677734375,1024.0074462890625
1749,209182,124.85323903151387,6.046315795898438,1007.7192993164062
1750,209302,127.80609703693025,6.183366943359375,1030.5611572265625
1751,209422,127.30193857311735,6.154310302734375,1025.7183837890625
1752,209542,129.01085896314615,6.238587890625,1039.7646484375
1753,209662,120.10017066636243,5.831401977539063,971.9003295898438
1754,209782,121.63307661577646,5.900854248046875,983.4757080078125
1755,209902,121.72090739997014,5.909220703125,984.8701171875
1756,210022,127.03005055273675,6.147823974609375,1024.6373291015625
1757,210142,129.3364757471203,6.2516455078125,1041.94091796875
1758,210262,124.47738485863964,6.032278564453125,1005.3797607421875
1759,210382,121.71959828673681,5.9088900146484375,984.8150024414062
1760,210502,125.6290291860382,6.0846317138671875,1014.1052856445312
1761,210622,129.1728124205414,6.2473359375,1041.22265625
1762,210742,125.53504573167396,6.079175903320312,1013.1959838867188
1763,210862,129.28749506319713,6.2484404296875,1041.40673828125
1764,210982,126.06671183430636,6.108043212890625,1018.0072021484375
1765,211102,132.08562974882636,6.380197998046875,1063.3663330078125
1766,211222,124.11518583586495,6.013711303710937,1002.2852172851562
1767,211342,128.81580852840045,6.2312197265625,1038.53662109375
1768,211462,122.95399057391107,5.962556396484375,993.7593994140625
1769,211582,125.14834782431487,6.057495849609375,1009.5826416015625
1770,211702,123.93349022230205,6.0056041259765625,1000.9340209960938
1771,211822,129.48753426529333,6.257559814453125,1042.9266357421875
1772,211942,123.97837507159963,6.00981591796875,1001.635986328125
1773,212062,121.56397313646148,5.900030639648437,983.3384399414062
1774,212182,133.7767718350602,6.454259033203125,1075.7098388671875
1775,212302,132.13010328989162,6.380417724609375,1063.4029541015625
1776,212422,123.62287223204318,5.993112670898437,998.8521118164062
1777,212542,139.41267665059883,6.7153623046875,1119.22705078125
1778,212662,123.79439396466235,5.9991390380859375,999.8565063476562
1779,212782,129.76925864662198,6.2748955078125,1045.81591796875
1780,212902,130.7313196533152,6.3168837890625,1052.81396484375
1781,213022,119.37133355250468,5.7997064208984375,966.6177368164062
1782,213142,129.70943067919848,6.2729384765625,1045.48974609375
1783,213262,124.0960068704865,6.014002807617188,1002.3338012695312
1784,213382,122.15523481481314,5.927133544921875,987.8555908203125
1785,213502,129.8867080737279,6.279933837890625,1046.6556396484375
1786,213622,128.99737213797695,6.241730712890625,1040.2884521484375
1787,213742,133.0945424210811,6.4267177734375,1071.11962890625
1788,213862,122.43896075432832,5.935876831054688,989.3128051757812
1789,213982,129.00633802450744,6.241716064453125,1040.2860107421875
1790,214102,120.79231304922683,5.86089404296875,976.815673828125
1791,214222,119.92069303939486,5.818445434570313,969.7409057617188
1792,214342,120.73205101630644,5.861180419921875,976.8634033203125
1793,214462,124.87952776310719,6.049994018554687,1008.3323364257812
1794,214582,130.1685173984614,6.29290576171875,1048.817626953125
1795,214702,130.33773548051576,6.304106689453125,1050.6844482421875
1796,214822,130.2492554078505,6.297267333984375,1049.5445556640625
1797,214942,127.96564106168745,6.18547265625,1030.912109375
1798,215062,124.4285439607088,6.034395263671875,1005.7325439453125
1799,215182,124.5362073730488,6.0331270751953125,1005.5211791992188
1800,215302,132.35105199905357,6.39252099609375,1065.420166015625
1801,215422,123.93940237966282,6.00876416015625,1001.460693359375
1802,215542,125.69786096721566,6.090941162109375,1015.1568603515625
1803,215662,126.58939726677916,6.130034912109375,1021.6724853515625
1804,215782,119.83646572044837,5.8198919677734375,969.9819946289062
1805,215902,121.22980063469642,5.8795048828125,979.91748046875
1806,216022,128.13557319310235,6.201851806640625,1033.6419677734375
1807,216142,124.56209286140658,6.03801416015625,1006.335693359375
1808,216262,127.57836344553243,6.177359619140625,1029.5599365234375
1809,216382,128.26127420568747,6.212826416015625,1035.4710693359375
1810,216502,124.88559826094132,6.052122436523438,1008.6870727539062
1811,216622,120.39208872642102,5.843962280273438,973.9937133789062
1812,216742,127.10929360462957,6.153823974609375,1025.6373291015625
1813,216862,129.280710942033,6.250013671875,1041.6689453125
1814,216982,132.33629398811073,6.391625244140625,1065.2708740234375
1815,217102,126.44363092677618,6.12029296875,1020.048828125
1816,217222,135.84032121674272,6.5496240234375,1091.60400390625
1817,217342,129.04334234314354,6.237719970703125,1039.6199951171875
1818,217462,127.14874155683326,6.15325048828125,1025.541748046875
1819,217582,125.15704108512654,6.06664892578125,1011.108154296875
1820,217702,128.34498400428154,6.207595458984375,1034.5992431640625
1821,217822,116.06363816949793,5.648952392578125,941.4920654296875
1822,217942,118.47375094199994,5.758169677734375,959.6949462890625
1823,218062,134.1513361412759,6.4713896484375,1078.56494140625
1824,218182,124.81320861975746,6.0447158203125,1007.45263671875
1825,218302,130.56871043121197,6.3135849609375,1052.26416015625
1826,218422,123.09499452197112,5.969997436523437,994.9995727539062
1827,218542,126.06121383588713,6.104065795898437,1017.3442993164062
1828,218662,122.80651164677302,5.954964111328125,992.4940185546875
1829,218782,130.3024651697163,6.3009052734375,1050.15087890625
1830,218902,117.00987866638152,5.6946240234375,949.10400390625
1831,219022,124.009040715437,6.0145078125,1002.41796875
1832,219142,131.89274273713303,6.36774609375,1061.291015625
1833,219262,128.71972141740343,6.2246630859375,1037.44384765625
1834,219382,131.40327321388307,6.34958056640625,1058.263427734375
1835,219502,130.7566931445163,6.31972705078125,1053.287841796875
1836,219622,137.20017513457938,6.6121435546875,1102.02392578125
1837,219742,122.38710587595872,5.941714233398438,990.2857055664062
1838,219862,127.82003924805552,6.188021484375,1031.3369140625
1839,219982,114.49649539422803,5.577644165039063,929.6073608398438
1840,220102,127.1350319383557,6.157146240234375,1026.1910400390625
1841,220222,121.13544545015465,5.876192138671875,979.3653564453125
1842,220342,120.67897239237998,5.856708984375,976.1181640625
1843,220462,125.2618620350583,6.071678100585937,1011.9463500976562
1844,220582,126.64485250482662,6.137119995117187,1022.8533325195312
1845,220702,129.3056467074751,6.25397021484375,1042.328369140625
1846,220822,122.86631735224904,5.962213256835938,993.7022094726562
1847,220942,129.9002061442113,6.283437744140625,1047.2396240234375
1848,221062,123.42350512105503,5.982579345703125,997.0965576171875
1849,221182,131.0992056500406,6.337209228515625,1056.2015380859375
1850,221302,132.2852870945699,6.3908203125,1065.13671875
1851,221422,125.08761008290713,6.062529418945313,1010.4215698242188
1852,221542,124.30976593488911,6.020845092773437,1003.4741821289062
1853,221662,126.48904717768234,6.125750244140625,1020.9583740234375
1854,221782,124.07537600213522,6.009240966796875,1001.5401611328125
1855,221902,117.33812452297468,5.708543701171875,951.4239501953125
1856,222022,131.25922573597663,6.3422607421875,1057.04345703125
1857,222142,120.7471119272959,5.861096557617188,976.8494262695312
1858,222262,125.56269227567756,6.078683715820312,1013.1139526367188
1859,222382,122.23273287150853,5.930344848632813,988.3908081054688
1860,222502,124.7728684333446,6.0445360107421875,1007.4226684570312
1861,222622,132.4171486967846,6.39394921875,1065.658203125
1862,222742,122.01688349152595,5.915759033203125,985.9598388671875
1863,222862,126.29500299370713,6.118172241210938,1019.6953735351562
1864,222982,129.28197044353792,6.247001220703125,1041.1668701171875
1865,223102,125.54865452466214,6.083759033203125,1013.9598388671875
1866,223222,128.72373395978238,6.229256103515625,1038.2093505859375
1867,223342,118.71987711052117,5.7709482421875,961.82470703125
1868,223462,130.16074958647434,6.290246337890625,1048.3743896484375
1869,223582,128.2555785623369,6.20421826171875,1034.036376953125
1870,223702,131.48118393712247,6.354504638671875,1059.0841064453125
1871,223822,123.0398220028987,5.962791137695312,993.7985229492188
1872,223942,125.86737233139567,6.096469482421875,1016.0782470703125
1873,224062,128.8940550543531,6.237440185546875,1039.5733642578125
1874,224182,123.99686064016373,6.01208642578125,1002.014404296875
1875,224302,129.93273026825364,6.27668408203125,1046.114013671875
1876,224422,129.66090926790608,6.2681806640625,1044.69677734375
1877,224542,125.19407838506837,6.06153515625,1010.255859375
1878,224662,123.82258430675954,6.00081298828125,1000.135498046875
1879,224782,129.8793362862561,6.28210107421875,1047.016845703125
1880,224902,125.65713029178796,6.088710205078125,1014.7850341796875
1881,225022,132.47305784623714,6.3974794921875,1066.24658203125
1882,225142,124.27002908306552,6.02251318359375,1003.752197265625
1883,225262,124.44535035593404,6.031958129882812,1005.3263549804688
1884,225382,125.38817197656019,6.075544921875,1012.5908203125
1885,225502,125.83649271322969,6.096246826171875,1016.0411376953125
1886,225622,122.79066675521705,5.955734985351563,992.6224975585938
1887,225742,133.4393890599606,6.444838623046875,1074.1397705078125
1888,225862,131.32022597068445,6.345892822265625,1057.6488037109375
1889,225982,128.00141193544204,6.1906318359375,1031.77197265625
1890,226102,124.15398586573883,6.02137353515625,1003.562255859375
1891,226222,125.08568230322543,6.059007202148438,1009.8345336914062
1892,226342,130.01481482644556,6.286371826171875,1047.7286376953125
1893,226462,124.12038823671975,6.014713989257812,1002.4523315429688
1894,226582,131.23317603619415,6.343078125,1057.1796875
1895,226702,133.1662749604067,6.4309072265625,1071.81787109375
1896,226822,122.13524316750525,5.926669921875,987.7783203125
1897,226942,128.38347712996415,6.2077822265625,1034.63037109375
1898,227062,132.49731879761117,6.40083544921875,1066.805908203125
1899,227182,126.07760624300529,6.10058203125,1016.763671875
1900,227302,122.85825453295418,5.9579853515625,992.99755859375
1901,227422,129.48225236834193,6.255627685546875,1042.6046142578125
1902,227542,125.93820252969684,6.103428955078125,1017.2381591796875
1903,227662,125.68962550280874,6.0871300048828125,1014.5216674804688
1904,227782,122.37111959828343,5.934749633789062,989.1249389648438
1905,227902,129.03425488079378,6.240342041015625,1040.0570068359375
1906,228022,125.2546751155423,6.070695190429688,1011.7825317382812
1907,228142,128.52713721518836,6.217639892578125,1036.2733154296875
1908,228262,123.99804790018409,6.013666259765625,1002.2777099609375
1909,228382,124.77600802008538,6.047793090820313,1007.9655151367188
1910,228502,125.26629482257684,6.069685913085937,1011.6143188476562
1911,228622,127.86505072547226,6.184932861328125,1030.8221435546875
1912,228742,125.29562177686584,6.074748046875,1012.4580078125
1913,228862,126.41199083721105,6.126130004882812,1021.0216674804688
1914,228982,133.35422116318807,6.439532958984375,1073.2554931640625
1915,229102,127.87086217048542,6.191457275390625,1031.9095458984375
1916,229222,127.72550885785597,6.18181494140625,1030.302490234375
1917,229342,130.75533550929714,6.318779296875,1053.1298828125
1918,229462,131.7888444752553,6.365539306640625,1060.9232177734375
1919,229582,126.18565320283444,6.111474609375,1018.5791015625
1920,229702,124.96924890274002,6.053829345703125,1008.9715576171875
1921,229822,134.95674033295927,6.51522802734375,1085.871337890625
1922,229942,126.24484294760848,6.116103515625,1019.3505859375
1923,230062,122.0787140251334,5.922316040039062,987.0526733398438
1924,230182,126.2130397055584,6.111181640625,1018.5302734375
1925,230302,128.03070096583943,6.194710693359375,1032.4517822265625
1926,230422,128.76938318233115,6.22539404296875,1037.565673828125
1927,230542,121.26081087226761,5.886046875,981.0078125
1928,230662,128.2192050753607,6.203968505859375,1033.9947509765625
1929,230782,124.20291145454739,6.02108056640625,1003.513427734375
1930,230902,128.67105386540612,6.220878662109375,1036.8131103515625
1931,231022,131.74792227144073,6.363387451171875,1060.5645751953125
1932,231142,128.07715770053977,6.198610107421875,1033.1016845703125
1933,231262,123.37413770038674,5.98539990234375,997.566650390625
1934,231382,117.90642234059793,5.732076416015625,955.3460693359375
1935,231502,126.49713325933119,6.126012451171875,1021.0020751953125
1936,231622,122.60808382801602,5.9478193359375,991.30322265625
1937,231742,135.4503110856043,6.53313720703125,1088.856201171875
1938,231862,127.88100625498421,6.1839755859375,1030.66259765625
1939,231982,130.83601847054356,6.323468994140625,1053.9114990234375
1940,232102,126.67993546208835,6.134542236328125,1022.4237060546875
1941,232222,126.9689954646047,6.144979248046875,1024.1632080078125
1942,232342,121.92354154058978,5.913380126953125,985.5633544921875
1943,232462,123.60003430626209,5.99527001953125,999.211669921875
1944,232582,132.40898472942717,6.395657958984375,1065.9429931640625
1945,232702,126.62077659446338,6.128358032226562,1021.3930053710938
1946,232822,127.85600729904921,6.1819775390625,1030.32958984375
1947,232942,118.907413273526,5.775755859375,962.6259765625
1948,233062,129.50468840294053,6.257885009765625,1042.9808349609375
1949,233182,121.49247188328192,5.8971796875,982.86328125
1950,233302,133.75494279404694,6.455959716796875,1075.9932861328125
1951,233422,131.8570762240861,6.369097412109375,1061.5162353515625
1952,233542,124.9019988607612,6.0532646484375,1008.87744140625
1953,233662,135.59483408201052,6.541027587890625,1090.1712646484375
1954,233782,128.5040680754641,6.221199462890625,1036.8665771484375
1955,233902,126.00311904500995,6.105110229492188,1017.5183715820312
1956,234022,129.61792931468673,6.265100830078125,1044.1834716796875
1957,234142,126.75402471787352,6.136399291992188,1022.7332153320312
1958,234262,129.09149096752148,6.246041748046875,1041.0069580078125
1959,234382,125.49206311622952,6.0779091796875,1012.98486328125
1960,234502,125.91032885538469,6.098026245117188,1016.3377075195312
1961,234622,120.29037214708225,5.845444702148438,974.2407836914062
1962,234742,126.70426629191456,6.13219482421875,1022.032470703125
1963,234862,127.54491252926087,6.171422607421875,1028.5704345703125
1964,234982,122.63394560090478,5.945836303710937,990.9727172851562
1965,235102,121.86767705098092,5.914411743164062,985.7352905273438
1966,235222,130.0468472752288,6.28758544921875,1047.930908203125
1967,235342,125.79304069056268,6.09131982421875,1015.219970703125
1968,235462,129.51259681125137,6.260464599609375,1043.4107666015625
1969,235582,127.17492526958398,6.15687744140625,1026.146240234375
1970,235702,117.26377181602636,5.7039334716796875,950.6555786132812
1971,235822,121.90108933381688,5.917208862304688,986.2014770507812
1972,235942,129.96957893774885,6.283565185546875,1047.2608642578125
1973,236062,126.24323837710281,6.114374633789063,1019.0624389648438
1974,236182,125.00567443994277,6.05742041015625,1009.570068359375
1975,236302,123.66249802058098,5.9932646484375,998.87744140625
1976,236422,124.60368284951292,6.0386942138671875,1006.4490356445312
1977,236542,130.29452035044898,6.296917236328125,1049.4862060546875
1978,236662,122.88594133089228,5.95936962890625,993.228271484375
1979,236782,121.47547536025846,5.897041625976563,982.8402709960938
1980,236902,123.88299445032811,6.004012939453125,1000.6688232421875
1981,237022,123.60988426776169,5.99110546875,998.517578125
1982,237142,134.73125190720555,6.50021484375,1083.369140625
1983,237262,127.1939282121575,6.155460205078125,1025.9100341796875
1984,237382,132.127891169272,6.382231201171875,1063.7052001953125
1985,237502,132.7494820741704,6.4085771484375,1068.09619140625
1986,237622,127.92266118707374,6.18727734375,1031.212890625
1987,237742,132.1426447027864,6.382399658203125,1063.7332763671875
1988,237862,127.06497615334882,6.15047021484375,1025.078369140625
1989,237982,125.42495892831457,6.078517456054687,1013.0862426757812
1990,238102,126.90848780172959,6.1418671875,1023.64453125
1991,238222,122.64497769594442,5.945952392578125,990.9920654296875
1992,238342,128.26619037786713,6.205349853515625,1034.2249755859375
1993,238462,123.098327460599,5.971907592773437,995.3179321289062
1994,238582,126.36750638117219,6.112247314453125,1018.7078857421875
1995,238702,124.54442216268495,6.03524853515625,1005.874755859375
1996,238822,131.69425520377885,6.365540771484375,1060.9234619140625
1997,238942,129.53593570125093,6.265679443359375,1044.2799072265625
1998,239062,127.42316330869532,6.16837646484375,1028.062744140625
1999,239182,131.54955921230942,6.356996337890625,1059.4993896484375
2000,239302,130.117802101458,6.2915068359375,1048.58447265625
2001,239422,130.71234362218595,6.32026904296875,1053.378173828125
2002,239542,130.11453718231914,6.287126220703125,1047.8543701171875
2003,239662,127.58035957686047,6.173795654296875,1028.9659423828125
2004,239782,129.83206265850302,6.273703125,1045.6171875
2005,239902,121.03813460782389,5.880775268554688,980.1292114257812
2006,240022,130.2764406125547,6.296041259765625,1049.3402099609375
2007,240142,122.58137806079542,5.94404736328125,990.674560546875
2008,240262,126.80824738958921,6.137930053710938,1022.9883422851562
2009,240382,122.50567841173353,5.944222045898438,990.7036743164062
2010,240502,134.9420335988866,6.510724365234375,1085.1207275390625
2011,240622,129.09625081592387,6.246229248046875,1041.0382080078125
2012,240742,122.24581950811015,5.932239990234375,988.7066650390625
2013,240862,123.08833414352826,5.968453491210938,994.7422485351562
2014,240982,125.40629552615857,6.073828125,1012.3046875
2015,241102,133.9994476245217,6.4707421875,1078.45703125
2016,241222,128.34790951874552,6.20770458984375,1034.617431640625
2017,241342,120.08047605361665,5.83046923828125,971.744873046875
2018,241462,123.50217902658677,5.9861982421875,997.69970703125
2019,241582,123.9571414444137,6.006671630859375,1001.1119384765625
2020,241702,125.2990993826033,6.070452392578125,1011.7420654296875
2021,241822,124.05138048242064,6.015709350585937,1002.6182250976562
2022,241942,118.33588171242414,5.749777221679688,958.2962036132812
2023,242062,131.25337992842907,6.338959716796875,1056.4932861328125
2024,242182,130.08808745722783,6.287148193359375,1047.8580322265625
2025,242302,131.2548837871425,6.343427490234375,1057.2379150390625
2026,242422,124.64058745440695,6.042584106445313,1007.0973510742188
2027,242542,124.24510286972708,6.022556396484375,1003.7593994140625
2028,242662,127.87263425106752,6.190815673828125,1031.8026123046875
2029,242782,122.17913944622453,5.925486328125,987.5810546875
2030,242902,132.25017173817216,6.385267822265625,1064.2113037109375
2031,243022,128.48316268949154,6.21362255859375,1035.603759765625
2032,243142,121.08226047107127,5.872165649414063,978.6942749023438
2033,243262,125.94045799086513,6.104277465820313,1017.3795776367188
2034,243382,132.12749027304244,6.3825234375,1063.75390625
2035,243502,120.03562715080517,5.830906127929688,971.8176879882812
2036,243622,124.15049072820946,6.013735473632813,1002.2892456054688
2037,243742,131.80485484113944,6.36165234375,1060.275390625
2038,243862,122.69380072180209,5.942347412109375,990.3912353515625
2039,243982,132.120176078578,6.377800048828125,1062.9666748046875
2040,244102,135.85877995523404,6.5486806640625,1091.44677734375
2041,244222,124.8151276151734,6.048478637695313,1008.0797729492188
2042,244342,128.69408343133816,6.22481982421875,1037.469970703125
2043,244462,130.03222524495226,6.283058349609375,1047.1763916015625
2044,244582,129.18324042554374,6.2501337890625,1041.68896484375
2045,244702,123.66536636806154,5.995983764648438,999.3306274414062
2046,244822,127.58479180372882,6.175508056640625,1029.2513427734375
2047,244942,131.4245564994722,6.3478447265625,1057.97412109375
2048,245062,119.16199374777143,5.786799682617188,964.4666137695312
2049,245182,118.50903796837426,5.7564891357421875,959.4148559570312
2050,245302,129.54694253097196,6.2621923828125,1043.69873046875
2051,245422,133.95288664326907,6.460544677734375,1076.7574462890625
2052,245542,128.00607811927256,6.190745361328125,1031.7908935546875
2053,245662,128.09287072511864,6.192394775390625,1032.0657958984375
2054,245782,125.42043412215807,6.074818725585938,1012.4697875976562
2055,245902,125.22393669622986,6.068403076171875,1011.4005126953125
2056,246022,129.24543954191802,6.25288916015625,1042.148193359375
2057,246142,127.60878509937677,6.174126708984375,1029.0211181640625
2058,246262,131.6788422396907,6.363353759765625,1060.5589599609375
2059,246382,126.46804746599162,6.118789306640625,1019.7982177734375
2060,246502,120.25335383508326,5.8414833984375,973.58056640625
2061,246622,131.7952690635834,6.368385498046875,1061.3975830078125
2062,246742,129.43171464659434,6.255040283203125,1042.5067138671875
2063,246862,121.03707390664304,5.878108520507812,979.6847534179688
2064,246982,128.45824242503744,6.213744140625,1035.6240234375
2065,247102,132.99191050889584,6.42188818359375,1070.314697265625
2066,247222,128.77668690965422,6.228775634765625,1038.1292724609375
2067,247342,127.27265201601597,6.16091015625,1026.818359375
2068,247462,122.85538524893154,5.957984619140625,992.9974365234375
2069,247582,132.7518014246532,6.4085361328125,1068.08935546875
2070,247702,125.91352160707928,6.095757202148437,1015.9595336914062
2071,247822,122.26992318811267,5.92978125,988.296875
2072,247942,121.50588019719275,5.896947875976562,982.8246459960938
2073,248062,123.79731224900817,5.99861572265625,999.769287109375
2074,248182,126.39006689392384,6.1206470947265625,1020.1078491210938
2075,248302,127.9179934931341,6.19242919921875,1032.071533203125
2076,248422,125.57395680563202,6.08274755859375,1013.791259765625
2077,248542,126.73393668365259,6.142018798828125,1023.6697998046875
2078,248662,127.50782480917898,6.168275390625,1028.0458984375
2079,248782,132.61707898241576,6.405457763671875,1067.5762939453125
2080,248902,125.98511728635731,6.103769165039062,1017.2948608398438
2081,249022,122.20102549025859,5.924430908203125,987.4051513671875
2082,249142,129.02925246588245,6.243270263671875,1040.5450439453125
2083,249262,128.00430769310077,6.19535888671875,1032.559814453125
2084,249382,131.6674777912558,6.36152197265625,1060.253662109375
2085,249502,131.45179547368465,6.34873388671875,1058.122314453125
2086,249622,121.8883096516208,5.9118720703125,985.31201171875
2087,249742,125.1228046255499,6.060767578125,1010.1279296875
2088,249862,123.278797567421,5.976914794921875,996.1524658203125
2089,249982,125.05790095757796,6.06416015625,1010.693359375
2090,250102,126.2653016030397,6.113328369140625,1018.8880615234375
2091,250222,126.59512462835019,6.130797729492188,1021.7996215820312
2092,250342,131.5506145424316,6.358072265625,1059.6787109375
2093,250462,120.98876434009651,5.880077270507813,980.0128784179688
2094,250582,135.48019967803725,6.5390068359375,1089.83447265625
2095,250702,125.95061748731155,6.10003125,1016.671875
2096,250822,125.93566870487943,6.102093383789063,1017.0155639648438
2097,250942,128.45244931419586,6.2160205078125,1036.00341796875
2098,251062,131.08001189425337,6.335195068359375,1055.8658447265625
2099,251182,130.60971074697784,6.313648681640625,1052.2747802734375
2100,251302,125.97948244886493,6.105573120117188,1017.5955200195312
2101,251422,123.17700761626844,5.97441650390625,995.736083984375
2102,251542,126.10706714734654,6.109593383789062,1018.2655639648438
2103,251662,125.33585408300074,6.076015869140625,1012.6693115234375
2104,251782,123.29940344820449,5.982858032226562,997.1430053710938
2105,251902,125.01650085637783,6.0595927734375,1009.93212890625
2106,252022,128.2223646510034,6.205524169921875,1034.2540283203125
2107,252142,126.88582596999323,6.147528076171875,1024.5880126953125
2108,252262,124.72572478200924,6.049148071289062,1008.1913452148438
2109,252382,126.84251636637103,6.140402709960937,1023.4004516601562
2110,252502,128.6626032423857,6.2212763671875,1036.87939453125
2111,252622,125.7694542090336,6.091116577148438,1015.1860961914062
2112,252742,127.22752005167577,6.1620966796875,1027.01611328125
2113,252862,132.98389812201432,6.421203369140625,1070.2005615234375
2114,252982,128.5897553727323,6.221335693359375,1036.8892822265625
2115,253102,125.97093737890971,6.099044311523437,1016.5073852539062
2116,253222,120.83165765931285,5.866478759765625,977.7464599609375
2117,253342,125.70627034299133,6.088504760742188,1014.7507934570312
2118,253462,127.93276796543738,6.193647216796875,1032.2745361328125
2119,253582,129.61032320217794,6.26883984375,1044.806640625
2120,253702,127.83391040943943,6.1883291015625,1031.38818359375
2121,253822,122.40000019767493,5.937852172851563,989.6420288085938
2122,253942,129.95263408952593,6.280947509765625,1046.8245849609375
2123,254062,125.27602037056013,6.070550537109375,1011.7584228515625
2124,254182,118.80723967653729,5.770938720703125,961.8231201171875
2125,254302,125.18335101057755,6.062700439453125,1010.4500732421875
2126,254422,127.70496599132832,6.182083740234375,1030.3472900390625
2127,254542,127.53185646060211,6.167343017578125,1027.8905029296875
2128,254662,130.5357013792821,6.308813232421875,1051.4688720703125
2129,254782,123.73918457541178,6.004410278320313,1000.7350463867188
2130,254902,122.42628962159105,5.942475219726562,990.4125366210938
2131,255022,120.34786094527736,5.842550903320313,973.7584838867188
2132,255142,135.48508524411014,6.535481689453125,1089.2469482421875
2133,255262,135.07164409796803,6.515011962890625,1085.8353271484375
2134,255382,125.39982886372033,6.07133349609375,1011.888916015625
2135,255502,124.5092422264103,6.034999145507813,1005.8331909179688
2136,255622,130.15423841001927,6.291164794921875,1048.5274658203125
2137,255742,120.05096641889486,5.832750366210938,972.1250610351562
2138,255862,129.71483748485485,6.270126708984375,1045.0211181640625
2139,255982,124.40375804567668,6.0301875,1005.03125
2140,256102,128.67518931745377,6.227149658203125,1037.8582763671875
2141,256222,124.04012320281694,6.016737670898437,1002.7896118164062
2142,256342,133.3365357683165,6.438847412109375,1073.1412353515625
2143,256462,130.93678988938802,6.32698095703125,1054.496826171875
2144,256582,133.585470222526,6.4504599609375,1075.07666015625
2145,256702,121.66611171112136,5.90954736328125,984.924560546875
2146,256822,124.8540267427068,6.042821411132812,1007.1369018554688
2147,256942,124.01469529804592,6.007859985351563,1001.3099975585938
2148,257062,128.32369914070102,6.210015380859375,1035.0025634765625
2149,257182,130.62166235029383,6.313538818359375,1052.2564697265625
2150,257302,128.17902332090748,6.208291259765625,1034.7152099609375
2151,257422,130.6443574542562,6.315526611328125,1052.5877685546875
2152,257542,121.47336956648087,5.902411010742187,983.7351684570312
2153,257662,128.78008416209076,6.225488525390625,1037.5814208984375
2154,257782,123.20330994961938,5.973528442382812,995.5880737304688
2155,257902,125.78450890416667,6.094774658203125,1015.7957763671875
2156,258022,129.02109518690213,6.235830322265625,1039.3050537109375
2157,258142,125.58318948726419,6.084708618164062,1014.1181030273438
2158,258262,132.21810650144576,6.3884384765625,1064.73974609375
2159,258382,128.28379153961566,6.208975341796875,1034.8292236328125
2160,258502,130.2185910093542,6.299351806640625,1049.8919677734375
2161,258622,138.0396724938954,6.651223388671875,1108.5372314453125
2162,258742,125.18146729168981,6.066092651367187,1011.0154418945312
2163,258862,128.9419929463445,6.2428388671875,1040.47314453125
2164,258982,117.58677449800885,5.722561157226562,953.7601928710938
2165,259102,124.75145640540151,6.046675415039062,1007.7792358398438
2166,259222,129.81881089955672,6.278899658203125,1046.4832763671875
2167,259342,127.82322321167766,6.182991943359375,1030.4986572265625
2168,259462,130.65023144065862,6.314249267578125,1052.3748779296875
2169,259582,124.97521699474464,6.067282470703125,1011.2137451171875
2170,259702,125.64599473067958,6.084201416015625,1014.0335693359375
2171,259822,123.8170174303838,6.0078189697265625,1001.3031616210938
2172,259942,119.41869927549209,5.803616088867187,967.2693481445312
2173,260062,131.4989958136372,6.35819677734375,1059.699462890625
2174,260182,128.04172786817537,6.192649658203125,1032.1082763671875
2175,260302,128.34086957036124,6.20776171875,1034.626953125
2176,260422,126.40958227553755,6.1204189453125,1020.06982421875
2177,260542,122.64445283606008,5.9466485595703125,991.1080932617188
2178,260662,124.17570109595226,6.017993041992187,1002.9988403320312
2179,260782,125.72688453049615,6.091932495117187,1015.3220825195312
2180,260902,124.80408776597903,6.045269897460938,1007.5449829101562
2181,261022,126.24141342616298,6.113252563476562,1018.8754272460938
2182,261142,117.14986896102619,5.6989130859375,949.81884765625
2183,261262,117.85110416522633,5.735703369140625,955.9505615234375
2184,261382,121.10846426193321,5.877796875,979.6328125
2185,261502,121.47426476380795,5.897323974609375,982.8873291015625
2186,261622,128.978689492201,6.23985498046875,1039.975830078125
2187,261742,125.16435973005382,6.0640455322265625,1010.6742553710938
2188,261862,126.26815086833284,6.113806274414062,1018.9677124023438
2189,261982,120.53058773852862,5.854928833007812,975.8214721679688
2190,262102,127.8616151602741,6.18620068359375,1031.033447265625
2191,262222,119.05857798002026,5.780953491210938,963.4922485351562
2192,262342,130.1863733564919,6.2935869140625,1048.93115234375
2193,262462,123.08187481653604,5.970689575195313,995.1149291992188
2194,262582,130.55836090339483,6.3086689453125,1051.44482421875
2195,262702,124.0462622520074,6.01182275390625,1001.970458984375
2196,262822,126.47866771951595,6.119934448242187,1019.9890747070312
2197,262942,128.5692711355919,6.218063232421875,1036.3438720703125
2198,263062,118.0550806511974,5.737835815429688,956.3059692382812
2199,263182,125.38288700001846,6.0766025390625,1012.76708984375
2200,263302,121.9908789543918,5.915842529296875,985.9737548828125
2201,263422,133.01081672882646,6.420380859375,1070.0634765625
2202,263542,127.68873451884417,6.17883984375,1029.806640625
2203,263662,121.61947225626267,5.90647998046875,984.413330078125
2204,263782,129.18499980267117,6.250516845703125,1041.7528076171875
2205,263902,122.42010735900732,5.9356640625,989.27734375
2206,264022,130.66304994158793,6.319250244140625,1053.2083740234375
2207,264142,122.45256493129907,5.939352172851563,989.8920288085938
2208,264262,124.02830202753607,6.010001953125,1001.6669921875
2209,264382,124.65681823004763,6.0406875,1006.78125
2210,264502,126.44408165960238,6.127428955078125,1021.2381591796875
2211,264622,123.70130621083403,5.996987915039062,999.4979858398438
2212,264742,121.95534649771797,5.917427124023438,986.2378540039062
2213,264862,131.55564772998756,6.352338134765625,1058.7230224609375
2214,264982,124.24566029821845,6.017475219726562,1002.9125366210938
2215,265102,126.1783459561371,6.111719970703125,1018.6199951171875
2216,265222,132.2101076513389,6.385774658203125,1064.2957763671875
2217,265342,127.51548889776564,6.173063232421875,1028.8438720703125
2218,265462,128.7337724867581,6.228525146484375,1038.0875244140625
2219,265582,128.20727902330833,6.20253955078125,1033.756591796875
2220,265702,121.84164426767941,5.91243310546875,985.405517578125
2221,265822,130.91262880838528,6.323665283203125,1053.9442138671875
2222,265942,135.57587076887359,6.540927978515625,1090.1546630859375
2223,266062,124.48998705795697,6.032173461914063,1005.3622436523438
2224,266182,127.14000672615603,6.15047021484375,1025.078369140625
2225,266302,125.20270131994273,6.06746923828125,1011.244873046875
2226,266422,126.33108646497367,6.117010986328125,1019.5018310546875
2227,266542,124.9550074222157,6.051469482421875,1008.5782470703125
2228,266662,123.02981410446635,5.965554565429687,994.2590942382812
2229,266782,131.8819598741553,6.37361572265625,1062.269287109375
2230,266902,129.13223113779728,6.2427978515625,1040.46630859375
2231,267022,130.50506908672077,6.313510986328125,1052.2518310546875
2232,267142,120.5900029824038,5.851747192382812,975.2911987304688
2233,267262,129.2036932602203,6.248739990234375,1041.4566650390625
2234,267382,125.61248014000198,6.087737915039063,1014.6229858398438
2235,267502,123.92270279548644,6.002559448242187,1000.4265747070312
2236,267622,125.35607999288914,6.071121826171875,1011.8536376953125
2237,267742,120.67540875487096,5.86211279296875,977.018798828125
2238,267862,130.99989680202597,6.3307880859375,1055.13134765625
2239,267982,128.43621662069418,6.21460400390625,1035.767333984375
2240,268102,132.2742341712832,6.387321533203125,1064.5535888671875
2241,268222,122.59868611883107,5.95268115234375,992.113525390625
2242,268342,128.70347637499492,6.230928955078125,1038.4881591796875
2243,268462,127.96376545953535,6.18748681640625,1031.247802734375
2244,268582,133.38001601996626,6.439109619140625,1073.1849365234375
2245,268702,126.90524047356323,6.142224243164063,1023.7040405273438
2246,268822,120.95530586130624,5.871800537109375,978.6334228515625
2247,268942,123.38984109408142,5.979944091796875,996.6573486328125
2248,269062,131.82532321938973,6.36652587890625,1061.087646484375
2249,269182,121.72344637175425,5.909350341796875,984.8917236328125
2250,269302,133.6637454746209,6.451943115234375,1075.3238525390625
2251,269422,126.33695214541552,6.114720703125,1019.1201171875
2252,269542,123.95463725968565,6.01395263671875,1002.325439453125
2253,269662,123.63758962821136,5.992497436523437,998.7495727539062
2254,269782,118.561270576641,5.760003662109375,960.0006103515625
2255,269902,127.52600060698194,6.171927978515625,1028.6546630859375
2256,270022,124.64767196312887,6.037173706054688,1006.1956176757812
2257,270142,126.3645445121245,6.12100341796875,1020.167236328125
2258,270262,118.5386490540588,5.764865478515625,960.8109130859375
2259,270382,126.12630304582129,6.104684692382812,1017.4474487304688
2260,270502,128.68654576748577,6.223011474609375,1037.1685791015625
2261,270622,132.4158959039699,6.392389892578125,1065.3983154296875
2262,270742,127.24111391709305,6.157370361328125,1026.2283935546875
2263,270862,123.30562135449534,5.974341796875,995.7236328125
2264,270982,129.84032023693825,6.276491455078125,1046.0819091796875
2265,271102,124.17143941643437,6.018565063476562,1003.0941772460938
2266,271222,122.67200711807735,5.947772827148437,991.2954711914062
2267,271342,124.2920535595171,6.022044067382812,1003.6740112304688
2268,271462,132.93857252587912,6.419863037109375,1069.9771728515625
2269,271582,138.40134519970258,6.66578466796875,1110.964111328125
2270,271702,120.41093135536315,5.847775268554687,974.6292114257812
2271,271822,126.44774761466556,6.116232055664063,1019.3720092773438
2272,271942,123.5184993021738,5.990419189453125,998.4031982421875
2273,272062,129.79642835333132,6.275014892578125,1045.8358154296875
2274,272182,124.09156640692714,6.010965454101562,1001.8275756835938
2275,272302,127.85279223149635,6.182841064453125,1030.4735107421875
2276,272422,123.86378813452279,6.0036826171875,1000.61376953125
2277,272542,130.6990232741595,6.314904052734375,1052.4840087890625
2278,272662,122.8560426590753,5.954987548828125,992.4979248046875
2279,272782,130.53881621462313,6.314861572265625,1052.4769287109375
2280,272902,131.7485123503949,6.36151171875,1060.251953125
2281,273022,130.86114184119384,6.32113916015625,1053.523193359375
2282,273142,132.51784367114982,6.39805810546875,1066.343017578125
2283,273262,124.27116541812083,6.020666748046875,1003.4444580078125
2284,273382,122.79880134211756,5.95173193359375,991.955322265625
2285,273502,130.01608387498666,6.283587890625,1047.2646484375
2286,273622,136.81637909473164,6.59165185546875,1098.608642578125
2287,273742,128.6961479652,6.22701123046875,1037.835205078125
2288,273862,124.94758753944457,6.048739379882813,1008.1232299804688
2289,273982,132.3332199570077,6.39428759765625,1065.714599609375
2290,274102,130.5460188633257,6.306873046875,1051.1455078125
2291,274222,125.91690457041197,6.094479858398437,1015.7466430664062
2292,274342,129.6021692961694,6.2681982421875,1044.69970703125
2293,274462,129.59813203505507,6.265925537109375,1044.3209228515625
2294,274582,131.7202805014979,6.359499755859375,1059.9166259765625
2295,274702,119.10546764936029,5.784289306640625,964.0482177734375
2296,274822,121.84415225860432,5.914654541015625,985.7757568359375
2297,274942,128.64672890858847,6.21915087890625,1036.525146484375
2298,275062,123.39111998168872,5.9827587890625,997.12646484375
2299,275182,128.9795717634629,6.2319345703125,1038.65576171875
2300,275302,124.17889125065528,6.0166669921875,1002.77783203125
2301,275422,132.78155593209163,6.408966064453125,1068.1610107421875
2302,275542,122.32248160449248,5.930619506835938,988.4365844726562
2303,275662,119.38667331799432,5.806794067382812,967.7990112304688
2304,275782,128.59933497772727,6.218596435546875,1036.4327392578125
2305,275902,129.79939116899948,6.277809814453125,1046.3016357421875
2306,276022,118.72130830811061,5.765795654296875,960.9659423828125
2307,276142,127.09745107473773,6.15343212890625,1025.572021484375
2308,276262,134.3412095127987,6.4817373046875,1080.28955078125
2309,276382,128.82885138525484,6.2393408203125,1039.89013671875
2310,276502,125.48144589198128,6.077838134765625,1012.9730224609375
2311,276622,127.47153066907784,6.16886572265625,1028.144287109375
2312,276742,124.04518186256266,6.01094970703125,1001.824951171875
2313,276862,127.75068136282516,6.1800673828125,1030.01123046875
2314,276982,117.1805909378674,5.69531689453125,949.219482421875
2315,277102,125.47499861343442,6.078952880859375,1013.1588134765625
2316,277222,126.8009438177904,6.141374267578125,1023.5623779296875
2317,277342,128.24707353952851,6.207500244140625,1034.5833740234375
2318,277462,123.8261491061112,6.001664794921875,1000.2774658203125
2319,277582,129.05611179208483,6.237131103515625,1039.5218505859375
2320,277702,129.24498641504286,6.24852099609375,1041.420166015625
2321,277822,127.82174388929137,6.1811162109375,1030.18603515625
2322,277942,123.18223306533379,5.970272094726562,995.0453491210938
2323,278062,126.09892693147688,6.10065087890625,1016.775146484375
2324,278182,130.09241282221848,6.28662744140625,1047.771240234375
2325,278302,128.81044832514118,6.223645751953125,1037.2742919921875
2326,278422,121.28573675271194,5.88002490234375,980.004150390625
2327,278542,130.21576919094255,6.294104736328125,1049.0174560546875
2328,278662,137.5074286955968,6.622253173828125,1103.7088623046875
2329,278782,129.03445903064272,6.2383330078125,1039.72216796875
2330,278902,132.9228357570993,6.417814453125,1069.6357421875
2331,279022,127.81476078144479,6.183454833984375,1030.5758056640625
2332,279142,139.77622765254347,6.73022021484375,1121.703369140625
2333,279262,120.81224325408452,5.866630004882812,977.7716674804688
2334,279382,122.25502892638637,5.932825561523438,988.8042602539062
2335,279502,123.23764471474902,5.977475463867187,996.2459106445312
2336,279622,126.94506274742162,6.1477353515625,1024.62255859375
2337,279742,128.70267462068622,6.222194091796875,1037.0323486328125
2338,279862,120.48882919906421,5.849631591796875,974.9385986328125
2339,279982,127.26946553649599,6.159134033203125,1026.5223388671875
2340,280102,125.7479821449441,6.085645751953125,1014.2742919921875
2341,280222,128.16231213834635,6.198807861328125,1033.1346435546875
2342,280342,124.0525093270617,6.008735229492188,1001.4558715820312
2343,280462,130.9354775519736,6.32647998046875,1054.413330078125
2344,280582,135.2027502469337,6.522462890625,1087.0771484375
2345,280702,119.56356161505724,5.80670068359375,967.783447265625
2346,280822,125.01631592553832,6.04980322265625,1008.300537109375
2347,280942,127.20626677588808,6.161152587890625,1026.8587646484375
2348,281062,125.99664839361472,6.096100708007812,1016.0167846679688
2349,281182,126.29313167403775,6.111751831054687,1018.6253051757812
2350,281302,130.51893499972266,6.305537109375,1050.9228515625
2351,281422,138.14928507220776,6.65745703125,1109.576171875
2352,281542,127.08929604720147,6.147746337890625,1024.6243896484375
2353,281662,122.8788828088878,5.955869750976563,992.6449584960938
2354,281782,118.79981440168928,5.770951171875,961.8251953125
2355,281902,127.59103894783289,6.17079638671875,1028.466064453125
2356,282022,126.78842957777661,6.134642211914063,1022.4403686523438
2357,282142,129.1417467425746,6.240359619140625,1040.0599365234375
2358,282262,130.78488253914557,6.317395751953125,1052.8992919921875
2359,282382,121.34158180190684,5.88180908203125,980.301513671875
2360,282502,132.52975666231475,6.392736328125,1065.4560546875
2361,282622,129.67037444339923,6.261626220703125,1043.6043701171875
2362,282742,129.56018788248335,6.263725341796875,1043.9542236328125
2363,282862,127.36285844520985,6.161025146484375,1026.8375244140625
2364,282982,127.0782999680178,6.149980224609375,1024.9967041015625
2365,283102,134.09216509385925,6.46438330078125,1077.397216796875
2366,283222,129.3080766099832,6.251543701171875,1041.9239501953125
2367,283342,127.93677437323461,6.183719970703125,1030.6199951171875
2368,283462,124.77651857179168,6.039457763671875,1006.5762939453125
2369,283582,122.33009107620887,5.932925537109375,988.8209228515625
2370,283702,120.99966232987103,5.87129296875,978.548828125
2371,283822,130.67526285167344,6.31412548828125,1052.354248046875
2372,283942,125.91390686578312,6.094922241210938,1015.8203735351562
2373,284062,122.6525132917262,5.94769921875,991.283203125
2374,284182,128.14310991703383,6.194262451171875,1032.3770751953125
2375,284302,120.956852647629,5.8665380859375,977.75634765625
2376,284422,130.8261557854979,6.3210087890625,1053.50146484375
2377,284542,129.16299985671316,6.239723876953125,1039.9539794921875
2378,284662,129.7742004409918,6.272253662109375,1045.3756103515625
2379,284782,124.09008992287448,6.013467407226562,1002.2445678710938
2380,284902,120.56390770941056,5.851657104492188,975.2761840820312
2381,285022,135.38413547467292,6.527302001953125,1087.8836669921875
2382,285142,124.83342990927588,6.046396728515625,1007.7327880859375
2383,285262,124.32637700965788,6.02278564453125,1003.797607421875
2384,285382,131.80486361982884,6.35939501953125,1059.899169921875
2385,285502,128.58248463008786,6.213697998046875,1035.6163330078125
2386,285622,126.13043738036205,6.110115234375,1018.3525390625
2387,285742,123.22818630828938,5.974805053710938,995.8008422851562
2388,285862,127.9181057695896,6.185578857421875,1030.9298095703125
2389,285982,128.77762786575343,6.22060986328125,1036.768310546875
2390,286102,125.958798449504,6.09519140625,1015.865234375
2391,286222,127.33225370577762,6.158895263671875,1026.4825439453125
2392,286342,120.7372047511256,5.8562724609375,976.04541015625
2393,286462,115.28441818916694,5.607465454101563,934.5775756835938
2394,286582,126.5240318808033,6.1204420166015625,1020.0736694335938
2395,286702,133.37911082097884,6.43498974609375,1072.498291015625
2396,286822,124.16243411559617,6.0157320556640625,1002.6220092773438
2397,286942,126.9246803625364,6.148905029296875,1024.8175048828125
2398,287062,124.90537202441539,6.05086669921875,1008.477783203125
2399,287182,130.46723347589466,6.29905224609375,1049.842041015625
2400,287302,122.60685556988639,5.939727172851563,989.9545288085938
2401,287422,121.3905494705269,5.889609375,981.6015625
2402,287542,121.12458973556684,5.87212646484375,978.687744140625
2403,287662,128.54957184028333,6.21478125,1035.796875
2404,287782,131.57282676498238,6.356156982421875,1059.3594970703125
2405,287902,121.71931146009696,5.900931518554687,983.4885864257812
2406,288022,125.85375825903549,6.092544067382812,1015.4240112304688
2407,288142,126.39433484759721,6.109625244140625,1018.2708740234375
2408,288262,116.10474123143852,5.647698120117187,941.2830200195312
2409,288382,124.03883717225227,6.008860107421875,1001.4766845703125
2410,288502,130.32810089991614,6.3003076171875,1050.05126953125
2411,288622,131.01954574076632,6.3300849609375,1055.01416015625
2412,288742,123.82838019473868,5.997699462890625,999.6165771484375
2413,288862,114.18912698776158,5.556640502929688,926.1067504882812
2414,288982,127.8643406011963,6.178734375,1029.7890625
2415,289102,122.95887218233644,5.95508203125,992.513671875
2416,289222,125.67797724234194,6.081927612304687,1013.6546020507812
2417,289342,124.9060719164398,6.05052099609375,1008.420166015625
2418,289462,125.1692853183616,6.058247680664063,1009.7079467773438
2419,289582,132.01108572349867,6.37288916015625,1062.148193359375
2420,289702,122.96238298150402,5.9609527587890625,993.4921264648438
2421,289822,126.17341219394805,6.11031298828125,1018.385498046875
2422,289942,131.6527822945074,6.358177001953125,1059.6961669921875
2423,290062,122.97212030644462,5.961424072265625,993.5706787109375
2424,290182,125.09977376682617,6.05633642578125,1009.389404296875
2425,290302,120.64296980205704,5.848052856445313,974.6754760742188
2426,290422,118.711318069467,5.773071533203125,962.1785888671875
2427,290542,126.98090537262703,6.147012451171875,1024.5020751953125
2428,290662,125.69951605410476,6.08367333984375,1013.945556640625
2429,290782,134.0858332071455,6.47455078125,1079.091796875
2430,290902,119.57796107317806,5.805434692382812,967.5724487304688
2431,291022,118.85651373088075,5.7694940185546875,961.5823364257812
2432,291142,125.6811797890715,6.08295703125,1013.826171875
2433,291262,128.15600949340762,6.19348388671875,1032.247314453125
2434,291382,124.07805893136045,6.0085294189453125,1001.4215698242188
2435,291502,129.970216403901,6.2793603515625,1046.56005859375
2436,291622,120.62138511327089,5.850726928710937,975.1211547851562
2437,291742,123.14752012724988,5.969889038085937,994.9815063476562
2438,291862,120.09836456331962,5.824033813476563,970.6723022460938
2439,291982,124.31457926413171,6.015140258789063,1002.5233764648438
2440,292102,120.23309050994659,5.831168701171875,971.8614501953125
2441,292222,123.5456530151353,5.9817088623046875,996.9514770507812
2442,292342,136.1421746464665,6.562881591796875,1093.8135986328125
2443,292462,133.66689017704633,6.44704248046875,1074.507080078125
2444,292582,129.76805081414287,6.27216650390625,1045.361083984375
2445,292702,124.62549261452477,6.036347900390625,1006.0579833984375
2446,292822,129.25972897870105,6.251164306640625,1041.8607177734375
2447,292942,123.3243596415146,5.972634521484375,995.4390869140625
2448,293062,131.41241776458406,6.345697265625,1057.6162109375
2449,293182,134.00309543986202,6.462567626953125,1077.0946044921875
2450,293302,128.4150440074568,6.209724609375,1034.9541015625
2451,293422,123.35374105509337,5.979734985351563,996.6224975585938
2452,293542,130.13843523092376,6.285825439453125,1047.6375732421875
2453,293662,124.18553130697802,6.01649560546875,1002.749267578125
2454,293782,129.0646350349251,6.234415283203125,1039.0692138671875
2455,293902,131.96341524129468,6.369327392578125,1061.5545654296875
2456,294022,128.36632945293687,6.208236328125,1034.7060546875
2457,294142,120.50323801710707,5.849796752929688,974.9661254882812
2458,294262,125.46500146749669,6.074892700195313,1012.4821166992188
2459,294382,126.04757334832641,6.100848266601562,1016.8080444335938
2460,294502,132.94225608589696,6.4128837890625,1068.81396484375
2461,294622,125.85892436826498,6.091887084960938,1015.3145141601562
2462,294742,130.25389772442674,6.29282958984375,1048.804931640625
2463,294862,125.18643223564266,6.063817016601562,1010.6361694335938
2464,294982,124.35600383949699,6.023082275390625,1003.8470458984375
2465,295102,130.40769396701018,6.301683837890625,1050.2806396484375
2466,295222,115.81611636918133,5.63418017578125,939.030029296875
2467,295342,131.54099300170512,6.350347412109375,1058.3912353515625
2468,295462,126.59200890748667,6.1291640625,1021.52734375
2469,295582,129.68943370707146,6.27244189453125,1045.406982421875
2470,295702,139.20991703243357,6.707009765625,1117.8349609375
2471,295822,126.3202100878736,6.1143603515625,1019.06005859375
2472,295942,133.650365884212,6.447861328125,1074.6435546875
2473,296062,133.055228036776,6.4167978515625,1069.46630859375
2474,296182,129.4094190608791,6.251605224609375,1041.9342041015625
2475,296302,125.11306333468463,6.056970703125,1009.4951171875
2476,296422,123.81744704271054,5.997241333007812,999.5402221679688
2477,296542,129.2649277872674,6.2524775390625,1042.07958984375
2478,296662,127.17362633815804,6.158185546875,1026.3642578125
2479,296782,121.83398313881851,5.904698364257812,984.1163940429688
2480,296902,131.81145843417912,6.36299267578125,1060.498779296875
2481,297022,127.3584997691,6.165223388671875,1027.5372314453125
2482,297142,130.9195822986884,6.32376416015625,1053.960693359375
2483,297262,129.63151896629554,6.261491455078125,1043.5819091796875
2484,297382,129.7797402530331,6.26449951171875,1044.083251953125
2485,297502,130.7718453308889,6.31609423828125,1052.682373046875
2486,297622,127.45244047170388,6.16557275390625,1027.595458984375
2487,297742,132.52983067686512,6.39521923828125,1065.869873046875
2488,297862,123.37490645235172,5.9811771240234375,996.8628540039062
2489,297982,134.00141141033595,6.47242236328125,1078.737060546875
2490,298102,128.94894587170177,6.230389892578125,1038.3983154296875
2491,298222,127.34577648776815,6.159536865234375,1026.5894775390625
2492,298342,124.93114485765591,6.0482314453125,1008.03857421875
2493,298462,128.74963452321455,6.222173583984375,1037.0289306640625
2494,298582,130.5768463844972,6.305967041015625,1050.9945068359375
2495,298702,120.00302617728116,5.827506958007812,971.2511596679688
2496,298822,128.70336653799703,6.221064697265625,1036.8441162109375
2497,298942,130.05757711262302,6.284515869140625,1047.4193115234375
2498,299062,136.17620609659465,6.570498046875,1095.0830078125
2499,299182,125.5736513078844,6.080164672851563,1013.3607788085938
2500,299302,136.14582169705236,6.56217041015625,1093.695068359375
2501,299422,130.12661749725282,6.2824716796875,1047.07861328125
2502,299542,128.03104627813138,6.197628662109375,1032.9381103515625
2503,299662,127.60499053216603,6.171422607421875,1028.5704345703125
2504,299782,127.89712542059125,6.182408203125,1030.4013671875
2505,299902,128.67763977771008,6.217412109375,1036.2353515625
2506,300022,127.11035113217595,6.152681396484375,1025.4468994140625
2507,300142,130.1660759160855,6.291703125,1048.6171875
2508,300262,120.34541498629781,5.840618774414063,973.4364624023438
2509,300382,126.33117606188468,6.118952270507813,1019.8253784179688
2510,300502,127.2273412567593,6.153624755859375,1025.6041259765625
2511,300622,124.80215589035264,6.044685791015625,1007.4476318359375
2512,300742,119.0198463456738,5.780834106445313,963.4723510742188
2513,300862,125.37258205733173,6.069205810546875,1011.5343017578125
2514,300982,126.8903303562626,6.133732177734375,1022.2886962890625
2515,301102,123.1339031487961,5.964204345703125,994.0340576171875
2516,301222,134.33963349629386,6.48554150390625,1080.923583984375
2517,301342,130.02583592172186,6.277660400390625,1046.2767333984375
2518,301462,135.8596807480214,6.549040283203125,1091.5067138671875
2519,301582,125.72549125711245,6.08277978515625,1013.796630859375
2520,301702,126.49218499247523,6.118181762695312,1019.6969604492188
2521,301822,132.25931384293114,6.388560791015625,1064.7601318359375
2522,301942,127.43225323332302,6.1657060546875,1027.61767578125
2523,302062,119.01442996499242,5.778923583984375,963.1539306640625
2524,302182,123.87599360496301,5.996751342773438,999.4585571289062
2525,302302,126.90421010200265,6.135980346679688,1022.6633911132812
2526,302422,125.70087241224199,6.07993359375,1013.322265625
2527,302542,132.74795651344579,6.401713623046875,1066.9522705078125
2528,302662,127.93256580571725,6.1831142578125,1030.51904296875
2529,302782,131.47988059609048,6.348489990234375,1058.0816650390625
2530,302902,134.6700782834484,6.5002294921875,1083.37158203125
2531,303022,117.92489076665896,5.734992553710938,955.8320922851562
2532,303142,122.99506214785589,5.9623480224609375,993.7246704101562
2533,303262,123.25004859383645,5.971501098632812,995.2501831054688
2534,303382,130.54628533195435,6.3045498046875,1050.75830078125
2535,303502,128.86388574758877,6.22640771484375,1037.734619140625
2536,303622,122.18026344727478,5.91995654296875,986.659423828125
2537,303742,126.88843622946942,6.142747192382813,1023.7911987304688
2538,303862,125.37232801830353,6.06701220703125,1011.168701171875
2539,303982,131.5529859893768,6.345517822265625,1057.5863037109375
2540,304102,129.49593771108076,6.255510498046875,1042.5850830078125
2541,304222,134.38397088780803,6.478571044921875,1079.7618408203125
2542,304342,126.37417542844742,6.112765502929688,1018.7942504882812
2543,304462,122.53272594555779,5.939115600585938,989.8526000976562
2544,304582,130.26808347956984,6.29173388671875,1048.622314453125
2545,304702,131.68012416611901,6.357491455078125,1059.5819091796875
2546,304822,127.12443729560994,6.14627197265625,1024.378662109375
2547,304942,126.46656257371812,6.11983154296875,1019.971923828125
2548,305062,122.67566558509162,5.94434326171875,990.723876953125
2549,305182,129.63778371316494,6.259635498046875,1043.2725830078125
2550,305302,127.73088987118058,6.174592529296875,1029.0987548828125
2551,305422,123.00105032601198,5.961677490234375,993.6129150390625
2552,305542,124.40576477860559,6.0181259765625,1003.02099609375
2553,305662,132.69235235847657,6.39593408203125,1065.989013671875
2554,305782,127.30739108591612,6.159290771484375,1026.5484619140625
2555,305902,128.03500013044047,6.18803466796875,1031.339111328125
2556,306022,127.86379527131507,6.1789365234375,1029.82275390625
2557,306142,131.70643718644456,6.35794775390625,1059.657958984375
2558,306262,127.26804557835254,6.154856689453125,1025.8094482421875
2559,306382,127.62815851275195,6.174756591796875,1029.1260986328125
2560,306502,125.84721819068909,6.0908466796875,1015.14111328125
2561,306622,128.57236988635879,6.214247314453125,1035.7078857421875
2562,306742,131.5552896105618,6.3493125,1058.21875
2563,306862,127.09321206443582,6.146208251953125,1024.3680419921875
2564,306982,134.63132682245165,6.4869990234375,1081.16650390625
2565,307102,127.40235888143278,6.1555224609375,1025.92041015625
2566,307222,126.60183861296782,6.128986083984375,1021.4976806640625
2567,307342,132.7227904002795,6.401662353515625,1066.9437255859375
2568,307462,122.44743784858247,5.93271533203125,988.785888671875
2569,307582,126.2792675605929,6.109576538085937,1018.2627563476562
2570,307702,127.09023190911289,6.143249267578125,1023.8748779296875
2571,307822,124.36893398485887,6.024090454101563,1004.0150756835938
2572,307942,120.80778479825372,5.859477172851562,976.5795288085938
2573,308062,125.32235414039887,6.06809912109375,1011.349853515625
2574,308182,131.76814577421698,6.3617373046875,1060.28955078125
2575,308302,127.76255947299585,6.18124951171875,1030.208251953125
2576,308422,126.4769810227136,6.118041870117188,1019.6736450195312
2577,308542,130.85801340918448,6.316298583984375,1052.7164306640625
2578,308662,127.3010414427095,6.15358740234375,1025.597900390625
2579,308782,122.92949873074349,5.954410766601563,992.4017944335938
2580,308902,124.9795897248449,6.052201904296875,1008.7003173828125
2581,309022,123.1151617121692,5.966343017578125,994.3905029296875
2582,309142,126.60587777181486,6.1194814453125,1019.91357421875
2583,309262,130.65078592891155,6.30415576171875,1050.692626953125
2584,309382,128.0331091751056,6.187319091796875,1031.2198486328125
2585,309502,124.7021335457128,6.039625122070312,1006.6041870117188
2586,309622,121.35969790172204,5.885706298828125,980.9510498046875
2587,309742,123.82361318370704,5.9980224609375,999.67041015625
2588,309862,126.49887737895537,6.11697802734375,1019.496337890625
2589,309982,126.24516762796443,6.1091396484375,1018.18994140625
2590,310102,120.56593388080967,5.844327392578125,974.0545654296875
2591,310222,128.7802084879813,6.22662451171875,1037.770751953125
2592,310342,130.2848923318461,6.295831787109375,1049.3052978515625
2593,310462,122.35841006803416,5.928309814453125,988.0516357421875
2594,310582,137.2275911268816,6.607070068359375,1101.1783447265625
2595,310702,131.49135297004196,6.34070361328125,1056.783935546875
2596,310822,125.51908859513577,6.075102905273438,1012.5171508789062
2597,310942,127.54768356830868,6.1700625,1028.34375
2598,311062,132.07774418810055,6.3745576171875,1062.42626953125
2599,311182,126.44536823404407,6.11452880859375,1019.088134765625
2600,311302,125.98189894686995,6.09750732421875,1016.251220703125
2601,311422,118.98910618123845,5.784421875,964.0703125
2602,311542,125.92398671215464,6.088458251953125,1014.7430419921875
2603,311662,115.9773903174121,5.63975537109375,939.959228515625
2604,311782,128.39351689338875,6.20779248046875,1034.632080078125
2605,311902,130.803450540954,6.31849658203125,1053.082763671875
2606,312022,127.71944478849217,6.169798828125,1028.2998046875
2607,312142,128.1475091173432,6.190616455078125,1031.7694091796875
2608,312262,122.0929624485425,5.918883178710938,986.4805297851562
2609,312382,130.10638800512163,6.282444580078125,1047.0740966796875
2610,312502,124.550193626388,6.034316162109375,1005.7193603515625
2611,312622,122.46169011345438,5.935881225585938,989.3135375976562
2612,312742,125.41682537283273,6.070638427734375,1011.7730712890625
2613,312862,129.9704776785357,6.273388916015625,1045.5648193359375
2614,312982,126.6814180610642,6.127233764648437,1021.2056274414062
2615,313102,131.51327725803858,6.34899462890625,1058.165771484375
2616,313222,129.02720093248712,6.228659912109375,1038.1099853515625
2617,313342,121.9658655417603,5.915514038085938,985.9190063476562
2618,313462,122.88640337124127,5.9562879638671875,992.7146606445312
2619,313582,136.1668441698307,6.55537646484375,1092.562744140625
2620,313702,125.87332097662406,6.084391479492187,1014.0652465820312
2621,313822,127.4197466926042,6.1576728515625,1026.27880859375
2622,313942,134.06117927685926,6.462211669921875,1077.0352783203125
2623,314062,125.90675465536862,6.09144873046875,1015.241455078125
2624,314182,126.45169577493722,6.113621704101562,1018.9369506835938
2625,314302,126.2210211761791,6.105340942382813,1017.5568237304688
2626,314422,130.0908113410411,6.277887451171875,1046.3145751953125
2627,314542,132.58048503930496,6.3895634765625,1064.92724609375
2628,314662,125.85505910347906,6.08804443359375,1014.674072265625
2629,314782,128.44472880294603,6.20313134765625,1033.855224609375
2630,314902,128.2404814554651,6.19924072265625,1033.206787109375
2631,315022,127.75960051782066,6.17379931640625,1028.966552734375
2632,315142,130.37242872490486,6.2893974609375,1048.23291015625
2633,315262,126.80470790411422,6.128633056640625,1021.4388427734375
2634,315382,128.6629649293176,6.2150244140625,1035.83740234375
2635,315502,128.75927530521838,6.2169697265625,1036.16162109375
2636,315622,124.97867695273007,6.050376708984375,1008.3961181640625
2637,315742,126.77933504209568,6.1288828125,1021.48046875
2638,315862,122.76716992694556,5.94656103515625,991.093505859375
2639,315982,129.3779847612867,6.251633056640625,1041.9388427734375
2640,316102,134.3242843911189,6.47254248046875,1078.757080078125
2641,316222,131.3310739772005,6.343522705078125,1057.2537841796875
2642,316342,130.4789892736365,6.297982177734375,1049.6636962890625
2643,316462,130.28450974017875,6.285814453125,1047.6357421875
2644,316582,122.58948784315805,5.94581103515625,990.968505859375
2645,316702,134.8795113205272,6.500255859375,1083.3759765625
2646,316822,132.49589893477153,6.3902109375,1065.03515625
2647,316942,131.68321885579667,6.354910400390625,1059.1517333984375
2648,317062,120.60005753233972,5.842157958984375,973.6929931640625
2649,317182,136.0226938313063,6.553242919921875,1092.2071533203125
2650,317302,131.44432507094078,6.34487109375,1057.478515625
2651,317422,129.06238245957746,6.230974365234375,1038.4957275390625
2652,317542,125.33576701738832,6.066630615234375,1011.1051025390625
2653,317662,117.7723125901488,5.716832153320312,952.8053588867188
2654,317782,123.43885582383905,5.978246337890625,996.3743896484375
2655,317902,123.14624281585765,5.964312377929687,994.0520629882812
2656,318022,129.81444586851586,6.262165283203125,1043.6942138671875
2657,318142,125.62266009441026,6.0775341796875,1012.92236328125
2658,318262,128.34912234914827,6.200901123046875,1033.4835205078125
2659,318382,132.7143686574805,6.404086669921875,1067.3477783203125
2660,318502,132.5911601576675,6.395326171875,1065.8876953125
2661,318622,125.05426254231443,6.0473994140625,1007.89990234375
2662,318742,129.46726757468178,6.250927001953125,1041.8211669921875
2663,318862,124.71195954616796,6.042162963867187,1007.0271606445312
2664,318982,127.75466569948065,6.173962646484375,1028.9937744140625
2665,319102,125.37112747619537,6.06793505859375,1011.322509765625
2666,319222,129.62222109955678,6.256843505859375,1042.8072509765625
2667,319342,133.74892219987763,6.44830224609375,1074.717041015625
2668,319462,122.21733833308278,5.92337548828125,987.229248046875
2669,319582,124.33386867872724,6.0187225341796875,1003.1204223632812
2670,319702,128.79671204888513,6.220587158203125,1036.7645263671875
2671,319822,119.50329426760295,5.798990112304687,966.4983520507812
2672,319942,122.9212023325545,5.95710791015625,992.851318359375
2673,320062,122.35829129377748,5.930638916015625,988.4398193359375
2674,320182,125.99513531624522,6.099381225585938,1016.5635375976562
2675,320302,129.3691446227612,6.25039453125,1041.732421875
2676,320422,131.473942118293,6.347473388671875,1057.9122314453125
2677,320542,136.06619413466498,6.55117822265625,1091.863037109375
2678,320662,128.54014401814823,6.213309814453125,1035.5516357421875
2679,320782,129.0228985979008,6.229979736328125,1038.3299560546875
2680,320902,127.53769910277327,6.16035205078125,1026.725341796875
2681,321022,127.07749436748875,6.144589599609375,1024.0982666015625
2682,321142,124.52570661496863,6.031111450195312,1005.1852416992188
2683,321262,125.86341819306904,6.087816650390625,1014.6361083984375
2684,321382,126.19210608114035,6.100676513671875,1016.7794189453125
2685,321502,127.67374337003079,6.167971435546875,1027.9952392578125
2686,321622,117.87117608722824,5.72354736328125,953.924560546875
2687,321742,128.33236322817663,6.206745849609375,1034.4576416015625
2688,321862,130.00707396746685,6.28043115234375,1046.738525390625
2689,321982,125.7674144354308,6.08540625,1014.234375
2690,322102,133.81192279571476,6.4541572265625,1075.69287109375
2691,322222,127.17876606197721,6.14471044921875,1024.118408203125
2692,322342,131.0536388710455,6.3303251953125,1055.05419921875
2693,322462,123.95478694687728,6.001750122070312,1000.2916870117188
2694,322582,129.82376051622828,6.26558349609375,1044.263916015625
2695,322702,133.4405668399311,6.440553955078125,1073.4256591796875
2696,322822,125.39957119331288,6.064562622070312,1010.7604370117188
2697,322942,127.70327451328788,6.1764609375,1029.41015625
2698,323062,124.09214455490647,6.006942626953125,1001.1571044921875
2699,323182,125.38387799653859,6.07260791015625,1012.101318359375
2700,323302,130.21386126826266,6.29385205078125,1048.975341796875
2701,323422,135.2833298423347,6.52144482421875,1086.907470703125
2702,323542,131.67189721703306,6.357730224609375,1059.6217041015625
2703,323662,123.68811277421943,5.991938232421875,998.6563720703125
2704,323782,128.33819102976344,6.197640380859375,1032.9400634765625
2705,323902,130.50448833068148,6.301478759765625,1050.2464599609375
2706,324022,127.60606669721759,6.1679091796875,1027.98486328125
2707,324142,124.62795307509563,6.030933837890625,1005.1556396484375
2708,324262,128.4071795586778,6.204875244140625,1034.1458740234375
2709,324382,126.92207522252801,6.139505126953125,1023.2508544921875
2710,324502,124.8938465746093,6.05091796875,1008.486328125
2711,324622,124.42623955575496,6.024212036132813,1004.0353393554688
2712,324742,127.94661374892443,6.182921630859375,1030.4869384765625
2713,324862,133.863407202407,6.454023193359375,1075.6705322265625
2714,324982,133.1719488580468,6.423816650390625,1070.6361083984375
2715,325102,129.14649126944664,6.23979638671875,1039.966064453125
2716,325222,124.6228512312585,6.0307294921875,1005.12158203125
2717,325342,133.76935654369058,6.45010693359375,1075.017822265625
2718,325462,126.41472917039498,6.110560913085937,1018.4268188476562
2719,325582,126.31392422308726,6.109651245117187,1018.2752075195312
2720,325702,128.9335460475756,6.22876611328125,1038.127685546875
2721,325822,132.20464493018798,6.378116455078125,1063.0194091796875
2722,325942,126.49927658358703,6.119524658203125,1019.9207763671875
2723,326062,135.0087216656634,6.51233935546875,1085.389892578125
2724,326182,123.60533138195593,5.984278564453125,997.3797607421875
2725,326302,132.0368327803047,6.37571923828125,1062.619873046875
2726,326422,125.66041837056324,6.076710571289063,1012.7850952148438
2727,326542,126.95361816617196,6.138119018554687,1023.0198364257812
2728,326662,130.25925214834456,6.28967431640625,1048.279052734375
2729,326782,127.96466304481545,6.188958251953125,1031.4930419921875
2730,326902,126.61228815836706,6.1236767578125,1020.61279296875
2731,327022,133.30073934768726,6.431416259765625,1071.9027099609375
2732,327142,125.36948715626255,6.069268798828125,1011.5447998046875
2733,327262,124.72169480329704,6.035776611328125,1005.9627685546875
2734,327382,120.67045046178183,5.85249755859375,975.416259765625
2735,327502,127.94452195257062,6.181445068359375,1030.2408447265625
2736,327622,126.74536450758309,6.133042236328125,1022.1737060546875
2737,327742,132.26612217729945,6.38582080078125,1064.303466796875
2738,327862,116.76517570514957,5.680790771484375,946.7984619140625
2739,327982,132.4404040016381,6.391783447265625,1065.2972412109375
2740,328102,125.65230442773277,6.081325561523437,1013.5542602539062
2741,328222,124.19788370442014,6.01247021484375,1002.078369140625
2742,328342,130.92854044423493,6.32202685546875,1053.671142578125
2743,328462,131.38964003004995,6.338341552734375,1056.3902587890625
2744,328582,117.59256883926875,5.717481079101563,952.9135131835938
2745,328702,128.2669648041601,6.203688720703125,1033.9481201171875
2746,328822,127.71685960436021,6.1761328125,1029.35546875
2747,328942,127.96537396808418,6.18626220703125,1031.043701171875
2748,329062,126.89540677553128,6.1432177734375,1023.86962890625
2749,329182,124.5418848942007,6.028116943359375,1004.6861572265625
2750,329302,127.15601495126286,6.149858642578125,1024.9764404296875
2751,329422,133.24772524989044,6.43133349609375,1071.888916015625
2752,329542,128.71984272856724,6.2240478515625,1037.34130859375
2753,329662,125.70688637003938,6.0820594482421875,1013.6765747070312
2754,329782,122.90035552602913,5.951046752929687,991.8411254882812
2755,329902,123.13279106486775,5.964223754882813,994.0372924804688
2756,330022,124.97437000797956,6.052770263671875,1008.7950439453125
2757,330142,123.10369555483587,5.9640655517578125,994.0109252929688
2758,330262,127.06879268374688,6.14501513671875,1024.169189453125
2759,330382,126.2142963876006,6.099618530273437,1016.6030883789062
2760,330502,134.6781266684584,6.488781005859375,1081.4635009765625
2761,330622,129.0733253888023,6.2364375,1039.40625
2762,330742,129.74740806154102,6.26523193359375,1044.205322265625
2763,330862,126.61092411162576,6.132392578125,1022.0654296875
2764,330982,128.00432377648647,6.192603515625,1032.1005859375
2765,331102,128.77866438037984,6.22234130859375,1037.056884765625
2766,331222,125.51740796080426,6.0750029296875,1012.50048828125
2767,331342,128.98390175982007,6.231402099609375,1038.5670166015625
2768,331462,124.79159028463928,6.039625122070312,1006.6041870117188
2769,331582,129.69846015040167,6.266527587890625,1044.4212646484375
2770,331702,128.23892185930248,6.20038330078125,1033.397216796875
2771,331822,125.04610865873491,6.0532265625,1008.87109375
2772,331942,127.60262903152153,6.168832763671875,1028.1387939453125
2773,332062,127.05482107238399,6.146642578125,1024.4404296875
2774,332182,122.06359527382529,5.9156429443359375,985.9404907226562
2775,332302,128.49562196226515,6.21066796875,1035.111328125
2776,332422,126.7810961511488,6.130803955078125,1021.8006591796875
2777,332542,116.95871576902823,5.686054321289062,947.6757202148438
2778,332662,134.68016231492695,6.49437744140625,1082.396240234375
2779,332782,128.13707410907338,6.195487060546875,1032.5811767578125
2780,332902,129.40225456381305,6.2488095703125,1041.46826171875
2781,333022,120.85315086221577,5.866547607421875,977.7579345703125
2782,333142,121.94969679013657,5.911220947265625,985.2034912109375
2783,333262,121.67171525857002,5.898336181640625,983.0560302734375
2784,333382,122.33962288223941,5.930568237304687,988.4280395507812
2785,333502,131.71994070855115,6.36478125,1060.796875
2786,333622,127.03249724524268,6.140851318359375,1023.4752197265625
2787,333742,128.46446820163587,6.208833251953125,1034.8055419921875
2788,333862,122.41289696543026,5.932890747070313,988.8151245117188
2789,333982,126.813542141571,6.133326416015625,1022.2210693359375
2790,334102,125.64787624925921,6.077374877929688,1012.8958129882812
2791,334222,115.7695118705369,5.630981689453125,938.4969482421875
2792,334342,127.3346549802378,6.155038330078125,1025.8397216796875
2793,334462,131.90519253621352,6.3673212890625,1061.22021484375
2794,334582,122.50272649740893,5.938386474609375,989.7310791015625
2795,334702,136.97343334608323,6.597904541015625,1099.6507568359375
2796,334822,127.423538162223,6.15532177734375,1025.886962890625
2797,334942,129.94869573599587,6.27185302734375,1045.308837890625
2798,335062,128.31205831415423,6.199742431640625,1033.2904052734375
2799,335182,124.30501187357427,6.016949340820313,1002.8248901367188
2800,335302,126.29605951419802,6.110492431640625,1018.4154052734375
2801,335422,129.51078825453232,6.264050537109375,1044.0084228515625
2802,335542,129.33339773824602,6.249251220703125,1041.5418701171875
2803,335662,134.01928769562187,6.46613525390625,1077.689208984375
2804,335782,126.03493123751868,6.100452026367187,1016.7420043945312
2805,335902,130.3901260832513,6.293209716796875,1048.8682861328125
2806,336022,130.1731207594288,6.286713134765625,1047.7855224609375
2807,336142,130.26723189361076,6.288999755859375,1048.1666259765625
2808,336262,128.3692207619157,6.20304638671875,1033.841064453125
2809,336382,129.32672548117364,6.244962890625,1040.8271484375
2810,336502,127.32438528681918,6.151004150390625,1025.1673583984375
2811,336622,132.88186240095848,6.409361572265625,1068.2269287109375
2812,336742,129.0993648683961,6.236232421875,1039.3720703125
2813,336862,129.95670202808464,6.27873779296875,1046.456298828125
2814,336982,125.48298787904423,6.06769482421875,1011.282470703125
2815,337102,132.62815486557716,6.397903564453125,1066.3172607421875
2816,337222,130.52641529542265,6.30005126953125,1050.008544921875
2817,337342,123.38754431511045,5.97795556640625,996.325927734375
2818,337462,123.40260180192827,5.972252563476562,995.3754272460938
2819,337582,126.1381083940484,6.107212280273438,1017.8687133789062
2820,337702,126.9739262677694,6.138737915039062,1023.1229858398438
2821,337822,122.23541280084956,5.918619873046875,986.4366455078125
2822,337942,127.54896740882282,6.16750927734375,1027.918212890625
2823,338062,128.02849411904234,6.182350341796875,1030.3917236328125
2824,338182,126.86083866637041,6.132486328125,1022.0810546875
2825,338302,133.04767924514215,6.420372802734375,1070.0621337890625
2826,338422,125.89558985556388,6.083534912109375,1013.9224853515625
2827,338542,125.65965552334833,6.078909301757813,1013.1515502929688
2828,338662,130.92640347240044,6.31495751953125,1052.492919921875
2829,338782,125.18538988596657,6.057837890625,1009.6396484375
2830,338902,125.21296093975218,6.056763427734375,1009.4605712890625
2831,339022,124.13084470127549,6.0093885498046875,1001.5647583007812
2832,339142,126.82804995860802,6.12960498046875,1021.600830078125
2833,339262,128.2156176858347,6.1988642578125,1033.14404296875
2834,339382,121.73443773202456,5.899225708007813,983.2042846679688
2835,339502,129.45542215454674,6.24950537109375,1041.584228515625
2836,339622,122.5328517333154,5.944492309570313,990.7487182617188
2837,339742,121.25684942914323,5.874743041992187,979.1238403320312
2838,339862,120.83583006820501,5.856398071289062,976.0663452148438
2839,339982,130.4291227675952,6.29744677734375,1049.574462890625
2840,340102,123.68887926455594,5.98697900390625,997.829833984375
2841,340222,134.05175431641348,6.462708984375,1077.1181640625
2842,340342,128.30275782936488,6.208625244140625,1034.7708740234375
2843,340462,125.79615683114395,6.088078857421875,1014.6798095703125
2844,340582,131.5016346413996,6.34939306640625,1058.232177734375
2845,340702,128.9632414900873,6.23093115234375,1038.488525390625
2846,340822,118.69942258701914,5.758805786132813,959.8009643554688
2847,340942,123.09116407406924,5.961661010742188,993.6101684570312
2848,341062,135.4547193519657,6.53065283203125,1088.442138671875
2849,341182,126.73854295632904,6.126389282226563,1021.0648803710938
2850,341302,123.95699462758063,5.998320190429688,999.7200317382812
2851,341422,130.6643425081212,6.308372314453125,1051.3953857421875
2852,341542,126.10501791109951,6.100898071289063,1016.8163452148438
2853,341662,128.57693141046806,6.21050244140625,1035.083740234375
2854,341782,132.31900888570087,6.3828544921875,1063.80908203125
2855,341902,124.28630280388113,6.022231201171875,1003.7052001953125
2856,342022,123.20194125673422,5.962279541015625,993.7132568359375
2857,342142,129.03036550967687,6.235427490234375,1039.2379150390625
2858,342262,127.08227407906918,6.14453466796875,1024.089111328125
2859,342382,130.53879780834188,6.2975712890625,1049.59521484375
2860,342502,135.48771100412048,6.529149169921875,1088.1915283203125
2861,342622,124.7546898234939,6.0354766845703125,1005.9127807617188
2862,342742,121.71645834057138,5.895951049804688,982.6585083007812
2863,342862,126.88600095884473,6.1359012451171875,1022.6502075195312
2864,342982,131.98279493553335,6.370587158203125,1061.7645263671875
2865,343102,125.33288289799643,6.0594722900390625,1009.9120483398438
2866,343222,129.72210720050808,6.25773779296875,1042.956298828125
2867,343342,128.92659282990024,6.222646728515625,1037.1077880859375
2868,343462,129.1942261061164,6.242817626953125,1040.4696044921875
2869,343582,128.76325235867378,6.213495849609375,1035.5826416015625
2870,343702,124.01961329732126,6.003481201171875,1000.5802001953125
2871,343822,128.86996712007112,6.2211064453125,1036.85107421875
2872,343942,132.8709827243973,6.40562548828125,1067.604248046875
2873,344062,117.46633695786082,5.693919067382812,948.9865112304688
2874,344182,124.98563782259853,6.044524658203125,1007.4207763671875
2875,344302,127.55830978940025,6.159851806640625,1026.6419677734375
2876,344422,124.93863442426263,6.048632080078125,1008.1053466796875
2877,344542,127.14625729685518,6.141244262695312,1023.5407104492188
2878,344662,130.58279456694675,6.3041748046875,1050.69580078125
2879,344782,126.10843986676898,6.1010416259765625,1016.8402709960938
2880,344902,128.3923461743113,6.199597412109375,1033.2662353515625
2881,345022,133.2006572838256,6.420104736328125,1070.0174560546875
2882,345142,120.22033206398203,5.828001708984375,971.3336181640625
2883,345262,125.78949733599013,6.086379638671875,1014.3966064453125
2884,345382,125.13372797785149,6.05609033203125,1009.348388671875
2885,345502,127.90859624173203,6.18409716796875,1030.682861328125
2886,345622,121.69536685654609,5.900114868164063,983.3524780273438
2887,345742,124.97518594067517,6.046731079101563,1007.7885131835938
2888,345862,121.48884980561459,5.8843857421875,980.73095703125
2889,345982,129.79136975105598,6.26945654296875,1044.909423828125
2890,346102,124.94374587449278,6.0448974609375,1007.48291015625
2891,346222,125.95115885125476,6.093728393554687,1015.6213989257812
2892,346342,114.05999625222174,5.54827587890625,924.712646484375
2893,346462,126.1744781970097,6.099924682617187,1016.6541137695312
2894,346582,133.53929240328134,6.436973876953125,1072.8289794921875
2895,346702,121.52288042979659,5.8848116455078125,980.8019409179688
2896,346822,125.63373960928166,6.074667114257813,1012.4445190429688
2897,346942,126.38144578835717,6.115701782226562,1019.2836303710938
2898,347062,126.30752224709688,6.117084228515625,1019.5140380859375
2899,347182,130.19101874655087,6.28369775390625,1047.282958984375
2900,347302,131.83990442493652,6.354898681640625,1059.1497802734375
2901,347422,122.0118385182455,5.90736474609375,984.560791015625
2902,347542,118.72074710612209,5.765741088867188,960.9568481445312
2903,347662,126.9910634605033,6.138140258789062,1023.0233764648438
2904,347782,133.19775274178943,6.421801025390625,1070.3001708984375
2905,347902,125.83568566590414,6.087192993164063,1014.5321655273438
2906,348022,128.62694935832934,6.21385546875,1035.642578125
2907,348142,127.36677406819749,6.155280029296875,1025.8800048828125
2908,348262,121.27138073500562,5.872393432617187,978.7322387695312
2909,348382,122.45790559300627,5.930800048828125,988.4666748046875
2910,348502,116.24796409104619,5.65089697265625,941.816162109375
2911,348622,128.0277719656784,6.1887099609375,1031.45166015625
2912,348742,123.83755429063223,5.9966539306640625,999.4423217773438
2913,348862,123.14857013193708,5.960704833984375,993.4508056640625
2914,348982,129.11318394426664,6.2351455078125,1039.19091796875
2915,349102,131.33428042068292,6.336302490234375,1056.0504150390625
2916,349222,124.54531150991991,6.02284423828125,1003.807373046875
2917,349342,120.18142310318113,5.827575805664062,971.2626342773438
2918,349462,125.01034254493226,6.045725830078125,1007.6209716796875
2919,349582,126.19668553955611,6.101309326171875,1016.8848876953125
2920,349702,125.68525157999052,6.0814361572265625,1013.5726928710938
2921,349822,130.18118914763602,6.286755615234375,1047.7926025390625
2922,349942,123.20790600586342,5.967567993164063,994.5946655273438
2923,350062,129.55899804154544,6.258592529296875,1043.0987548828125
2924,350182,134.55897398905597,6.482432373046875,1080.4053955078125
2925,350302,130.81311600026183,6.312069580078125,1052.0115966796875
2926,350422,123.5209580745135,5.98952197265625,998.253662109375
2927,350542,122.64038898095909,5.9376112060546875,989.6018676757812
2928,350662,129.56198232910674,6.25264599609375,1042.107666015625
2929,350782,125.35861938450336,6.063515258789063,1010.5858764648438
2930,350902,132.46750113996708,6.389266845703125,1064.8778076171875
2931,351022,128.14445532323543,6.191779541015625,1031.9632568359375
2932,351142,125.38713132332079,6.067994384765625,1011.3323974609375
2933,351262,121.72137659609632,5.899214721679687,983.2024536132812
2934,351382,130.56988150263118,6.30144873046875,1050.241455078125
2935,351502,126.44440084584414,6.122861938476563,1020.4769897460938
2936,351622,124.36280144952278,6.018545654296875,1003.0909423828125
2937,351742,124.38140902674559,6.018897216796875,1003.1495361328125
2938,351862,124.44097945174265,6.021553344726563,1003.5922241210938
2939,351982,130.28173910097664,6.288043212890625,1048.0072021484375
2940,352102,131.6469484211972,6.350367919921875,1058.3946533203125
2941,352222,132.07923364787746,6.371006103515625,1061.8343505859375
2942,352342,132.44289640809453,6.38624853515625,1064.374755859375
2943,352462,126.68803841711431,6.126577514648438,1021.0962524414062
2944,352582,123.83272522937128,5.99619140625,999.365234375
2945,352702,125.15780287755447,6.058012573242188,1009.6687622070312
2946,352822,129.13230784260801,6.23598193359375,1039.330322265625
2947,352942,123.5303472505015,5.980786743164063,996.7977905273438
2948,353062,124.70094968047279,6.037943115234375,1006.3238525390625
2949,353182,123.98011843051097,5.9977437744140625,999.6239624023438
2950,353302,129.53476082824275,6.255526611328125,1042.5877685546875
2951,353422,123.97785278029961,5.997419311523437,999.5698852539062
2952,353542,132.2424306867777,6.38441748046875,1064.069580078125
2953,353662,124.57999674006406,6.026477783203125,1004.4129638671875
2954,353782,130.36244997448964,6.29510009765625,1049.183349609375
2955,353902,120.31468265184117,5.8338486328125,972.30810546875
2956,354022,123.91560191897325,6.00036181640625,1000.060302734375
2957,354142,120.43469484658365,5.853855102539063,975.6425170898438
2958,354262,121.29411903869905,5.879374145507812,979.8956909179688
2959,354382,131.14988317740003,6.330566162109375,1055.0943603515625
2960,354502,127.7775777150807,6.17608154296875,1029.346923828125
2961,354622,123.87975864387822,5.996975830078125,999.4959716796875
2962,354742,130.6557920397797,6.314575927734375,1052.4293212890625
2963,354862,127.15766526841861,6.144642333984375,1024.1070556640625
2964,354982,131.1655764333751,6.324415283203125,1054.0692138671875
2965,355102,124.6762734220123,6.030809692382812,1005.1349487304688
2966,355222,130.0762856819124,6.277053955078125,1046.1756591796875
2967,355342,130.9759129343524,6.313653076171875,1052.2755126953125
2968,355462,125.6515371867078,6.07752392578125,1012.920654296875
2969,355582,133.4151205799834,6.429605712890625,1071.6009521484375
2970,355702,126.38243944485447,6.115379150390625,1019.2298583984375
2971,355822,133.4274870260068,6.4313525390625,1071.89208984375
2972,355942,128.22828847300883,6.19721923828125,1032.869873046875
2973,356062,133.83730645919238,6.44647119140625,1074.411865234375
2974,356182,126.8064021968571,6.127961791992187,1021.3269653320312
2975,356302,132.14904327243292,6.37426171875,1062.376953125
2976,356422,126.33748380369599,6.111371704101563,1018.5619506835938
2977,356542,130.98936231120274,6.3234814453125,1053.91357421875
2978,356662,125.74040228089578,6.081002563476562,1013.5004272460938
2979,356782,122.0199210615528,5.911881225585938,985.3135375976562
2980,356902,126.64351737969136,6.1241260986328125,1020.6876831054688
2981,357022,128.2642812964347,6.192695068359375,1032.1158447265625
2982,357142,128.96129487188728,6.23111572265625,1038.519287109375
2983,357262,130.2668631320377,6.2918115234375,1048.63525390625
2984,357382,131.95861255934224,6.36247705078125,1060.412841796875
2985,357502,119.5207075948453,5.802849243164062,967.1415405273438
2986,357622,127.98751684540733,6.185943603515625,1030.9906005859375
2987,357742,125.65664904312527,6.076793701171875,1012.7989501953125
2988,357862,124.21476296481045,6.012173583984375,1002.0289306640625
2989,357982,130.05635526800654,6.2769287109375,1046.15478515625
2990,358102,130.22629234604585,6.291648193359375,1048.6080322265625
2991,358222,130.29336795622447,6.288709716796875,1048.1182861328125
2992,358342,124.87910202901821,6.03615087890625,1006.025146484375
2993,358462,116.8688911491491,5.6724700927734375,945.4116821289062
2994,358582,121.41525189998265,5.882530883789062,980.4218139648438
2995,358702,126.03271257518298,6.093369140625,1015.5615234375
2996,358822,124.32583261489185,6.014612915039063,1002.4354858398438
2997,358942,124.2315446144246,6.006613403320313,1001.1022338867188
2998,359062,127.9558281930373,6.176984619140625,1029.4974365234375
2999,359182,129.26172663098728,6.2435595703125,1040.59326171875
3000,359302,121.91824367700545,5.904567626953125,984.0946044921875
3001,359422,122.38598655105085,5.926090576171875,987.6817626953125
3002,359542,127.95515147640398,6.179183349609375,1029.8638916015625
3003,359662,127.87869730889958,6.183347900390625,1030.5579833984375
3004,359782,131.0492818933852,6.32706005859375,1054.510009765625
3005,359902,135.18069956058628,6.514559326171875,1085.7598876953125
3006,360022,127.52438346655313,6.1659375,1027.65625
3007,360142,131.50174978418883,6.34394091796875,1057.323486328125
3008,360262,129.72863137265327,6.26344921875,1043.908203125
3009,360382,127.75998717793695,6.17377880859375,1028.963134765625
3010,360502,126.5514602597568,6.122137573242187,1020.3562622070312
3011,360622,125.1352450711139,6.052705078125,1008.7841796875
3012,360742,128.7594354874552,6.218876953125,1036.4794921875
3013,360862,131.60521646169605,6.344914306640625,1057.4857177734375
3014,360982,135.63598471605252,6.53672607421875,1089.454345703125
3015,361102,126.10544484583946,6.102177612304687,1017.0296020507812
3016,361222,132.63459175944303,6.39465234375,1065.775390625
3017,361342,124.57998010840853,6.0259376220703125,1004.3229370117188
3018,361462,131.8076347194928,6.356696044921875,1059.4493408203125
3019,361582,125.99141613565395,6.089432739257813,1014.9054565429688
3020,361702,131.03874850400442,6.325359375,1054.2265625
3021,361822,120.55267344924609,5.84232568359375,973.720947265625
3022,361942,138.55836746167793,6.666547119140625,1111.0911865234375
3023,362062,122.4778949057731,5.936045288085937,989.3408813476562
3024,362182,131.92659419442248,6.364626708984375,1060.7711181640625
3025,362302,129.02298696047288,6.22725439453125,1037.875732421875
3026,362422,132.50999799263562,6.386565673828125,1064.4276123046875
3027,362542,122.2623719056038,5.926716064453125,987.7860107421875
3028,362662,126.9163858642036,6.139958129882812,1023.3263549804688
3029,362782,127.65365944635704,6.168410888671875,1028.0684814453125
3030,362902,123.5649186241184,5.979334716796875,996.5557861328125
3031,363022,131.83532315340676,6.360091552734375,1060.0152587890625
3032,363142,128.32759086923917,6.202115478515625,1033.6859130859375
3033,363262,127.86372127995378,6.178830322265625,1029.8050537109375
3034,363382,131.6900873727318,6.3493447265625,1058.22412109375
3035,363502,125.13909116168873,6.052786376953125,1008.7977294921875
3036,363622,123.19163789686164,5.9686259765625,994.77099609375
3037,363742,125.66280810707603,6.0757598876953125,1012.6266479492188
3038,363862,127.52162414195038,6.164766357421875,1027.4610595703125
3039,363982,130.11855460461106,6.282866455078125,1047.1444091796875
3040,364102,125.52604446378265,6.071825317382812,1011.9708862304688
3041,364222,122.5605850544629,5.94252685546875,990.421142578125
3042,364342,129.59041376160397,6.25745068359375,1042.908447265625
3043,364462,122.27690554092423,5.922402465820313,987.0670776367188
3044,364582,126.94171342718886,6.132638305664062,1022.1063842773438
3045,364702,125.69479924476735,6.08096044921875,1013.493408203125
3046,364822,116.42087922056308,5.658499145507813,943.0831909179688
3047,364942,128.9725529835583,6.2260517578125,1037.67529296875
3048,365062,133.91032229199254,6.455208251953125,1075.8680419921875
3049,365182,121.68740706926346,5.901483032226563,983.5805053710938
3050,365302,119.68174029947355,5.806662231445313,967.7770385742188
3051,365422,124.33179068109855,6.018586669921875,1003.0977783203125
3052,365542,127.3128279261903,6.154932861328125,1025.8221435546875
3053,365662,130.27697776892128,6.300246826171875,1050.0411376953125
3054,365782,132.64517431889982,6.3967705078125,1066.12841796875
3055,365902,131.01310083872244,6.3214248046875,1053.57080078125
3056,366022,131.21608651611768,6.332697509765625,1055.4495849609375
3057,366142,132.75179042902454,6.40189599609375,1066.982666015625
3058,366262,129.1980161089626,6.24608349609375,1041.013916015625
3059,366382,130.24166347174764,6.288473876953125,1048.0789794921875
3060,366502,120.63026349917295,5.848535888671875,974.7559814453125
3061,366622,125.08726618491454,6.05094580078125,1008.490966796875
3062,366742,126.55422689289858,6.11869775390625,1019.782958984375
3063,366862,124.48910065461878,6.0284227294921875,1004.7371215820312
3064,366982,132.2863855045747,6.383764892578125,1063.9608154296875
3065,367102,130.97785393507428,6.322428955078125,1053.7381591796875
3066,367222,125.84949605573797,6.082506958007812,1013.7511596679688
3067,367342,129.9833604986703,6.279885498046875,1046.6475830078125
3068,367462,123.26068669440416,5.967981811523438,994.6636352539062
3069,367582,133.27088798549153,6.428615478515625,1071.4359130859375
3070,367702,125.02633991540503,6.046546142578125,1007.7576904296875
3071,367822,124.85282359215665,6.0350654296875,1005.84423828125
3072,367942,125.7449875461293,6.078545288085937,1013.0908813476562
3073,368062,126.22550735588877,6.10398486328125,1017.330810546875
3074,368182,124.33116820921514,6.017255859375,1002.8759765625
3075,368302,128.50854388334463,6.202701416015625,1033.7835693359375
3076,368422,138.3597758394748,6.66341162109375,1110.568603515625
3077,368542,129.71675762776138,6.261532470703125,1043.5887451171875
3078,368662,132.9570235213743,6.419739990234375,1069.9566650390625
3079,368782,125.81968718481093,6.077015991210938,1012.8359985351562
3080,368902,122.00811937812584,5.909933349609375,984.9888916015625
3081,369022,130.1180395431145,6.2739111328125,1045.65185546875
3082,369142,127.29895737969983,6.151727783203125,1025.2879638671875
3083,369262,125.19696700949838,6.054229248046875,1009.0382080078125
3084,369382,126.06835503403681,6.088991455078125,1014.8319091796875
3085,369502,135.30396207293768,6.5200869140625,1086.68115234375
3086,369622,120.0444243375889,5.819902587890625,969.9837646484375
3087,369742,124.2971751851683,6.014430541992187,1002.4050903320312
3088,369862,127.46536177150959,6.160253173828125,1026.7088623046875
3089,369982,127.80650299188895,6.17151708984375,1028.586181640625
3090,370102,129.44984035037018,6.250237060546875,1041.7061767578125
3091,370222,122.63196816816202,5.938939086914062,989.8231811523438
3092,370342,125.80884921313684,6.085547607421875,1014.2579345703125
3093,370462,124.350140378286,6.012876708984375,1002.1461181640625
3094,370582,129.49335069454128,6.256004150390625,1042.6673583984375
3095,370702,121.95246722424997,5.904406494140625,984.0677490234375
3096,370822,127.56981962108497,6.1664150390625,1027.73583984375
3097,370942,131.65092642544224,6.348523681640625,1058.0872802734375
3098,371062,124.68884308241432,6.035942138671875,1005.9903564453125
3099,371182,135.9848575824002,6.553070068359375,1092.1783447265625
3100,371302,125.48127602918883,6.07196044921875,1011.993408203125
3101,371422,123.44348713064582,5.977430053710938,996.2383422851562
3102,371542,120.72400140974769,5.85194677734375,975.324462890625
3103,371662,128.67188163223716,6.213078369140625,1035.5130615234375
3104,371782,128.50420497212514,6.20881787109375,1034.802978515625
3105,371902,130.8306137651343,6.315715576171875,1052.6192626953125
3106,372022,131.53815553855762,6.345762451171875,1057.6270751953125
3107,372142,124.05330447164555,5.999013427734375,999.8355712890625
3108,372262,121.9573595496752,5.905795166015625,984.2991943359375
3109,372382,129.57925468091855,6.25871630859375,1043.119384765625
3110,372502,123.07513391733696,5.957348510742188,992.8914184570312
3111,372622,132.2548338675841,6.3793212890625,1063.22021484375
3112,372742,132.1727188191784,6.376609130859375,1062.7681884765625
3113,372862,127.44529092921337,6.154522705078125,1025.7537841796875
3114,372982,126.18887284656954,6.100381713867187,1016.7302856445312
3115,373102,126.18461963128205,6.099769775390625,1016.6282958984375
3116,373222,129.5286403878227,6.254555419921875,1042.4259033203125
3117,373342,127.41362551976994,6.15718212890625,1026.197021484375
3118,373462,128.89864761274308,6.2250146484375,1037.50244140625
3119,373582,131.61262041375178,6.350947265625,1058.4912109375
3120,373702,131.9626482787811,6.36389794921875,1060.649658203125
3121,373822,123.0651746753192,5.9550732421875,992.51220703125
3122,373942,133.68015105072266,6.441116455078125,1073.5194091796875
3123,374062,134.87233110571296,6.499494873046875,1083.2491455078125
3124,374182,134.97024506467258,6.5071552734375,1084.52587890625
3125,374302,125.22940133288782,6.054781860351563,1009.1303100585938
3126,374422,129.72492250837033,6.261122314453125,1043.5203857421875
3127,374542,124.0239375216037,6.002449584960938,1000.4082641601562
3128,374662,126.32482719604911,6.108393310546875,1018.0655517578125
3129,374782,124.97541103891176,6.047085205078125,1007.8475341796875
3130,374902,130.9573227304785,6.31788134765625,1052.980224609375
3131,375022,131.47647829049316,6.35055322265625,1058.425537109375
3132,375142,125.39506947914397,6.064871704101562,1010.8119506835938
3133,375262,130.5607494088883,6.30139892578125,1050.233154296875
3134,375382,124.05754139529188,6.009220092773438,1001.5366821289062
3135,375502,137.36260861932118,6.61024658203125,1101.707763671875
3136,375622,129.94894184517256,6.269637451171875,1044.9395751953125
3137,375742,121.6225936593475,5.892810424804687,982.1350708007812
3138,375862,134.06499801015522,6.462772705078125,1077.1287841796875
3139,375982,129.50800979280396,6.256322021484375,1042.7203369140625
3140,376102,131.9742226725631,6.3655517578125,1060.92529296875
3141,376222,128.7160137686018,6.21741796875,1036.236328125
3142,376342,125.67498932214438,6.073780151367187,1012.2966918945312
3143,376462,125.14434008574892,6.048702758789062,1008.1171264648438
3144,376582,131.61541937950656,6.34639453125,1057.732421875
3145,376702,125.00521713481442,6.049016967773437,1008.1694946289062
3146,376822,130.21682608090538,6.28803515625,1048.005859375
3147,376942,118.13241959769155,5.733539794921875,955.5899658203125
3148,377062,134.61253238281802,6.484406982421875,1080.7344970703125
3149,377182,132.71869550399688,6.403339599609375,1067.2232666015625
3150,377302,125.78491564491978,6.085038208007813,1014.1730346679688
3151,377422,122.57182667179154,5.931358520507812,988.5597534179688
3152,377542,129.3643537773413,6.24502001953125,1040.836669921875
3153,377662,129.95822604676238,6.277107421875,1046.1845703125
3154,377782,128.39448061209328,6.199764404296875,1033.2940673828125
3155,377902,128.78208325243605,6.218594970703125,1036.4324951171875
3156,378022,126.72615989217388,6.1260498046875,1021.00830078125
3157,378142,120.53695274332716,5.8430152587890625,973.8358764648438
3158,378262,122.08152949585676,5.912500122070313,985.4166870117188
3159,378382,130.6256371995329,6.304358642578125,1050.7264404296875
3160,378502,130.2112314906386,6.284184814453125,1047.3641357421875
3161,378622,116.2221575162493,5.657327270507812,942.8878784179688
3162,378742,127.32862915513752,6.15064599609375,1025.107666015625
3163,378862,125.46057633999197,6.069440551757813,1011.5734252929688
3164,378982,130.07127479805206,6.280880859375,1046.8134765625
3165,379102,130.60794182628035,6.312345703125,1052.0576171875
3166,379222,129.79811701578038,6.27061083984375,1045.101806640625
3167,379342,122.39222669241742,5.926449096679687,987.7415161132812
3168,379462,123.22469492319203,5.965123168945312,994.1871948242188
3169,379582,129.10399564911853,6.2380458984375,1039.67431640625
3170,379702,125.53699314151534,6.069618896484375,1011.6031494140625
3171,379822,130.5374440801011,6.301251708984375,1050.2086181640625
3172,379942,133.44030877742276,6.43248193359375,1072.080322265625
3173,380062,124.84316991051304,6.038091430664062,1006.3485717773438
3174,380182,127.09899754424157,6.1415123291015625,1023.5853881835938
3175,380302,117.77409209736201,5.722237426757813,953.7062377929688
3176,380422,128.10373462731172,6.1855107421875,1030.91845703125
3177,380542,123.99586493677663,6.002625366210937,1000.4375610351562
3178,380662,125.41330142546252,6.070339599609375,1011.7232666015625
3179,380782,126.34113355447627,6.109085815429688,1018.1809692382812
3180,380902,118.57948127880071,5.757778930664062,959.6298217773438
3181,381022,128.24219335721523,6.194701904296875,1032.4503173828125
3182,381142,131.20972838913931,6.33471240234375,1055.785400390625
3183,381262,134.03447752884367,6.456954345703125,1076.1590576171875
3184,381382,126.57273239255768,6.119987548828125,1019.9979248046875
3185,381502,125.46769778278171,6.0709189453125,1011.81982421875
3186,381622,137.97018004225487,6.639695068359375,1106.6158447265625
3187,381742,130.77422107013024,6.31796630859375,1052.994384765625
3188,381862,124.54590954159286,6.025145874023438,1004.1909790039062
3189,381982,118.06151713333446,5.732988647460937,955.4981079101562
3190,382102,129.09389731709663,6.2394375,1039.90625
3191,382222,122.9329813477394,5.9564091796875,992.73486328125
3192,382342,115.71090490140055,5.623859252929687,937.3098754882812
3193,382462,119.31161634690531,5.788418334960937,964.7363891601562
3194,382582,123.95883184849812,5.99573291015625,999.288818359375
3195,382702,134.67030991575976,6.4886513671875,1081.44189453125
3196,382822,126.96230584899342,6.13897265625,1023.162109375
3197,382942,120.8062258867732,5.86342529296875,977.237548828125
3198,383062,119.8151637341542,5.81371142578125,968.951904296875
3199,383182,121.55268862264279,5.890098999023437,981.6831665039062
3200,383302,122.45074955441879,5.926481323242188,987.7468872070312
3201,383422,126.88313820383834,6.1379150390625,1022.98583984375
3202,383542,124.34164487236737,6.014769653320313,1002.4616088867188
3203,383662,123.66630878148362,5.991765747070312,998.6276245117188
3204,383782,118.48904045518206,5.747463500976562,957.9105834960938
3205,383902,126.53356739030691,6.115624145507812,1019.2706909179688
3206,384022,124.61130821604804,6.035285522460938,1005.8809204101562
3207,384142,129.4241867144813,6.2499140625,1041.65234375
3208,384262,123.42666148442623,5.977966186523438,996.3276977539062
3209,384382,135.4031908825998,6.523499267578125,1087.2498779296875
3210,384502,121.29699831880913,5.883531005859375,980.5885009765625
3211,384622,132.98070672230799,6.4142548828125,1069.04248046875
3212,384742,129.0311002985017,6.234199951171875,1039.0333251953125
3213,384862,128.93156868307682,6.22811572265625,1038.019287109375
3214,384982,134.6014727262192,6.487760009765625,1081.2933349609375
3215,385102,125.73764624727218,6.08235498046875,1013.725830078125
3216,385222,122.92684085041847,5.9566611328125,992.77685546875
3217,385342,130.52420668519042,6.300226318359375,1050.0377197265625
3218,385462,132.0959603757417,6.371879150390625,1061.9798583984375
3219,385582,127.09092651686711,6.144123779296875,1024.0206298828125
3220,385702,131.8749900547297,6.361572509765625,1060.2620849609375
3221,385822,131.613600117718,6.35015478515625,1058.359130859375
3222,385942,128.65937660856443,6.216620361328125,1036.1033935546875
3223,386062,125.22699963860272,6.065041625976563,1010.8402709960938
3224,386182,139.8390417424504,6.726245361328125,1121.0408935546875
3225,386302,126.75509240331874,6.12830126953125,1021.383544921875
3226,386422,125.75946924463994,6.084284545898438,1014.0474243164062
3227,386542,132.89889792379256,6.40379443359375,1067.299072265625
3228,386662,129.1186442391264,6.23647998046875,1039.413330078125
3229,386782,128.90103978679934,6.229237060546875,1038.2061767578125
3230,386902,130.25676850255874,6.2895263671875,1048.25439453125
3231,387022,118.0625876875526,5.729775146484375,954.9625244140625
3232,387142,124.20599610081291,6.011024047851563,1001.8373413085938
3233,387262,128.72065048329392,6.217245849609375,1036.2076416015625
3234,387382,134.2599227457514,6.47115087890625,1078.525146484375
3235,387502,134.2043930033092,6.470905517578125,1078.4842529296875
3236,387622,130.2578061554432,6.2871767578125,1047.86279296875
3237,387742,122.95775092096103,5.9508310546875,991.80517578125
3238,387862,130.80205003345586,6.307957763671875,1051.3262939453125
3239,387982,124.19262836584188,6.013841674804688,1002.3069458007812
3240,388102,123.53461008935133,5.97793359375,996.322265625
3241,388222,133.41362461317678,6.431146728515625,1071.8577880859375
3242,388342,129.47951167791393,6.25627294921875,1042.712158203125
3243,388462,121.83814828587347,5.901885498046875,983.6475830078125
3244,388582,129.85033246770342,6.271168212890625,1045.1947021484375
3245,388702,128.00013478586894,6.18352587890625,1030.587646484375
3246,388822,123.27426132023736,5.9707489013671875,995.1248168945312
3247,388942,119.95697416832675,5.8258817138671875,970.9802856445312
3248,389062,138.66585170217152,6.67053369140625,1111.755615234375
3249,389182,129.64466115441968,6.26149951171875,1043.583251953125
3250,389302,127.17556101035234,6.1472080078125,1024.53466796875
3251,389422,132.13683665853696,6.37191650390625,1061.986083984375
3252,389542,137.4565681946506,6.617259521484375,1102.8765869140625
3253,389662,138.06657294191692,6.646513916015625,1107.7523193359375
3254,389782,126.87369272818171,6.12870849609375,1021.451416015625
3255,389902,130.90417806128556,6.31634912109375,1052.724853515625
3256,390022,128.10975071569288,6.186638671875,1031.1064453125
3257,390142,135.73567035058204,6.5422294921875,1090.37158203125
3258,390262,126.41510079020958,6.116698608398438,1019.4497680664062
3259,390382,129.0383099785334,6.233537841796875,1038.9229736328125
3260,390502,135.01112681999712,6.504355224609375,1084.0592041015625
3261,390622,130.39740341768803,6.294197021484375,1049.0328369140625
3262,390742,131.2527335709281,6.331856689453125,1055.3094482421875
3263,390862,123.29341004192038,5.9697216796875,994.95361328125
3264,390982,124.52105227450141,6.02321630859375,1003.869384765625
3265,391102,126.07801109766247,6.097093872070312,1016.1823120117188
3266,391222,133.82087054599148,6.45554736328125,1075.924560546875
3267,391342,128.8968122482156,6.22607666015625,1037.679443359375
3268,391462,128.26001953167156,6.199103759765625,1033.1839599609375
3269,391582,123.08362941392409,5.959256469726562,993.2094116210938
3270,391702,125.92431887754016,6.085260131835938,1014.2100219726562
3271,391822,127.8379990720132,6.1787197265625,1029.78662109375
3272,391942,126.83014325784812,6.124835083007812,1020.8058471679688
3273,392062,128.2397772136443,6.195229248046875,1032.5382080078125
3274,392182,113.69348796429172,5.52675439453125,921.125732421875
3275,392302,126.18381831959222,6.099345336914062,1016.5575561523438
3276,392422,127.87209968552375,6.17349462890625,1028.915771484375
3277,392542,127.41950715956136,6.156095947265625,1026.0159912109375
3278,392662,136.9559166478548,6.59653857421875,1099.423095703125
3279,392782,133.33745700167967,6.428478515625,1071.4130859375
3280,392902,135.1076616040245,6.50983154296875,1084.971923828125
3281,393022,127.49796831511077,6.1603828125,1026.73046875
3282,393142,132.7181392197967,6.397147705078125,1066.1912841796875
3283,393262,124.17188130176379,6.01251416015625,1002.085693359375
3284,393382,126.40626969143139,6.104550659179687,1017.4251098632812
3285,393502,124.76768975059068,6.035983154296875,1005.9971923828125
3286,393622,120.94954583716648,5.8583994140625,976.39990234375
3287,393742,130.49730241558257,6.29304638671875,1048.841064453125
3288,393862,116.44305995816006,5.654471923828125,942.4119873046875
3289,393982,126.7299026920392,6.12133447265625,1020.222412109375
3290,394102,135.094042621464,6.505150634765625,1084.1917724609375
3291,394222,127.74391193558355,6.169840576171875,1028.3067626953125
3292,394342,128.2393538776783,6.19517578125,1032.529296875
3293,394462,129.2100558184983,6.23292041015625,1038.820068359375
3294,394582,123.66048693951049,5.98831787109375,998.052978515625
3295,394702,133.729759774045,6.4439853515625,1073.99755859375
3296,394822,124.8086318656236,6.0378515625,1006.30859375
3297,394942,127.93348842329735,6.180785888671875,1030.1309814453125
3298,395062,121.80451102948624,5.90140576171875,983.567626953125
3299,395182,127.61418608951917,6.162302490234375,1027.0504150390625
3300,395302,124.90380208958089,6.044256591796875,1007.3760986328125
3301,395422,135.3832002840527,6.520849365234375,1086.8082275390625
3302,395542,124.51341617137322,6.0263935546875,1004.39892578125
3303,395662,133.1313750630918,6.418887451171875,1069.8145751953125
3304,395782,128.04806616927686,6.185070556640625,1030.8450927734375
3305,395902,122.9441048624966,5.954304565429688,992.3840942382812
3306,396022,130.7883555222705,6.310786376953125,1051.7977294921875
3307,396142,136.63319475239217,6.57287548828125,1095.479248046875
3308,396262,129.19452816424564,6.239507080078125,1039.9178466796875
3309,396382,126.50547202795386,6.1146796875,1019.11328125
3310,396502,136.42647932282853,6.56600390625,1094.333984375
3311,396622,125.91082386316141,6.0878759765625,1014.64599609375
3312,396742,117.50936539935998,5.70603662109375,951.006103515625
3313,396862,123.3484012712218,5.9678935546875,994.64892578125
3314,396982,130.13344555863821,6.281718017578125,1046.9530029296875
3315,397102,128.83106202003776,6.2246572265625,1037.44287109375
3316,397222,125.9452206026116,6.090501708984375,1015.0836181640625
3317,397342,129.12777391050463,6.23212646484375,1038.687744140625
3318,397462,127.30844326419896,6.154025390625,1025.6708984375
3319,397582,128.57604152350783,6.206296142578125,1034.3826904296875
3320,397702,121.87959689318079,5.903183715820313,983.8639526367188
3321,397822,126.79594581588424,6.130831420898438,1021.8052368164062
3322,397942,126.85642064066117,6.134089233398438,1022.3482055664062
3323,398062,125.21849700263417,6.050618408203125,1008.4364013671875
3324,398182,139.27720299532663,6.70070947265625,1116.784912109375
3325,398302,133.52652115087758,6.435175048828125,1072.5291748046875
3326,398422,129.21813860875054,6.237829833984375,1039.6383056640625
3327,398542,130.36330752016323,6.288533935546875,1048.0889892578125
3328,398662,126.0843915866476,6.09123193359375,1015.205322265625
3329,398782,126.01524923682634,6.093637939453125,1015.6063232421875
3330,398902,130.07224231708042,6.275376708984375,1045.8961181640625
3331,399022,129.71252472088423,6.264424072265625,1044.0706787109375
3332,399142,130.60304616738966,6.303845947265625,1050.6409912109375
3333,399262,124.12219231861326,6.00765673828125,1001.276123046875
3334,399382,128.72057723492682,6.215779541015625,1035.9632568359375
3335,399502,129.2833894993671,6.241393798828125,1040.2322998046875
3336,399622,134.92210528874753,6.4967021484375,1082.78369140625
3337,399742,123.95736926569121,6.001367431640625,1000.2279052734375
3338,399862,126.7891538179875,6.12840380859375,1021.400634765625
3339,399982,132.50829333317728,6.389672607421875,1064.9454345703125
3340,400102,126.55051334053833,6.1159189453125,1019.31982421875
3341,400222,125.87490604964913,6.081994995117188,1013.6658325195312
3342,400342,127.82624191119788,6.17368212890625,1028.947021484375
3343,400462,124.4643928418804,6.01757080078125,1002.928466796875
3344,400582,127.22335817286204,6.147856201171875,1024.6427001953125
3345,400702,124.28394001803701,6.016857421875,1002.8095703125
3346,400822,135.1210469534741,6.509942138671875,1084.9903564453125
3347,400942,126.01620717901564,6.092618408203125,1015.4364013671875
3348,401062,128.37984316747406,6.198456298828125,1033.0760498046875
3349,401182,131.65641824560853,6.350974365234375,1058.4957275390625
3350,401302,133.86484107981343,6.454516845703125,1075.7528076171875
3351,401422,130.8834232015581,6.3156357421875,1052.60595703125
3352,401542,126.74121816455644,6.126009887695313,1021.0016479492188
3353,401662,121.80140785913511,5.897228759765625,982.8714599609375
3354,401782,128.8636880058066,6.21857080078125,1036.428466796875
3355,401902,127.94376338799114,6.181853759765625,1030.3089599609375
3356,402022,128.44974169462222,6.201658447265625,1033.6097412109375
3357,402142,129.03470573769664,6.234385986328125,1039.0643310546875
3358,402262,121.80944473137014,5.898989501953125,983.1649169921875
3359,402382,122.52321512786281,5.932791137695313,988.7985229492188
3360,402502,134.69092489864505,6.48403564453125,1080.672607421875
3361,402622,124.67153689930493,6.032032470703125,1005.3387451171875
3362,402742,134.30062189470763,6.47251611328125,1078.752685546875
3363,402862,127.93320914647764,6.186150146484375,1031.0250244140625
3364,402982,132.9729316829191,6.41243408203125,1068.739013671875
3365,403102,128.93122536766896,6.22231494140625,1037.052490234375
3366,403222,127.17453777198226,6.151417236328125,1025.2362060546875
3367,403342,128.7463505436834,6.213978515625,1035.6630859375
3368,403462,128.01221269329625,6.187033447265625,1031.1722412109375
3369,403582,129.77255001083878,6.26566259765625,1044.277099609375
3370,403702,127.1052462132926,6.137546997070313,1022.9244995117188
3371,403822,121.87280849157177,5.903323608398438,983.8872680664062
3372,403942,121.79789200858032,5.901629516601562,983.6049194335938
3373,404062,123.11750983035009,5.957358032226563,992.8930053710938
3374,404182,126.18805459990388,6.104868896484375,1017.4781494140625
3375,404302,125.71309223644776,6.07759423828125,1012.932373046875
3376,404422,128.1092402305621,6.187024658203125,1031.1707763671875
3377,404542,127.13302230627767,6.1423154296875,1023.71923828125
3378,404662,124.20523112500481,6.010980834960938,1001.8301391601562
3379,404782,131.12138450579235,6.3228984375,1053.81640625
3380,404902,125.06273217983943,6.05165625,1008.609375
3381,405022,125.33562659563695,6.0612901611328125,1010.2150268554688
3382,405142,132.5597643082583,6.393926513671875,1065.6544189453125
3383,405262,124.68776066852769,6.028691162109375,1004.7818603515625
3384,405382,137.3159250770883,6.6097646484375,1101.62744140625
3385,405502,117.81950180085455,5.7174532470703125,952.9088745117188
3386,405622,129.76799407924887,6.2634521484375,1043.90869140625
3387,405742,131.5931756026718,6.34660107421875,1057.766845703125
3388,405862,125.34696697022423,6.059947998046875,1009.9913330078125
3389,405982,125.66742800697668,6.078136596679688,1013.0227661132812
3390,406102,122.23603310416432,5.919051635742187,986.5086059570312
3391,406222,130.87046410470577,6.313259765625,1052.2099609375
3392,406342,123.01020662282617,5.955353759765625,992.5589599609375
3393,406462,126.27185336199688,6.100462646484375,1016.7437744140625
3394,406582,128.18805725238013,6.189930908203125,1031.6551513671875
3395,406702,129.04484832434883,6.23098828125,1038.498046875
3396,406822,129.84844016076875,6.261265869140625,1043.5443115234375
3397,406942,128.63028209685507,6.21033544921875,1035.055908203125
3398,407062,129.99145653791226,6.266874755859375,1044.4791259765625
3399,407182,135.66253923363354,6.534936767578125,1089.1561279296875
3400,407302,122.43174887872098,5.93162841796875,988.604736328125
3401,407422,127.34590794387655,6.15549462890625,1025.915771484375
3402,407542,124.24136576194259,6.0094716796875,1001.57861328125
3403,407662,132.85816791135676,6.402336181640625,1067.0560302734375
3404,407782,128.02453210306356,6.17957373046875,1029.928955078125
3405,407902,134.88346527225954,6.494578125,1082.4296875
3406,408022,127.55514348432149,6.15812841796875,1026.354736328125
3407,408142,125.9658894607252,6.08505029296875,1014.175048828125
3408,408262,125.68444139086984,6.07463525390625,1012.439208984375
3409,408382,123.23883916276361,5.962614624023438,993.7691040039062
3410,408502,122.76180806886154,5.9436796875,990.61328125
3411,408622,131.97487609562174,6.362023681640625,1060.3372802734375
3412,408742,129.12508772439975,6.23216748046875,1038.694580078125
3413,408862,141.60109798018834,6.801462890625,1133.5771484375
3414,408982,132.10494356491915,6.367811279296875,1061.3018798828125
3415,409102,129.87944416341978,6.268884521484375,1044.8140869140625
3416,409222,121.1731568660147,5.86833984375,978.056640625
3417,409342,132.50661870498323,6.385015869140625,1064.1693115234375
3418,409462,130.6468694118626,6.30148095703125,1050.246826171875
3419,409582,128.66185286863814,6.2161171875,1036.01953125
3420,409702,127.29206242427384,6.145845703125,1024.3076171875
3421,409822,128.57055587848717,6.206392822265625,1034.3988037109375
3422,409942,131.07801288335932,6.3213837890625,1053.56396484375
3423,410062,128.6367210262772,6.210756591796875,1035.1260986328125
3424,410182,120.91364392024403,5.854684204101562,975.7807006835938
3425,410302,124.82650631287962,6.039488525390625,1006.5814208984375
3426,410422,134.12504813012941,6.461958251953125,1076.9930419921875
3427,410542,128.36750651517525,6.195563232421875,1032.5938720703125
3428,410662,120.72671325280504,5.843245971679687,973.8743286132812
3429,410782,129.84811149779628,6.2653212890625,1044.22021484375
3430,410902,128.85398544412294,6.218548095703125,1036.4246826171875
3431,411022,130.12651731777893,6.280781982421875,1046.7969970703125
3432,411142,132.06535542945994,6.368410400390625,1061.4017333984375
3433,411262,129.17499699303008,6.229755615234375,1038.2926025390625
3434,411382,131.40121797485006,6.33675439453125,1056.125732421875
3435,411502,127.27664869120096,6.14749951171875,1024.583251953125
3436,411622,134.10830446441778,6.462205810546875,1077.0343017578125
3437,411742,123.95332681256022,5.99568603515625,999.281005859375
3438,411862,125.25668114028511,6.056217041015625,1009.3695068359375
3439,411982,124.74869964566966,6.033894287109375,1005.6490478515625
3440,412102,124.51030859692708,6.018875244140625,1003.1458740234375
3441,412222,131.63174502663708,6.34583203125,1057.638671875
3442,412342,135.43235947508862,6.5191552734375,1086.52587890625
3443,412462,131.8233187484214,6.359748779296875,1059.9581298828125
3444,412582,130.71271973198938,6.306279052734375,1051.0465087890625
3445,412702,128.7762342567433,6.21485302734375,1035.808837890625
3446,412822,127.09310420170421,6.143373046875,1023.8955078125
3447,412942,125.2066288626928,6.0504375,1008.40625
3448,413062,131.96026730429833,6.361269287109375,1060.2115478515625
3449,413182,135.14889595620565,6.51015673828125,1085.026123046875
3450,413302,129.5943255790559,6.255661376953125,1042.6102294921875
3451,413422,130.40563129483297,6.29595849609375,1049.326416015625
3452,413542,121.84746804670313,5.89754736328125,982.924560546875
3453,413662,129.6170285360916,6.25422216796875,1042.370361328125
3454,413782,133.36297774427624,6.42851513671875,1071.419189453125
3455,413902,131.87522011615147,6.357588134765625,1059.5980224609375
3456,414022,131.5163910621996,6.3439775390625,1057.32958984375
3457,414142,129.21705781282265,6.240098876953125,1040.0164794921875
3458,414262,129.04969600758463,6.229431884765625,1038.2386474609375
3459,414382,129.76012100492142,6.260558349609375,1043.4263916015625
3460,414502,130.68319994920077,6.305798583984375,1050.9664306640625
3461,414622,124.17132136039453,6.008069458007813,1001.3449096679688
3462,414742,129.77016029438224,6.2601328125,1043.35546875
3463,414862,127.15169914206173,6.1396728515625,1023.27880859375
3464,414982,127.66818618944768,6.16350732421875,1027.251220703125
3465,415102,128.89085791888206,6.222469482421875,1037.0782470703125
3466,415222,121.42635389911133,5.882982055664063,980.4970092773438
3467,415342,133.4513950259574,6.428401611328125,1071.4002685546875
3468,415462,120.94341254689878,5.857348754882812,976.2247924804688
3469,415582,122.40945222780852,5.929458984375,988.2431640625
3470,415702,123.5930432495834,5.976711547851562,996.1185913085938
3471,415822,126.5245261641958,6.1117529296875,1018.62548828125
3472,415942,132.61586402301003,6.391294189453125,1065.2156982421875
3473,416062,123.95368099045035,5.994996459960937,999.1660766601562
3474,416182,125.38163600779589,6.060511596679688,1010.0852661132812
3475,416302,125.00085218534949,6.043527465820312,1007.2545776367188
3476,416422,128.52640752359991,6.202626708984375,1033.7711181640625
3477,416542,132.1031282587327,6.3670576171875,1061.17626953125
3478,416662,128.85088228968903,6.21943212890625,1036.572021484375
3479,416782,130.17275906553638,6.279582275390625,1046.5970458984375
3480,416902,124.97789683403285,6.041694580078125,1006.9490966796875
3481,417022,123.19864898324661,5.9578388671875,992.97314453125
3482,417142,126.72810890987577,6.119876953125,1019.9794921875
3483,417262,131.31708337182778,6.334423828125,1055.7373046875
3484,417382,124.18719782847711,6.0070166015625,1001.16943359375
3485,417502,122.4780262789575,5.93162255859375,988.603759765625
3486,417622,137.10925193085572,6.60129345703125,1100.215576171875
3487,417742,135.3938157194864,6.517632568359375,1086.2720947265625
3488,417862,127.20586390142903,6.14308154296875,1023.846923828125
3489,417982,128.1392241561875,6.18720703125,1031.201171875
3490,418102,132.06761618427834,6.36791748046875,1061.319580078125
3491,418222,126.22623523142099,6.098228393554687,1016.3713989257812
3492,418342,125.23197598522911,6.056118896484375,1009.3531494140625
3493,418462,123.89698760941535,5.997224853515625,999.5374755859375
3494,418582,127.62669342829146,6.16238232421875,1027.063720703125
3495,418702,131.90658634812706,6.363305419921875,1060.5509033203125
3496,418822,114.89274650234042,5.583984741210937,930.6641235351562
3497,418942,127.44270074739964,6.15634423828125,1026.057373046875
3498,419062,126.95490192887671,6.1315576171875,1021.92626953125
3499,419182,134.2183746287749,6.468151611328125,1078.0252685546875
3500,419302,133.78480233217059,6.442301513671875,1073.7169189453125
3501,419422,131.03067683513194,6.318342041015625,1053.0570068359375
3502,419542,126.25843978439062,6.1050615234375,1017.51025390625
3503,419662,128.566602100504,6.207229248046875,1034.5382080078125
3504,419782,127.81943556991294,6.173958984375,1028.9931640625
3505,419902,134.58752722430887,6.480099609375,1080.0166015625
3506,420022,130.12616445215772,6.286472900390625,1047.7454833984375
3507,420142,128.36640859968657,6.19623046875,1032.705078125
3508,420262,124.10347193093537,6.004454956054688,1000.7424926757812
3509,420382,125.34315202461241,6.062761962890625,1010.4603271484375
3510,420502,126.98245819310348,6.13327587890625,1022.212646484375
3511,420622,131.1823728268499,6.324828369140625,1054.1380615234375
3512,420742,121.50429910185768,5.880214233398437,980.0357055664062
3513,420862,136.42575870806118,6.57059326171875,1095.098876953125
3514,420982,127.4865156270034,6.156755126953125,1026.1258544921875
3515,421102,134.73905334056224,6.48755712890625,1081.259521484375
3516,421222,127.41271872190251,6.153392578125,1025.5654296875
3517,421342,137.66033867014409,6.62272412109375,1103.787353515625
3518,421462,123.87487798575636,5.993095825195312,998.8493041992188
3519,421582,130.7905482858511,6.307317626953125,1051.2196044921875
3520,421702,131.2156453752578,6.330031494140625,1055.0052490234375
3521,421822,132.20579823974998,6.372476806640625,1062.0794677734375
3522,421942,130.9939973954794,6.316437744140625,1052.7396240234375
3523,422062,135.87912232701382,6.542332763671875,1090.3887939453125
3524,422182,127.607910020567,6.16305615234375,1027.176025390625
3525,422302,131.00231114651623,6.314997802734375,1052.4996337890625
3526,422422,129.81210773606543,6.264006591796875,1044.0010986328125
3527,422542,130.56675875215916,6.298371826171875,1049.7286376953125
3528,422662,127.03804805990909,6.141009521484375,1023.5015869140625
3529,422782,123.5151753773947,5.9764163818359375,996.0693969726562
3530,422902,132.16484811029076,6.37007666015625,1061.679443359375
3531,423022,128.1559044939232,6.1897939453125,1031.63232421875
3532,423142,130.00604112958507,6.277599609375,1046.2666015625
3533,423262,125.37977168537775,6.059440063476562,1009.9066772460938
3534,423382,130.12519937537525,6.28316455078125,1047.194091796875
3535,423502,129.36565571161685,6.2400615234375,1040.01025390625
3536,423622,132.40386795845853,6.38110400390625,1063.517333984375
3537,423742,128.96747600665955,6.2235556640625,1037.25927734375
3538,423862,131.8411623813953,6.356091064453125,1059.3485107421875
3539,423982,123.76184126308128,5.991537231445313,998.5895385742188
3540,424102,127.98727933503586,6.18150732421875,1030.251220703125
3541,424222,122.28071803640509,5.918915771484375,986.4859619140625
3542,424342,124.44412138565964,6.021579345703125,1003.5965576171875
3543,424462,128.2971976218346,6.196771728515625,1032.7952880859375
3544,424582,130.00766124581338,6.273271728515625,1045.5452880859375
3545,424702,131.9176819639876,6.361972412109375,1060.3287353515625
3546,424822,125.03005570659127,6.048461059570313,1008.0768432617188
3547,424942,127.1822851066636,6.1431064453125,1023.85107421875
3548,425062,135.01727164277222,6.50448779296875,1084.081298828125
3549,425182,124.30279845539263,6.014417358398438,1002.4028930664062
3550,425302,128.70457765965725,6.20874755859375,1034.791259765625
3551,425422,126.16152518590313,6.099888793945312,1016.6481323242188
3552,425542,122.68388402131735,5.9363031005859375,989.3838500976562
3553,425662,130.18640110786046,6.280887451171875,1046.8145751953125
3554,425782,130.08798664839892,6.276330322265625,1046.0550537109375
3555,425902,128.9937958317953,6.227924560546875,1037.9874267578125
3556,426022,134.16115033099618,6.46094091796875,1076.823486328125
3557,426142,123.7786516623324,5.991773803710937,998.6289672851562
3558,426262,131.71090001246355,6.35237109375,1058.728515625
3559,426382,125.10799055723804,6.048767578125,1008.1279296875
3560,426502,125.04598974478992,6.044512573242187,1007.4187622070312
3561,426622,134.24151488099628,6.46745068359375,1077.908447265625
3562,426742,129.90138005473415,6.270955810546875,1045.1593017578125
3563,426862,128.32402437579086,6.200712890625,1033.4521484375
3564,426982,127.65423414464776,6.166435546875,1027.7392578125
3565,427102,124.78218807877765,6.042753662109375,1007.1256103515625
3566,427222,127.72797489345626,6.168781494140625,1028.1302490234375
3567,427342,128.78606388165198,6.219683349609375,1036.6138916015625
3568,427462,123.96062473052461,5.999485473632813,999.9142456054688
3569,427582,125.46630647248796,6.063008056640625,1010.5013427734375
3570,427702,124.09163845476951,6.002828979492188,1000.4714965820312
3571,427822,125.44977214315156,6.066123046875,1011.0205078125
3572,427942,126.3917158024912,6.110121459960937,1018.3535766601562
3573,428062,124.43384064096823,6.018609375,1003.1015625
3574,428182,136.75008794955457,6.582029296875,1097.0048828125
3575,428302,115.49432834567286,5.610706420898437,935.1177368164062
3576,428422,124.47043479623109,6.017912841796875,1002.9854736328125
3577,428542,128.53592852383747,6.204949951171875,1034.1583251953125
3578,428662,123.78418983205579,5.987039428710937,997.8399047851562
3579,428782,130.9862039930106,6.31975341796875,1053.292236328125
3580,428902,122.34327703188256,5.923744262695313,987.2907104492188
3581,429022,127.68264162985307,6.167689453125,1027.9482421875
3582,429142,134.70092133723608,6.486692138671875,1081.1153564453125
3583,429262,127.36671344212877,6.1532138671875,1025.53564453125
3584,429382,128.32485156161536,6.194873291015625,1032.4788818359375
3585,429502,121.98082001240566,5.904344604492188,984.0574340820312
3586,429622,134.0209469650991,6.45865576171875,1076.442626953125
3587,429742,133.33753265870473,6.424051025390625,1070.6751708984375
3588,429862,126.5035109506306,6.112610961914062,1018.7684936523438
3589,429982,128.78848140102525,6.220048095703125,1036.6746826171875
3590,430102,126.73877290961883,6.119171997070312,1019.8619995117188
3591,430222,123.92824261747992,5.997622192382813,999.6036987304688
3592,430342,129.44233959407364,6.2487275390625,1041.45458984375
3593,430462,133.30637096098832,6.428464599609375,1071.4107666015625
3594,430582,135.0814464736376,6.503514404296875,1083.9190673828125
3595,430702,127.11433583865299,6.139940551757812,1023.3234252929688
3596,430822,127.44804759705453,6.157714599609375,1026.2857666015625
3597,430942,120.57554446486775,5.8436044921875,973.93408203125
3598,431062,132.236490664045,6.37093212890625,1061.822021484375
3599,431182,129.043655680601,6.2335576171875,1038.92626953125
3600,431302,128.35911908322518,6.20021923828125,1033.369873046875
3601,431422,134.63501547252181,6.483107666015625,1080.5179443359375
3602,431542,132.1626417721253,6.375076904296875,1062.5128173828125
3603,431662,122.69331562972806,5.936464599609375,989.4107666015625
3604,431782,122.56372814673045,5.931670532226563,988.6117553710938
3605,431902,127.73535402915363,6.16921728515625,1028.202880859375
3606,432022,129.75275257094023,6.258509765625,1043.0849609375
3607,432142,129.89782247200617,6.2707470703125,1045.12451171875
3608,432262,125.43148306204897,6.064126831054687,1010.6878051757812
3609,432382,131.96586884807078,6.363541259765625,1060.5902099609375
3610,432502,126.02149917472553,6.092012329101562,1015.3353881835938
3611,432622,127.82724737776437,6.17784375,1029.640625
3612,432742,128.68528159663938,6.213659912109375,1035.6099853515625
3613,432862,118.27173540256916,5.741086669921875,956.8477783203125
3614,432982,118.99593214611753,5.770897705078125,961.8162841796875
3615,433102,128.2554944427544,6.198321533203125,1033.0535888671875
3616,433222,129.96043073276255,6.271595947265625,1045.2659912109375
3617,433342,125.00216719041659,6.048680419921875,1008.1134033203125
3618,433462,122.6016413710829,5.9315555419921875,988.5925903320312
3619,433582,130.90851005809793,6.316333740234375,1052.7222900390625
3620,433702,130.06156236707093,6.27383349609375,1045.638916015625
3621,433822,127.35061313907012,6.1528857421875,1025.48095703125
3622,433942,122.9104473830018,5.950854125976562,991.8090209960938
3623,434062,130.44370252812953,6.2947265625,1049.12109375
3624,434182,125.323598069258,6.05893212890625,1009.822021484375
3625,434302,129.07683833978194,6.23283837890625,1038.806396484375
3626,434422,129.7794258868323,6.261277587890625,1043.5462646484375
3627,434542,118.36472185892117,5.744946533203125,957.4910888671875
3628,434662,119.40064238908926,5.786934814453125,964.4891357421875
3629,434782,135.2448390623009,6.514865478515625,1085.8109130859375
3630,434902,129.4992573661091,6.25127490234375,1041.879150390625
3631,435022,128.6806437201356,6.213744140625,1035.6240234375
3632,435142,123.47810771284499,5.9746640625,995.77734375
3633,435262,128.292812378855,6.195718505859375,1032.6197509765625
3634,435382,128.91476637695166,6.2203447265625,1036.72412109375
3635,435502,128.68604846941682,6.210816650390625,1035.1361083984375
3636,435622,126.04466365291887,6.089552856445312,1014.9254760742188
3637,435742,134.23260517322834,6.46812451171875,1078.020751953125
3638,435862,130.82520928143742,6.30812109375,1051.353515625
3639,435982,121.26076893213457,5.875010375976562,979.1683959960938
3640,436102,135.00183796789665,6.500817626953125,1083.4696044921875
3641,436222,124.85196274002662,6.03848583984375,1006.414306640625
3642,436342,127.95067507060008,6.1780400390625,1029.67333984375
3643,436462,128.13197705667073,6.1868935546875,1031.14892578125
3644,436582,122.2045122103817,5.917846435546875,986.3077392578125
3645,436702,134.22605967766006,6.4683984375,1078.06640625
3646,436822,120.27615814765343,5.830643920898438,971.7739868164062
3647,436942,129.48318048558377,6.252342041015625,1042.0570068359375
3648,437062,131.11411846192718,6.323521728515625,1053.9202880859375
3649,437182,130.74219108933318,6.307383544921875,1051.2305908203125
3650,437302,126.97268350755505,6.137965209960938,1022.9942016601562
3651,437422,131.75055131022296,6.356326904296875,1059.3878173828125
3652,437542,126.93065843515333,6.135080932617187,1022.5134887695312
3653,437662,126.42898880193837,6.105940063476562,1017.6566772460938
3654,437782,124.70370909968288,6.033826904296875,1005.6378173828125
3655,437902,130.65493873274437,6.300302490234375,1050.0504150390625
3656,438022,127.84787066844991,6.17583251953125,1029.305419921875
3657,438142,133.60513522850948,6.445776123046875,1074.2960205078125
3658,438262,136.22150661978745,6.558989501953125,1093.1649169921875
3659,438382,121.05183999059035,5.864725341796875,977.4542236328125
3660,438502,126.82763136270674,6.127256103515625,1021.2093505859375
3661,438622,124.26749410122476,6.01102294921875,1001.837158203125
3662,438742,123.30499610860676,5.965807250976562,994.3012084960938
3663,438862,134.2240572204949,6.46855224609375,1078.092041015625
3664,438982,127.6096135116029,6.163594482421875,1027.2657470703125
3665,439102,140.66501839323666,6.75821484375,1126.369140625
3666,439222,132.2495961957788,6.377239013671875,1062.8731689453125
3667,439342,119.98039832826603,5.819212646484375,969.8687744140625
3668,439462,133.53538959370442,6.43882470703125,1073.137451171875
3669,439582,127.3530935959471,6.153529541015625,1025.5882568359375
3670,439702,120.21650717771303,5.832309814453125,972.0516357421875
3671,439822,117.06367038941565,5.682651489257813,947.1085815429688
3672,439942,130.97151386983822,6.315431396484375,1052.5718994140625
3673,440062,128.5925359534928,6.208327880859375,1034.7213134765625
3674,440182,128.6448487015901,6.205888916015625,1034.3148193359375
3675,440302,128.18505743676374,6.1855546875,1030.92578125
3676,440422,133.36258882631796,6.4298994140625,1071.64990234375
3677,440542,124.98946090191288,6.045344604492188,1007.5574340820312
3678,440662,124.51927375634087,6.025651611328125,1004.2752685546875
3679,440782,127.6164361777418,6.16871044921875,1028.118408203125
3680,440902,124.94386506496296,6.0473642578125,1007.89404296875
3681,441022,120.15952276251204,5.823316772460937,970.5527954101562
3682,441142,132.7951211272871,6.403892578125,1067.3154296875
3683,441262,133.5392854033985,6.442093505859375,1073.6822509765625
3684,441382,128.0555420715025,6.1843974609375,1030.73291015625
3685,441502,127.74470061844809,6.17344189453125,1028.906982421875
3686,441622,123.91129668556252,5.996514038085937,999.4190063476562
3687,441742,123.85072831362253,5.993629760742188,998.9382934570312
3688,441862,128.0411293576767,6.183658447265625,1030.6097412109375
3689,441982,127.66924122042761,6.1681142578125,1028.01904296875
3690,442102,128.42447197021838,6.20565087890625,1034.275146484375
3691,442222,125.94639955332778,6.0889658203125,1014.82763671875
3692,442342,128.41997973052418,6.201119384765625,1033.5198974609375
3693,442462,128.42106084907005,6.202913818359375,1033.8189697265625
3694,442582,126.79828911169197,6.128186645507813,1021.3644409179688
3695,442702,122.23982534413972,5.926569213867188,987.7615356445312
3696,442822,132.91902564790172,6.408306884765625,1068.0511474609375
3697,442942,126.83759941297315,6.132661376953125,1022.1102294921875
3698,443062,131.64702290033478,6.34849365234375,1058.082275390625
3699,443182,134.41841143694435,6.475642822265625,1079.2738037109375
3700,443302,127.67476236802015,6.16978857421875,1028.298095703125
3701,443422,123.05020619716598,5.961880004882812,993.6466674804688
3702,443542,131.53830395415932,6.3519404296875,1058.65673828125
3703,443662,128.4960371959796,6.205664794921875,1034.2774658203125
3704,443782,123.38626488963305,5.9686494140625,994.77490234375
3705,443902,123.56552216871405,5.97908642578125,996.514404296875
3706,444022,125.69847860486777,6.077911376953125,1012.9852294921875
3707,444142,136.7447815900129,6.586370361328125,1097.7283935546875
3708,444262,126.6241949786591,6.119220336914062,1019.8700561523438
3709,444382,126.10220623316948,6.097450927734375,1016.2418212890625
3710,444502,127.99833240796553,6.17979345703125,1029.965576171875
3711,444622,132.50067190566875,6.394401123046875,1065.7335205078125
3712,444742,123.97633282278443,5.997448608398438,999.5747680664062
3713,444862,126.79488591671378,6.127338134765625,1021.2230224609375
3714,444982,125.94299977112541,6.089227294921875,1014.8712158203125
3715,445102,139.86886469240272,6.7272509765625,1121.20849609375
3716,445222,134.40240673539904,6.474744873046875,1079.1241455078125
3717,445342,124.8016991078575,6.036229614257812,1006.0382690429688
3718,445462,131.9444738650311,6.3616962890625,1060.28271484375
3719,445582,139.98565216115162,6.731523193359375,1121.9205322265625
3720,445702,132.09505400776106,6.36669140625,1061.115234375
3721,445822,133.3768525796823,6.43166162109375,1071.943603515625
3722,445942,128.50892536663673,6.209488037109375,1034.9146728515625
3723,446062,124.78910607090984,6.036587036132812,1006.0978393554688
3724,446182,125.74184060419915,6.083051513671875,1013.8419189453125
3725,446302,133.8754664772158,6.451395263671875,1075.2325439453125
3726,446422,120.27478760804912,5.831491333007812,971.9152221679688
3727,446542,128.94184575306124,6.228126708984375,1038.0211181640625
3728,446662,127.86625807889557,6.176969970703125,1029.4949951171875
3729,446782,122.95208561806467,5.9514228515625,991.90380859375
3730,446902,127.56294877755414,6.163865478515625,1027.3109130859375
3731,447022,126.98967907870505,6.138945556640625,1023.1575927734375
3732,447142,118.81329416621223,5.762903686523438,960.4839477539062
3733,447262,126.47700949957726,6.111611938476562,1018.6019897460938
3734,447382,126.5189498051305,6.115190551757813,1019.1984252929688
3735,447502,129.3351384813893,6.242173095703125,1040.3621826171875
3736,447622,125.62652102436239,6.07252880859375,1012.088134765625
3737,447742,129.64588503658476,6.258573486328125,1043.0955810546875
3738,447862,127.90323296999185,6.172613525390625,1028.7689208984375
3739,447982,128.8637279061453,6.220065673828125,1036.6776123046875
3740,448102,131.33059081670865,6.336320068359375,1056.0533447265625
3741,448222,120.62556836943666,5.847819213867187,974.6365356445312
3742,448342,127.67579045628392,6.169853759765625,1028.3089599609375
3743,448462,124.27797346952453,6.014958251953125,1002.4930419921875
3744,448582,130.12490908924642,6.283697021484375,1047.2828369140625
3745,448702,128.84365833975005,6.219166259765625,1036.5277099609375
3746,448822,121.59774110457973,5.896222045898438,982.7036743164062
3747,448942,123.37563377970443,5.972395385742187,995.3992309570312
3748,449062,128.4259363048604,6.2071376953125,1034.52294921875
3749,449182,122.87977326146418,5.949573120117187,991.5955200195312
3750,449302,128.8319178879502,6.216468017578125,1036.0780029296875
3751,449422,127.81490392342334,6.1741669921875,1029.02783203125
3752,449542,131.9906357382155,6.36597509765625,1060.995849609375
3753,449662,124.72025749175415,6.033345336914063,1005.5575561523438
3754,449782,129.81899452541984,6.2601943359375,1043.36572265625
3755,449902,122.10292368380927,5.91032666015625,985.054443359375
3756,450022,121.42734810947073,5.880896484375,980.1494140625
3757,450142,131.065347833472,6.32549267578125,1054.248779296875
3758,450262,127.37099474753406,6.162402099609375,1027.0670166015625
3759,450382,130.721950780699,6.303955078125,1050.6591796875
3760,450502,128.24159931088877,6.19752099609375,1032.920166015625
3761,450622,131.6066885873018,6.348768310546875,1058.1280517578125
3762,450742,124.47380708380545,6.025541381835938,1004.2568969726562
3763,450862,135.27399077897647,6.513463623046875,1085.5772705078125
3764,450982,124.41036888239361,6.022398193359375,1003.7330322265625
3765,451102,125.85200292700225,6.093505737304688,1015.5842895507812
3766,451222,131.86634097816852,6.36031640625,1060.052734375
3767,451342,118.9464459661813,5.7692501220703125,961.5416870117188
3768,451462,129.23487260273407,6.23920751953125,1039.867919921875
3769,451582,129.45074245461694,6.252609375,1042.1015625
3770,451702,130.1436541126828,6.28717529296875,1047.862548828125
3771,451822,121.93417457733398,5.905332275390625,984.2220458984375
3772,451942,131.39695145077218,6.3365537109375,1056.09228515625
3773,452062,129.81904921059572,6.266761962890625,1044.4603271484375
3774,452182,136.1262199437743,6.558172119140625,1093.0286865234375
3775,452302,129.09548378490402,6.232691162109375,1038.7818603515625
3776,452422,124.22367493970197,6.007775390625,1001.2958984375
3777,452542,126.33436922787158,6.1063154296875,1017.71923828125
3778,452662,131.89463467712164,6.364189453125,1060.6982421875
3779,452782,118.91966946125005,5.76813134765625,961.355224609375
3780,452902,129.7414298186252,6.26695751953125,1044.492919921875
3781,453022,128.6189892309314,6.212416259765625,1035.4027099609375
3782,453142,122.83157343265408,5.948965942382812,991.4943237304688
3783,453262,120.17052379759025,5.827947509765625,971.3245849609375
3784,453382,131.81635491656095,6.36001025390625,1060.001708984375
3785,453502,128.80904648998342,6.22241455078125,1037.069091796875
3786,453622,131.95998845847726,6.365854248046875,1060.9757080078125
3787,453742,121.50143594819572,5.888511474609375,981.4185791015625
3788,453862,130.83389610015666,6.31484912109375,1052.474853515625
3789,453982,130.1853518908849,6.285239501953125,1047.5399169921875
3790,454102,127.94116796349448,6.183234375,1030.5390625
3791,454222,130.84940318628597,6.318740478515625,1053.1234130859375
3792,454342,136.52655920197546,6.574693359375,1095.7822265625
3793,454462,132.35670065240598,6.38152294921875,1063.587158203125
3794,454582,118.49351306280656,5.7471990966796875,957.8665161132812
3795,454702,134.36792590234282,6.475587158203125,1079.2645263671875
3796,454822,118.81090000469325,5.7607445068359375,960.1240844726562
3797,454942,128.6640558618111,6.212074951171875,1035.3458251953125
3798,455062,125.80428990709899,6.080779174804688,1013.4631958007812
3799,455182,128.21645919502424,6.192194091796875,1032.0323486328125
3800,455302,130.51568902672236,6.2976826171875,1049.61376953125
3801,455422,132.32490119362004,6.381829833984375,1063.6383056640625
3802,455542,120.41498528004244,5.837590209960937,972.9317016601562
3803,455662,124.40181455851334,6.023427978515625,1003.9046630859375
3804,455782,124.81156389111997,6.04030078125,1006.716796875
3805,455902,131.78139041034785,6.357886962890625,1059.6478271484375
3806,456022,128.09381544318015,6.191130615234375,1031.8551025390625
3807,456142,129.94012416974581,6.274084716796875,1045.6807861328125
3808,456262,123.05670221824184,5.9563443603515625,992.7240600585938
3809,456382,127.07079436220971,6.1444482421875,1024.07470703125
3810,456502,127.41886431325526,6.159344970703125,1026.5574951171875
3811,456622,124.50564401718239,6.022713134765625,1003.7855224609375
3812,456742,132.19039289191883,6.375397705078125,1062.5662841796875
3813,456862,122.77805151829968,5.944310668945312,990.7184448242188
3814,456982,124.71865392548855,6.034647583007812,1005.7745971679688
3815,457102,129.22995643050757,6.238401123046875,1039.7335205078125
3816,457222,124.22717853415978,6.013541381835937,1002.2568969726562
3817,457342,123.4954496362736,5.982908935546875,997.1514892578125
3818,457462,128.12445556943237,6.1885576171875,1031.42626953125
3819,457582,140.95293329004113,6.77560546875,1129.267578125
3820,457702,126.15672602331172,6.09677783203125,1016.129638671875
3821,457822,134.20738735811437,6.468060791015625,1078.0101318359375
3822,457942,125.03571221044886,6.0514720458984375,1008.5786743164062
3823,458062,134.79179898145736,6.492637939453125,1082.1063232421875
3824,458182,121.21882323587721,5.874892456054687,979.1487426757812
3825,458302,132.1985871012252,6.378948486328125,1063.1580810546875
3826,458422,125.65719104308525,6.080517700195313,1013.4196166992188
3827,458542,128.7805660603627,6.216610107421875,1036.1016845703125
3828,458662,128.31390233572662,6.20058251953125,1033.430419921875
3829,458782,129.9330798023933,6.27713818359375,1046.189697265625
3830,458902,121.02669691281608,5.864158813476562,977.3598022460938
3831,459022,130.63974403223216,6.306802001953125,1051.1336669921875
3832,459142,123.0670637299213,5.958661376953125,993.1102294921875
3833,459262,128.08766017689706,6.189236572265625,1031.5394287109375
3834,459382,129.5599628835561,6.253789306640625,1042.2982177734375
3835,459502,128.3072710507507,6.199611328125,1033.2685546875
3836,459622,126.97170919964718,6.135423706054688,1022.5706176757812
3837,459742,125.95922778346905,6.0926044921875,1015.43408203125
3838,459862,137.34798289263887,6.61046044921875,1101.743408203125
3839,459982,128.86095335199917,6.219533203125,1036.5888671875
3840,460102,128.01285990728726,6.18274658203125,1030.457763671875
3841,460222,130.05164521994845,6.276556640625,1046.0927734375
3842,460342,128.73603440337692,6.21722607421875,1036.204345703125
3843,460462,119.57316270944474,5.800698120117188,966.7830200195312
3844,460582,128.54455204793123,6.20980224609375,1034.967041015625
3845,460702,129.73024514626672,6.262781982421875,1043.7969970703125
3846,460822,126.47915024267918,6.112902099609375,1018.8170166015625
3847,460942,131.08047818077927,6.329846923828125,1054.9744873046875
3848,461062,122.94983477811404,5.946737915039063,991.1229858398438
3849,461182,127.75665262932483,6.1752333984375,1029.20556640625
3850,461302,129.44231437579953,6.24551806640625,1040.919677734375
3851,461422,114.11681349570223,5.54940087890625,924.900146484375
3852,461542,131.1727379294237,6.3270322265625,1054.50537109375
3853,461662,131.0805229083683,6.32406884765625,1054.011474609375
3854,461782,140.31582070171012,6.749449951171875,1124.9083251953125
3855,461902,126.69846685028304,6.117271728515625,1019.5452880859375
3856,462022,128.33488403064564,6.197712158203125,1032.9520263671875
3857,462142,125.91849571037667,6.082350219726562,1013.7250366210938
3858,462262,129.01006959772417,6.22809375,1038.015625
3859,462382,125.7697918813669,6.081734985351562,1013.6224975585938
3860,462502,120.4399980996151,5.840062133789062,973.3436889648438
3861,462622,130.4789203711347,6.29942578125,1049.904296875
3862,462742,125.75204866267212,6.07880712890625,1013.134521484375
3863,462862,135.46398063222622,6.526535888671875,1087.7559814453125
3864,462982,133.2222508310682,6.42545068359375,1070.908447265625
3865,463102,131.76345217459777,6.3567861328125,1059.46435546875
3866,463222,135.5667703160235,6.528251220703125,1088.0418701171875
3867,463342,132.29613279999336,6.38219091796875,1063.698486328125
3868,463462,126.58899894959319,6.120600219726563,1020.1000366210938
3869,463582,126.5461595952658,6.116814331054687,1019.4690551757812
3870,463702,129.79677281216684,6.264920654296875,1044.1534423828125
3871,463822,137.3633331309043,6.610783447265625,1101.7972412109375
3872,463942,136.032205535522,6.547793701171875,1091.2989501953125
3873,464062,126.25899229291599,6.103839111328125,1017.3065185546875
3874,464182,126.72404981414078,6.124242553710937,1020.7070922851562
3875,464302,130.29801719626974,6.287390625,1047.8984375
3876,464422,132.76999657264543,6.403146240234375,1067.1910400390625
3877,464542,132.88165421508444,6.409609130859375,1068.2681884765625
3878,464662,127.60619436182725,6.164965576171875,1027.4942626953125
3879,464782,124.70316399851613,6.039576049804688,1006.5960083007812
3880,464902,133.31190689614186,6.428760498046875,1071.4600830078125
3881,465022,130.21308807174884,6.284735595703125,1047.4559326171875
3882,465142,140.05139683457543,6.73402587890625,1122.337646484375
3883,465262,129.96955423607332,6.273172119140625,1045.5286865234375
3884,465382,132.64077661105003,6.394072265625,1065.6787109375
3885,465502,127.74088778805981,6.16873388671875,1028.122314453125
3886,465622,129.15108067285652,6.237525146484375,1039.5875244140625
3887,465742,124.80106150225548,6.035536743164062,1005.9227905273438
3888,465862,136.47227095275176,6.5734921875,1095.58203125
3889,465982,129.45071299056542,6.25313671875,1042.189453125
3890,466102,128.46498958190077,6.2084150390625,1034.73583984375
3891,466222,133.49604166948825,6.438892822265625,1073.1488037109375
3892,466342,122.79859409280863,5.946268798828125,991.0447998046875
3893,466462,131.6101931782118,6.3458583984375,1057.64306640625
3894,466582,130.77509830841757,6.31075341796875,1051.792236328125
3895,466702,127.96870723256299,6.18753515625,1031.255859375
3896,466822,127.98249917651759,6.1797626953125,1029.96044921875
3897,466942,122.91013027700195,5.95260205078125,992.100341796875
3898,467062,132.0158092944162,6.365095458984375,1060.8492431640625
3899,467182,128.44383452793429,6.202601806640625,1033.7669677734375
3900,467302,127.31927237355028,6.144216064453125,1024.0360107421875
3901,467422,128.433912581676,6.20461669921875,1034.102783203125
3902,467542,132.50072559995002,6.39116455078125,1065.194091796875
3903,467662,124.03080779271073,6.004291259765625,1000.7152099609375
3904,467782,125.50933991111201,6.068334228515625,1011.3890380859375
3905,467902,125.65686640731212,6.078778564453125,1013.1297607421875
3906,468022,127.4118395097367,6.155949462890625,1025.9915771484375
3907,468142,125.68779105197352,6.076434448242187,1012.7390747070312
3908,468262,135.2873730804327,6.512307861328125,1085.3846435546875
3909,468382,122.7229014673441,5.942838134765625,990.4730224609375
3910,468502,129.37985239660514,6.245567138671875,1040.9278564453125
3911,468622,127.70331649215271,6.1742607421875,1029.04345703125
3912,468742,126.96435625725613,6.128039428710937,1021.3399047851562
3913,468862,132.64501799295442,6.397733642578125,1066.2889404296875
3914,468982,132.40694559169484,6.38451708984375,1064.086181640625
3915,469102,127.24358766757167,6.142938720703125,1023.8231201171875
3916,469222,124.79211223951926,6.030033325195313,1005.0055541992188
3917,469342,134.27522064421632,6.470593505859375,1078.4322509765625
3918,469462,133.63319033497015,6.4400537109375,1073.34228515625
3919,469582,138.70897341775606,6.66884326171875,1111.473876953125
3920,469702,131.18628131093016,6.329389892578125,1054.8983154296875
3921,469822,118.84381074517202,5.764261596679687,960.7102661132812
3922,469942,142.26737929629462,6.833798583984375,1138.9664306640625
3923,470062,123.18637197747097,5.962844970703125,993.8074951171875
3924,470182,127.39748745084106,6.15454541015625,1025.757568359375
3925,470302,129.99577541232907,6.27153955078125,1045.256591796875
3926,470422,126.07730030254052,6.09802001953125,1016.336669921875
3927,470542,124.829037357917,6.035928955078125,1005.9881591796875
3928,470662,127.84417568889641,6.17222900390625,1028.704833984375
3929,470782,132.04071345998062,6.367716796875,1061.2861328125
3930,470902,128.8158856591903,6.217266357421875,1036.2110595703125
3931,471022,120.14163366600252,5.823794677734375,970.6324462890625
3932,471142,127.04087185347986,6.1367080078125,1022.78466796875
3933,471262,129.32921222590892,6.246409423828125,1041.0682373046875
3934,471382,119.98173264711212,5.8117646484375,968.62744140625
3935,471502,122.48272264461573,5.9286654052734375,988.1109008789062
3936,471622,124.66108602719095,6.033526977539062,1005.5878295898438
3937,471742,126.92102290758783,6.131873657226563,1021.9789428710938
3938,471862,124.0993106172003,6.007229736328125,1001.2049560546875
3939,471982,134.23159969034975,6.471635009765625,1078.6058349609375
3940,472102,128.5017972414348,6.204191162109375,1034.0318603515625
3941,472222,121.01820776873852,5.861065063476563,976.8441772460938
3942,472342,123.08774044550978,5.956053955078125,992.6756591796875
3943,472462,127.92570542579818,6.174265869140625,1029.0443115234375
3944,472582,127.90337776578151,6.1775771484375,1029.59619140625
3945,472702,122.34852061533309,5.91942919921875,986.571533203125
3946,472822,134.30306481479,6.46793701171875,1077.989501953125
3947,472942,129.41646838133843,6.242124755859375,1040.3541259765625
3948,473062,120.58716897080579,5.841932373046875,973.6553955078125
3949,473182,136.0951252146794,6.559388671875,1093.2314453125
3950,473302,127.06755460489194,6.136920043945312,1022.8200073242188
3951,473422,126.58283078718345,6.115314697265625,1019.2191162109375
3952,473542,137.33578478170384,6.608543701171875,1101.4239501953125
3953,473662,129.04728076005793,6.231169921875,1038.5283203125
3954,473782,123.41809195514624,5.975552856445312,995.9254760742188
3955,473902,129.0289187896359,6.227294677734375,1037.8824462890625
3956,474022,123.13552002091748,5.9596376953125,993.27294921875
3957,474142,124.76368279472372,6.0333533935546875,1005.5588989257812
3958,474262,126.78495534466478,6.128344848632812,1021.3908081054688
3959,474382,130.91637583015722,6.316477294921875,1052.7462158203125
3960,474502,132.2954370877655,6.37906640625,1063.177734375
3961,474622,126.64962040585038,6.117240234375,1019.5400390625
3962,474742,126.56966206417653,6.116641845703125,1019.4403076171875
3963,474862,125.43144573941605,6.061505859375,1010.2509765625
3964,474982,134.1297279425325,6.463714599609375,1077.2857666015625
3965,475102,130.8278578042187,6.31256103515625,1052.093505859375
3966,475222,127.91030463674316,6.17681982421875,1029.469970703125
3967,475342,134.23062432601358,6.469453857421875,1078.2423095703125
3968,475462,129.59990080582693,6.253124267578125,1042.1873779296875
3969,475582,128.17209899220046,6.18889892578125,1031.483154296875
3970,475702,122.8230957115289,5.942001708984375,990.3336181640625
3971,475822,123.7922724347938,5.988711181640625,998.1185302734375
3972,475942,131.5567605393659,6.342076171875,1057.0126953125
3973,476062,129.28827230103576,6.240181640625,1040.0302734375
3974,476182,127.16292081682175,6.1393447265625,1023.22412109375
3975,476302,126.36292248215926,6.104900390625,1017.4833984375
3976,476422,126.9399627102292,6.13336669921875,1022.227783203125
3977,476542,132.9028770811738,6.4059052734375,1067.65087890625
3978,476662,117.50714174879141,5.696759765625,949.4599609375
3979,476782,127.2366570753781,6.14439111328125,1024.065185546875
3980,476902,129.89627654224228,6.266788330078125,1044.4647216796875
3981,477022,128.73415602921608,6.212859375,1035.4765625
3982,477142,128.11971524314168,6.184155029296875,1030.6925048828125
3983,477262,122.69664006818735,5.936763427734375,989.4605712890625
3984,477382,133.84719384214364,6.449975830078125,1074.9959716796875
3985,477502,119.23380363415939,5.782401489257812,963.7335815429688
3986,477622,126.00540925202884,6.096374633789062,1016.0624389648438
3987,477742,127.67403488263969,6.166010009765625,1027.6683349609375
3988,477862,128.82816491630084,6.222603515625,1037.1005859375
3989,477982,133.70820695118476,6.443972900390625,1073.9954833984375
3990,478102,136.6090545576391,6.57698583984375,1096.164306640625
3991,478222,122.5032247075719,5.928403564453125,988.0672607421875
3992,478342,133.81934901836934,6.443848388671875,1073.9747314453125
3993,478462,126.61976631844126,6.116317016601562,1019.3861694335938
3994,478582,130.66932794357442,6.307789306640625,1051.2982177734375
3995,478702,128.61974458298695,6.21590625,1035.984375
3996,478822,125.17829820456845,6.055238159179687,1009.2063598632812
3997,478942,127.38926611708901,6.149946533203125,1024.9910888671875
3998,479062,133.49787516260486,6.437021484375,1072.8369140625
3999,479182,130.24013623952166,6.2844169921875,1047.40283203125
4000,479302,131.69863254309493,6.3530009765625,1058.83349609375
4001,479422,125.27003852059048,6.05551904296875,1009.253173828125
4002,479542,121.94881434102203,5.907361450195313,984.5602416992188
4003,479662,122.91994816677885,5.952209106445313,992.0348510742188
4004,479782,132.28326004465845,6.3758349609375,1062.63916015625
4005,479902,128.74460405950686,6.21684814453125,1036.141357421875
4006,480022,124.64887406718302,6.028796630859375,1004.7994384765625
4007,480142,127.18726214391371,6.14549560546875,1024.249267578125
4008,480262,126.31928749896643,6.106314697265625,1017.7191162109375
4009,480382,124.54547790979183,6.0223758544921875,1003.7293090820312
4010,480502,124.07077830142059,6.005531982421875,1000.9219970703125
4011,480622,136.98458524674163,6.592165283203125,1098.6942138671875
4012,480742,129.01628625573446,6.229398193359375,1038.2330322265625
4013,480862,136.83334246497745,6.5874287109375,1097.90478515625
4014,480982,128.83395073297663,6.218772216796875,1036.4620361328125
4015,481102,132.4564311133225,6.382385009765625,1063.7308349609375
4016,481222,130.81854611474836,6.308912841796875,1051.4854736328125
4017,481342,132.50545334485082,6.388220947265625,1064.7034912109375
4018,481462,125.03056539591516,6.042768676757812,1007.1281127929688
4019,481582,131.82644478028593,6.358395263671875,1059.7325439453125
4020,481702,135.64599244557053,6.5342373046875,1089.03955078125
4021,481822,127.370512807122,6.157294921875,1026.2158203125
4022,481942,128.15606115982766,6.1869521484375,1031.15869140625
4023,482062,129.36867577455928,6.238075927734375,1039.6793212890625
4024,482182,130.71349888915904,6.306591796875,1051.0986328125
4025,482302,127.73958712103787,6.1708271484375,1028.47119140625
4026,482422,127.82290140809644,6.172770263671875,1028.7950439453125
4027,482542,125.57559821978992,6.071839965820312,1011.9733276367188
4028,482662,132.96308258917315,6.4076689453125,1067.94482421875
4029,482782,124.16183852922784,6.009087890625,1001.5146484375
4030,482902,125.52035899099259,6.065308959960937,1010.8848266601562
4031,483022,132.2177168735077,6.371372314453125,1061.8953857421875
4032,483142,133.98349597741063,6.457172607421875,1076.1954345703125
4033,483262,130.35499788388816,6.2894677734375,1048.24462890625
4034,483382,131.79834044707724,6.353965576171875,1058.9942626953125
4035,483502,122.19333521851178,5.920787109375,986.7978515625
4036,483622,127.15771302900372,6.142957397460938,1023.8262329101562
4037,483742,133.32025156266425,6.42712646484375,1071.187744140625
4038,483862,127.90315388679407,6.1732587890625,1028.87646484375
4039,483982,131.59891713668816,6.342343505859375,1057.0572509765625
4040,484102,130.04632521237684,6.2741455078125,1045.69091796875
4041,484222,126.95049525064313,6.13864453125,1023.107421875
4042,484342,129.8980173443888,6.267689208984375,1044.6148681640625
4043,484462,131.76543697876343,6.354183837890625,1059.0306396484375
4044,484582,124.54940689980182,6.0259306640625,1004.32177734375
4045,484702,129.62502450343734,6.254408203125,1042.4013671875
4046,484822,134.85698639101105,6.4956767578125,1082.61279296875
4047,484942,127.3553000834625,6.154541748046875,1025.7569580078125
4048,485062,127.36482834393613,6.15533203125,1025.888671875
4049,485182,131.4209331400411,6.339404296875,1056.5673828125
4050,485302,121.14762664948145,5.8706279296875,978.43798828125
4051,485422,129.44497925355472,6.24912890625,1041.521484375
4052,485542,127.4028338135069,6.1555810546875,1025.93017578125
4053,485662,135.07494494358838,6.50347265625,1083.912109375
4054,485782,123.97560885632326,5.993926025390625,998.9876708984375
4055,485902,129.65546002586666,6.255837158203125,1042.6395263671875
4056,486022,128.0947897680358,6.18743408203125,1031.239013671875
4057,486142,129.71619637930792,6.26142919921875,1043.571533203125
4058,486262,129.31298866823224,6.24059912109375,1040.099853515625
4059,486382,131.31851225343104,6.334780517578125,1055.7967529296875
4060,486502,124.39548815049838,6.016179565429687,1002.6965942382812
4061,486622,129.0000950576055,6.228365478515625,1038.0609130859375
4062,486742,137.6103095588992,6.618662109375,1103.1103515625
4063,486862,122.94789923858582,5.950962890625,991.8271484375
4064,486982,124.22016954438106,6.006744873046875,1001.1241455078125
4065,487102,134.11057348281835,6.46461181640625,1077.435302734375
4066,487222,132.34928906324905,6.37852001953125,1063.086669921875
4067,487342,126.02511210550036,6.094611328125,1015.7685546875
4068,487462,133.19399124977036,6.417232177734375,1069.5386962890625
4069,487582,118.71588244151175,5.7564814453125,959.41357421875
4070,487702,125.91173862537303,6.090593994140625,1015.0989990234375
4071,487822,131.60798933185137,6.3478037109375,1057.96728515625
4072,487942,123.7919852107658,5.989088012695312,998.1813354492188
4073,488062,125.73701475160385,6.079505493164063,1013.2509155273438
4074,488182,130.8980408941126,6.31285546875,1052.142578125
4075,488302,128.21026793540855,6.19411083984375,1032.351806640625
4076,488422,130.20796302627755,6.28382958984375,1047.304931640625
4077,488542,128.0405981373304,6.18315234375,1030.525390625
4078,488662,135.8867654404869,6.544417236328125,1090.7362060546875
4079,488782,124.50633020296718,6.025969482421875,1004.3282470703125
4080,488902,135.4224197247498,6.520127197265625,1086.6878662109375
4081,489022,127.17410140339715,6.146013427734375,1024.3355712890625
4082,489142,133.82154203511828,6.44878271484375,1074.797119140625
4083,489262,134.45681074563618,6.47910205078125,1079.850341796875
4084,489382,122.75655277800237,5.941436279296875,990.2393798828125
4085,489502,133.6105435011258,6.438310546875,1073.0517578125
4086,489622,131.57430211508807,6.3509619140625,1058.49365234375
4087,489742,133.3159374140218,6.425918701171875,1070.9864501953125
4088,489862,127.00460511211755,6.135323364257813,1022.5538940429688
4089,489982,120.80215168083544,5.849788330078125,974.9647216796875
4090,490102,124.2491484002181,6.008263916015625,1001.3773193359375
4091,490222,124.72789290314199,6.030317138671875,1005.0528564453125
4092,490342,136.02148870759066,6.548697509765625,1091.4495849609375
4093,490462,129.36310242870618,6.24141796875,1040.236328125
4094,490582,127.02350593604697,6.137242309570312,1022.8737182617188
4095,490702,126.79596751086808,6.12724365234375,1021.207275390625
4096,490822,127.44268842788324,6.1538818359375,1025.64697265625
4097,490942,124.03080066146065,6.00062255859375,1000.103759765625
4098,491062,139.12069269579334,6.692748046875,1115.4580078125
4099,491182,129.43708945852433,6.24879345703125,1041.465576171875
4100,491302,118.18549309773239,5.732151123046875,955.3585205078125
4101,491422,138.34523019491206,6.6543486328125,1109.05810546875
4102,491542,128.55712316652486,6.209704833984375,1034.9508056640625
4103,491662,131.78366244067186,6.356185546875,1059.3642578125
4104,491782,126.91272218654728,6.12636328125,1021.060546875
4105,491902,129.45558985565188,6.248302001953125,1041.3836669921875
4106,492022,121.58407818685507,5.888273803710938,981.3789672851562
4107,492142,130.4929296390248,6.296718017578125,1049.4530029296875
4108,492262,130.32222386945688,6.287543701171875,1047.9239501953125
4109,492382,128.54548783389615,6.20868896484375,1034.781494140625
4110,492502,125.66299461009555,6.074005737304687,1012.3342895507812
4111,492622,128.44760480193574,6.201866455078125,1033.6444091796875
4112,492742,129.7011551624286,6.257197265625,1042.8662109375
4113,492862,134.99577785540907,6.502916748046875,1083.8194580078125
4114,492982,128.1164563380547,6.187672119140625,1031.2786865234375
4115,493102,137.37756451092477,6.60925634765625,1101.542724609375
4116,493222,125.06216309718317,6.04621435546875,1007.702392578125
4117,493342,138.19998908937333,6.649001220703125,1108.1668701171875
4118,493462,132.22986589673303,6.3757236328125,1062.62060546875
4119,493582,129.44223675983054,6.24627978515625,1041.046630859375
4120,493702,128.10242375681207,6.186860595703125,1031.1434326171875
4121,493822,128.66909749594828,6.2086962890625,1034.78271484375
4122,493942,126.57622077915181,6.114709716796875,1019.1182861328125
4123,494062,118.42066820205926,5.744946533203125,957.4910888671875
4124,494182,127.10787318153196,6.140690185546875,1023.4483642578125
4125,494302,126.84872541787689,6.1288692626953125,1021.4782104492188
4126,494422,124.88801848566467,6.040351684570313,1006.7252807617188
4127,494542,124.49891992212746,6.023407836914062,1003.9013061523438
4128,494662,127.5337723421054,6.163259033203125,1027.2098388671875
4129,494782,127.94437802444152,6.1797333984375,1029.95556640625
4130,494902,128.37548443629663,6.20212646484375,1033.687744140625
4131,495022,128.02339982815917,6.180740478515625,1030.1234130859375
4132,495142,119.9661760953199,5.816627563476563,969.4379272460938
4133,495262,135.15740580676766,6.5108935546875,1085.14892578125
4134,495382,126.87625223862679,6.129432861328125,1021.5721435546875
4135,495502,120.71096331515733,5.8460408935546875,974.3401489257812
4136,495622,136.31663472305388,6.559102294921875,1093.1837158203125
4137,495742,128.39902356525255,6.196543212890625,1032.7572021484375
4138,495862,127.4790499413408,6.15880517578125,1026.467529296875
4139,495982,132.77422208145927,6.40107421875,1066.845703125
4140,496102,133.59609803449743,6.440189208984375,1073.3648681640625
4141,496222,133.1342417941235,6.41482177734375,1069.136962890625
4142,496342,124.67068447989703,6.028287231445312,1004.7145385742188
4143,496462,124.87325906369142,6.040669921875,1006.7783203125
4144,496582,130.20453471700566,6.281649169921875,1046.9415283203125
4145,496702,130.9850550170921,6.320149658203125,1053.3582763671875
4146,496822,128.12746695557382,6.1863955078125,1031.06591796875
4147,496942,128.18596354761746,6.192992431640625,1032.1654052734375
4148,497062,122.31313868282646,5.918858276367187,986.4763793945312
4149,497182,125.85124078225772,6.084450439453125,1014.0750732421875
4150,497302,136.25375392715998,6.562546875,1093.7578125
4151,497422,136.45074648652556,6.563578125,1093.9296875
4152,497542,132.23980889977895,6.375709716796875,1062.6182861328125
4153,497662,129.21839787091574,6.239079345703125,1039.8465576171875
4154,497782,136.1663031789842,6.55231640625,1092.052734375
4155,497902,128.62436140032426,6.211927001953125,1035.3211669921875
4156,498022,127.21571009751534,6.144814453125,1024.1357421875
4157,498142,133.49062292997456,6.43308251953125,1072.180419921875
4158,498262,126.23592503873823,6.101013427734375,1016.8355712890625
4159,498382,133.90528511462736,6.449859375,1074.9765625
4160,498502,123.86314171950829,5.993495361328125,998.9158935546875
4161,498622,130.98177012574587,6.319572509765625,1053.2620849609375
4162,498742,125.27831811124213,6.059408935546875,1009.9014892578125
4163,498862,128.9545542202526,6.22538525390625,1037.564208984375
4164,498982,126.85240878140912,6.12820166015625,1021.366943359375
4165,499102,134.21230966678897,6.467114501953125,1077.8524169921875
4166,499222,134.73242197977916,6.488384765625,1081.3974609375
4167,499342,132.82231511882324,6.40258154296875,1067.096923828125
4168,499462,127.92653941819394,6.177756591796875,1029.6260986328125
4169,499582,129.94102962125442,6.273224853515625,1045.5374755859375
4170,499702,126.21909905535496,6.099531005859375,1016.5885009765625
