episode,global_step,reward,yield_ton_ha,biomass_g_m2
1,115,2.7767903605162845,0.5720699615478516,95.3449935913086
2,231,0.5768702197188151,0.45574827575683596,75.95804595947266
3,339,-1.0429312513046283,0.3487402496337891,58.123374938964844
4,449,-3.954757066061641,0.23914892578125,39.858154296875
5,559,-1.6945968586566507,0.3284358215332031,54.73930358886719
6,668,-2.5413983506649918,0.2919077224731445,48.65128707885742
7,779,-3.661514062754817,0.25269456481933594,42.115760803222656
8,896,7.746816174446273,0.7821448059082031,130.3574676513672
9,1013,14.774139577486903,1.118252197265625,186.3753662109375
10,1125,-2.236042020466238,0.311759880065918,51.95998001098633
11,1232,-2.9818061969658975,0.2575180892944336,42.919681549072266
12,1344,0.261665225276942,0.4237921600341797,70.63202667236328
13,1458,4.372670010088784,0.6171279602050781,102.85466003417969
14,1572,4.84879236264668,0.6377488403320313,106.29147338867188
15,1684,0.3767775036638705,0.4267481689453125,71.12469482421875
16,1797,3.012693029039566,0.5532273559570312,92.20455932617188
17,1910,1.54182647954865,0.47435971069335936,79.05995178222656
18,2028,4.895574835028126,0.6501006317138672,108.35010528564453
19,2138,3.3179497733934813,0.5610199584960938,93.50332641601562
20,2250,3.244825135598222,0.5547875518798828,92.46459197998047
21,2363,0.8402247968091354,0.4494249572753906,74.90415954589844
22,2477,1.50139380375076,0.47920024108886716,79.86670684814453
23,2592,4.881425553843169,0.6454657287597656,107.57762145996094
24,2710,6.13735198753049,0.710335464477539,118.38924407958984
25,2827,2.127687806966403,0.5249573364257812,87.49288940429688
26,2938,-4.5601901441558415,0.20558452606201172,34.26408767700195
27,3052,6.36374300104079,0.7054644927978516,117.5774154663086
28,3164,1.2102642763824523,0.4668600311279297,77.81000518798828
29,3281,6.5330062665424355,0.7265788879394531,121.09648132324219
30,3399,12.573711578321554,1.001231689453125,166.8719482421875
31,3507,1.3160204800248965,0.4572843017578125,76.21405029296875
32,3620,-0.6509321783339244,0.39033998107910156,65.0566635131836
33,3734,10.473718029370264,0.8987137756347656,149.78562927246094
34,3847,3.6612035976834316,0.5809504852294922,96.82508087158203
35,3964,4.455574450305336,0.6331824188232422,105.53040313720703
36,4084,13.003976006554666,1.0314855651855468,171.9142608642578
37,4197,2.6025391541461644,0.5328612213134766,88.8102035522461
38,4315,7.15436583235643,0.7635092926025391,127.25154876708984
39,4435,13.019330918513187,1.036012939453125,172.6688232421875
40,4548,3.0504932494421353,0.542863037109375,90.4771728515625
41,4664,9.127173311218957,0.8409322814941407,140.15538024902344
42,4784,12.647217358276391,1.010122100830078,168.3536834716797
43,4900,8.067867289426234,0.7925505981445312,132.09176635742188
44,5016,7.107310747436648,0.7477253723144531,124.62089538574219
45,5131,6.085373789810453,0.7010784301757812,116.84640502929688
46,5250,3.1836174453815964,0.5751615142822266,95.8602523803711
47,5370,14.561562265014055,1.1037994079589843,183.96656799316406
48,5484,5.683160062629217,0.6908799591064453,115.14665985107422
49,5604,17.618243165949686,1.2420778198242188,207.01296997070312
50,5722,9.558072153404613,0.8600073852539063,143.33456420898438
51,5841,12.581516920091726,1.0068143005371093,167.80238342285156
52,5961,11.541284090592471,0.970634033203125,161.7723388671875
53,6081,10.539169485648024,0.9229105224609375,153.81842041015625
54,6195,5.2576627731320755,0.6505571136474609,108.42618560791016
55,6315,8.392512708003373,0.8165613098144531,136.0935516357422
56,6433,17.492422314468943,1.2263904418945313,204.39840698242188
57,6552,7.338377329829994,0.767387466430664,127.89791107177734
58,6672,23.049060216368932,1.4691524963378906,244.85874938964844
59,6791,11.921478830703238,0.9788020935058593,163.13368225097656
60,6910,8.53529293623335,0.8330927124023437,138.84878540039062
61,7027,10.011305110199785,0.8892829284667969,148.2138214111328
62,7145,8.41286122373462,0.8185657653808593,136.42762756347656
63,7265,33.07901875173182,1.9290657348632811,321.5109558105469
64,7385,12.28564051236904,0.9967562255859375,166.12603759765625
65,7498,6.583566491876253,0.7177353515625,119.62255859375
66,7610,8.594722369543025,0.8043763732910156,134.06272888183594
67,7721,13.236277833141928,1.0161958923339844,169.36598205566406
68,7841,7.9207394348867615,0.7952384033203125,132.53973388671875
69,7961,26.217627019338654,1.611582275390625,268.5970458984375
70,8080,13.984274851094796,1.0694613647460938,178.24356079101562
71,8196,3.398501361412932,0.5762886199951172,96.04810333251953
72,8316,25.007913831789928,1.5617955322265624,260.29925537109375
73,8436,24.398405421953157,1.5262994384765625,254.38323974609375
74,8556,16.81871893835482,1.1878144226074219,197.9690704345703
75,8669,6.174242446504344,0.6939173126220703,115.65288543701172
76,8789,28.77285997204303,1.7322625122070312,288.7104187011719
77,8909,32.551099079605955,1.8940323486328126,315.67205810546875
78,9029,22.079435722883154,1.4263250427246095,237.72084045410156
79,9149,29.938592424385945,1.7796287841796874,296.60479736328125
80,9268,15.68936586845291,1.1480711059570312,191.34518432617188
81,9388,36.86394318996969,2.093242492675781,348.8737487792969
82,9508,30.405910790896378,1.801137451171875,300.1895751953125
83,9628,29.06604582413837,1.7481837158203124,291.36395263671875
84,9745,11.573081294122396,0.9478803405761719,157.9800567626953
85,9865,26.91022216406273,1.6558214721679687,275.9702453613281
86,9985,26.902151443903037,1.643290283203125,273.8817138671875
87,10101,5.471279393899433,0.6696290130615234,111.6048355102539
88,10221,13.546712490876416,1.0511643676757811,175.19406127929688
89,10341,20.980008874724657,1.375266815185547,229.2111358642578
90,10461,19.823726492083715,1.345657470703125,224.2762451171875
91,10581,23.760898051564222,1.5015953979492187,250.26589965820312
92,10701,16.320895180947684,1.173207733154297,195.5346221923828
93,10821,17.70123637990586,1.235155517578125,205.8592529296875
94,10941,23.76098257113797,1.5050841064453124,250.84735107421875
95,11061,25.045585082545305,1.5652106323242188,260.8684387207031
96,11181,20.48331416201496,1.3534591369628906,225.57652282714844
97,11301,35.25165041732052,2.024423583984375,337.4039306640625
98,11421,30.372983461793705,1.795500732421875,299.2501220703125
99,11541,32.19920926561602,1.8906859130859375,315.11431884765625
100,11657,9.574308576101783,0.8599506225585938,143.32510375976562
101,11777,37.90590349313187,2.1442454223632814,357.3742370605469
102,11897,27.05694555678369,1.65525146484375,275.875244140625
103,12017,32.09678878781108,1.885862548828125,314.3104248046875
104,12137,22.330898471933082,1.4487992248535155,241.46653747558594
105,12253,15.935340136301097,1.1496009521484376,191.60015869140625
106,12373,39.9832523223409,2.2284100341796873,371.40167236328125
107,12493,21.137630187677292,1.3966898803710937,232.78164672851562
108,12613,28.98356802885715,1.7416814575195312,290.2802429199219
109,12732,21.107989548731734,1.389664306640625,231.6107177734375
110,12852,38.34857259553711,2.1590987548828124,359.84979248046875
111,12972,45.59387886158711,2.4860088500976563,414.3348083496094
112,13092,27.21716462106931,1.6621356811523438,277.0226135253906
113,13212,38.402402239669975,2.165001159667969,360.8335266113281
114,13332,45.56015333893182,2.4811318359375,413.52197265625
115,13452,17.631007345671378,1.2282499694824218,204.7083282470703
116,13572,29.698543907681515,1.7685325927734374,294.75543212890625
117,13692,28.915311862872347,1.736712890625,289.4521484375
118,13809,13.165925264631,1.0240804138183595,170.68006896972656
119,13929,27.339185746473508,1.661274169921875,276.8790283203125
120,14049,15.601885450377075,1.1398530578613282,189.9755096435547
121,14167,8.787300035148053,0.8318494262695313,138.64157104492188
122,14287,34.4962161174437,1.9877794189453124,331.29656982421875
123,14407,35.29174443187579,2.0190194091796876,336.50323486328125
124,14527,43.34351200195498,2.377791687011719,396.2986145019531
125,14647,40.48404531913536,2.2574500122070313,376.2416687011719
126,14767,34.95141701734169,2.006470458984375,334.4117431640625
127,14887,31.161159341691956,1.8311806640625,305.19677734375
128,15007,43.23560614284912,2.371140197753906,395.1900329589844
129,15127,40.20031542769541,2.2344680786132813,372.4113464355469
130,15247,32.24245931209998,1.8832291259765626,313.87152099609375
131,15367,38.032733641407475,2.1450111694335936,357.5018615722656
132,15487,39.46724991496499,2.201884826660156,366.9808044433594
133,15607,44.67852016922818,2.4479619140625,407.99365234375
134,15727,49.20528229915428,2.641473449707031,440.2455749511719
135,15847,23.345277324147826,1.4880518188476564,248.00863647460938
136,15967,32.46840487723024,1.884333251953125,314.0555419921875
137,16087,39.397142342340075,2.2056624755859375,367.61041259765625
138,16207,38.26923171743999,2.1526318359375,358.77197265625
139,16327,36.84258844407658,2.0802973022460938,346.7162170410156
140,16447,51.12412093835689,2.727064453125,454.5107421875
141,16567,41.52365010670521,2.3101305541992185,385.0217590332031
142,16687,40.93216777399903,2.2756827392578125,379.28045654296875
143,16807,38.35496758041806,2.161666259765625,360.2777099609375
144,16927,43.817102170025336,2.408018371582031,401.3363952636719
145,17047,31.911799814630207,1.86528369140625,310.880615234375
146,17167,34.459307325740205,1.9893321533203125,331.55535888671875
147,17287,29.200155386386307,1.7379197387695313,289.6532897949219
148,17407,43.055947647295696,2.359762939453125,393.2938232421875
149,17527,37.89159832119866,2.13454248046875,355.757080078125
150,17647,47.844479060794114,2.581646484375,430.2744140625
151,17767,32.711619395588436,1.91422265625,319.037109375
152,17887,53.96723954976308,2.8517728271484377,475.29547119140625
153,18007,35.115848480097256,2.01393017578125,335.655029296875
154,18127,42.9478425355524,2.35976953125,393.294921875
155,18247,44.40885150452278,2.436143737792969,406.0239562988281
156,18367,30.21315206990532,1.8074309692382813,301.2384948730469
157,18487,47.14296016879365,2.5550570068359373,425.84283447265625
158,18607,48.60746201749662,2.615325622558594,435.8876037597656
159,18727,37.98190702991309,2.1380231323242187,356.3371887207031
160,18847,42.17903764398403,2.324108642578125,387.3514404296875
161,18967,39.597501251124314,2.2085410766601563,368.0901794433594
162,19087,50.33557603805186,2.6921412963867186,448.6902160644531
163,19207,50.356992461794874,2.696945068359375,449.4908447265625
164,19327,46.53615873864058,2.5236038818359376,420.60064697265625
165,19447,52.48199986172586,2.7994273681640625,466.57122802734375
166,19567,50.130020022473346,2.681967224121094,446.9945373535156
167,19687,48.970947727456775,2.62662158203125,437.770263671875
168,19807,53.63761228346441,2.8416190795898437,473.6031799316406
169,19927,45.638744023928986,2.482723205566406,413.7872009277344
170,20047,49.78613780447718,2.6800585327148436,446.6764221191406
171,20167,41.55665910566434,2.300335876464844,383.3893127441406
172,20282,18.74421817894011,1.2704566040039063,211.74276733398438
173,20402,51.4662557358211,2.745233642578125,457.5389404296875
174,20522,48.25984988707684,2.6021614379882814,433.6935729980469
175,20642,46.73431770674107,2.548891296386719,424.8152160644531
176,20762,44.004518004212144,2.4167429809570313,402.7904968261719
177,20882,34.66274487197766,1.9996682739257812,333.2780456542969
178,21002,43.60823969298265,2.3988660278320313,399.8110046386719
179,21122,48.34786931222983,2.599395812988281,433.2326354980469
180,21242,53.42611541528497,2.830023742675781,471.6706237792969
181,21362,51.24093789176548,2.739131652832031,456.5219421386719
182,21482,53.69812592975001,2.8418651733398437,473.6441955566406
183,21602,50.20705675657575,2.690078063964844,448.3463439941406
184,21722,55.53176209929686,2.919990234375,486.6650390625
185,21842,47.74943520281296,2.5911860961914064,431.8643493652344
186,21962,45.958237594215,2.5011280517578127,416.85467529296875
187,22082,45.84523140089202,2.49090087890625,415.150146484375
188,22202,56.63813439511124,2.9653027954101563,494.2171325683594
189,22322,53.268512835178605,2.8253076782226563,470.8846130371094
190,22442,44.0985958085348,2.420534362792969,403.4223937988281
191,22562,45.786186215452204,2.487270263671875,414.5450439453125
192,22682,58.44390597372127,3.0588896484375,509.81494140625
193,22802,54.92810861890304,2.9045950927734374,484.09918212890625
194,22922,55.253593134839896,2.918457824707031,486.4096374511719
195,23042,49.82756609687064,2.670105285644531,445.0175476074219
196,23162,52.920073627526534,2.808684997558594,468.1141662597656
197,23282,47.06785046697789,2.5562252197265627,426.03753662109375
198,23402,48.25967884498985,2.6067440185546875,434.45733642578125
199,23522,43.10618640378477,2.3822442626953126,397.04071044921875
200,23642,51.617229771954314,2.7570964965820313,459.5160827636719
201,23762,53.92626312666064,2.8510001220703125,475.16668701171875
202,23882,42.67901531093551,2.3569293823242186,392.8215637207031
203,24002,53.657121534966116,2.8462078857421873,474.36798095703125
204,24122,56.29032533091683,2.961949951171875,493.6583251953125
205,24242,43.224893024889724,2.38264453125,397.107421875
206,24362,49.70525494114331,2.6652030029296876,444.20050048828125
207,24482,62.3238899586957,3.2357274169921877,539.2879028320312
208,24602,45.09503249947727,2.4578204956054686,409.6367492675781
209,24722,47.69132727761407,2.580359436035156,430.0599060058594
210,24842,48.40906978980574,2.604241516113281,434.0402526855469
211,24962,51.24896059329776,2.741014343261719,456.8357238769531
212,25082,64.0197234428261,3.319228271484375,553.2047119140625
213,25202,47.630318885972784,2.5795145874023437,429.9190979003906
214,25322,64.13035743296267,3.303903076171875,550.6505126953125
215,25442,49.59545564374089,2.6524793701171876,442.07989501953125
216,25562,57.851142516200056,3.0329862670898438,505.4977111816406
217,25682,58.65370155893953,3.076197509765625,512.6995849609375
218,25802,52.95670207427412,2.807514953613281,467.9191589355469
219,25922,60.27445865356284,3.134498291015625,522.4163818359375
220,26042,44.49988775943477,2.438402893066406,406.4004821777344
221,26162,51.09151228140413,2.715424987792969,452.5708312988281
222,26282,54.876943202374235,2.8943192138671874,482.38653564453125
223,26402,49.13458668223836,2.64263232421875,440.438720703125
224,26522,59.02355247636552,3.093240966796875,515.5401611328125
225,26642,52.57322224062486,2.79186181640625,465.310302734375
226,26762,56.61902144027914,2.98247314453125,497.078857421875
227,26882,49.546965524166325,2.6538489990234373,442.30816650390625
228,27002,68.47627471552471,3.5042310791015625,584.0385131835938
229,27122,65.31394447213634,3.3611458740234377,560.1909790039062
230,27242,55.53569896085031,2.921579772949219,486.9299621582031
231,27362,64.87963855562705,3.3452332763671877,557.5388793945312
232,27482,65.97965672995156,3.396611572265625,566.1019287109375
233,27602,61.566649646592744,3.202837646484375,533.8062744140625
234,27722,61.52723933509978,3.190660400390625,531.7767333984375
235,27842,56.96268783896648,2.9900593872070313,498.3432312011719
236,27962,60.16198629862151,3.1331597900390626,522.1932983398438
237,28082,60.34945887622958,3.1283375244140625,521.3895874023438
238,28202,52.91904589340336,2.809172790527344,468.1954650878906
239,28322,57.961238040333065,3.0353953857421874,505.89923095703125
240,28442,51.466500303165894,2.738457824707031,456.4096374511719
241,28562,43.16225321938796,2.375861572265625,395.9769287109375
242,28682,50.680063329683854,2.713828125,452.3046875
243,28802,64.42490194293651,3.3284615478515627,554.7435913085938
244,28922,62.79057111222991,3.253458984375,542.2431640625
245,29042,70.26980080633193,3.589944580078125,598.3240966796875
246,29162,63.70770579363479,3.299843994140625,549.9739990234375
247,29282,55.83810288081948,2.947724853515625,491.2874755859375
248,29387,15.442685225414703,1.0841505432128906,180.69175720214844
249,29507,64.48489290258472,3.3190660400390626,553.1776733398438
250,29627,63.85441852448214,3.3080042724609373,551.3340454101562
251,29747,64.08541781157876,3.2999102783203127,549.9850463867188
252,29867,60.77942408159763,3.171123046875,528.5205078125
253,29987,60.09540936601574,3.124670654296875,520.7784423828125
254,30107,60.739649995272714,3.159886962890625,526.6478271484375
255,30227,60.48699548661333,3.14698828125,524.498046875
256,30347,67.3215524636871,3.456405029296875,576.0675048828125
257,30467,69.61132027092921,3.5685677490234373,594.7612915039062
258,30587,68.78623408424988,3.5282017822265623,588.0336303710938
259,30707,65.15037537865743,3.359227294921875,559.8712158203125
260,30827,51.78071015178532,2.7645924682617187,460.7654113769531
261,30947,58.39036718540434,3.0527567138671876,508.79278564453125
262,31067,65.70965809217495,3.3741910400390625,562.3651733398438
263,31187,63.75526820258642,3.3017698974609373,550.2949829101562
264,31307,71.20511213048796,3.631906494140625,605.3177490234375
265,31427,57.5387980006814,3.0179540405273437,502.9923400878906
266,31547,69.71494516482498,3.559189453125,593.1982421875
267,31667,61.73059513201803,3.196888916015625,532.8148193359375
268,31787,64.44898123371301,3.3235045166015627,553.9174194335938
269,31907,63.327411246699114,3.2700966796875,545.01611328125
270,32027,64.68261774216529,3.3388179931640627,556.4696655273438
271,32147,63.100337357453306,3.2626204833984374,543.7700805664062
272,32267,67.62498549502978,3.46771875,577.953125
273,32387,67.0045797185934,3.442219482421875,573.7032470703125
274,32507,58.37916632134596,3.0508040771484377,508.46734619140625
275,32627,67.9450641898185,3.47471484375,579.119140625
276,32747,65.6732966722705,3.377677734375,562.9462890625
277,32867,68.70836368875592,3.5198349609375,586.63916015625
278,32987,65.27835877245235,3.365482177734375,560.9136962890625
279,33107,70.37446689642555,3.598089111328125,599.6815185546875
280,33227,75.9392663668093,3.8510614013671876,641.8435668945312
281,33347,71.43753631213596,3.644115966796875,607.3526611328125
282,33467,74.09571519007724,3.776214111328125,629.3690185546875
283,33587,71.3014481269237,3.6374769287109374,606.2461547851562
284,33707,66.07076217777856,3.3946197509765623,565.7699584960938
285,33827,70.4360604774802,3.600091552734375,600.0152587890625
286,33947,61.09603423842816,3.1778712158203124,529.6452026367188
287,34067,59.00534246837613,3.078111328125,513.0185546875
288,34187,70.1055063333047,3.5740242919921874,595.6707153320312
289,34307,62.5237860324591,3.2330196533203126,538.8366088867188
290,34427,64.27709140536727,3.31835595703125,553.059326171875
291,34547,68.77877950511342,3.5194317626953127,586.5719604492188
292,34667,63.37828735458518,3.275033203125,545.8388671875
293,34787,60.42625707379722,3.1576541748046876,526.2756958007812
294,34907,77.31561978965232,3.9088341064453127,651.4723510742188
295,35027,72.73394568665799,3.6917574462890625,615.2929077148438
296,35147,68.05177481253992,3.488019287109375,581.3365478515625
297,35267,70.63905912302727,3.60619189453125,601.031982421875
298,35387,58.108827505856695,3.047927673339844,507.9879455566406
299,35507,63.05475294396197,3.261213134765625,543.5355224609375
300,35627,77.77576448383186,3.9224432373046874,653.7405395507812
301,35747,68.63273698512022,3.5161376953125,586.02294921875
302,35867,68.74035797666028,3.5196280517578127,586.6046752929688
303,35987,73.8246038183693,3.75931201171875,626.552001953125
304,36107,66.90754932227478,3.4318516845703124,571.9752807617188
305,36227,67.18204531084686,3.4486746826171877,574.7791137695312
306,36347,77.69442950648693,3.914060302734375,652.3433837890625
307,36467,69.11778194399588,3.530158447265625,588.3597412109375
308,36587,73.72101227459407,3.7367047119140624,622.7841186523438
309,36707,76.89565507224432,3.884386962890625,647.3978271484375
310,36827,70.65910588809001,3.6065306396484376,601.0884399414062
311,36947,77.00528028803714,3.8795269775390624,646.5878295898438
312,37067,67.8122112405039,3.4712603759765623,578.5433959960938
313,37187,75.96604277826538,3.83567578125,639.279296875
314,37307,73.89257311877951,3.74676123046875,624.460205078125
315,37427,69.37271429343829,3.536458740234375,589.4097900390625
316,37547,73.88370418292936,3.74753466796875,624.589111328125
317,37667,67.67417564467881,3.46398193359375,577.330322265625
318,37787,75.00799597124258,3.7978641357421874,632.9773559570312
319,37907,67.70469931901353,3.47475,579.125
320,38027,75.92266980563716,3.8435262451171877,640.5877075195312
321,38147,71.0862097468233,3.6257332763671877,604.2888793945312
322,38267,71.96945102353035,3.6636375732421875,610.6062622070312
323,38387,65.37351178996201,3.364875,560.8125
324,38507,69.41037981973953,3.5476915283203123,591.2819213867188
325,38627,61.686181193413454,3.2001104736328125,533.3517456054688
326,38747,72.39044893863681,3.6831866455078126,613.8644409179688
327,38867,78.92967625654447,3.979244384765625,663.2073974609375
328,38987,76.80074420480398,3.8735247802734376,645.5874633789062
329,39107,75.642333267943,3.8302939453125,638.38232421875
330,39227,72.46120660381115,3.6896165771484375,614.9360961914062
331,39347,69.80219443446313,3.57315673828125,595.526123046875
332,39467,71.08959635075948,3.617107177734375,602.8511962890625
333,39587,72.16716550962722,3.6720615234375,612.01025390625
334,39707,66.49325238015133,3.4189017333984375,569.8169555664062
335,39827,70.4748303330419,3.5988768310546875,599.8128051757812
336,39947,68.53272088073834,3.513397705078125,585.5662841796875
337,40067,77.69645516820799,3.9203463134765624,653.3910522460938
338,40187,77.24658625953572,3.8971365966796876,649.5227661132812
339,40307,74.57913510593775,3.778530029296875,629.7550048828125
340,40427,75.26152576133654,3.8089969482421875,634.8328247070312
341,40547,72.43672023836342,3.6835264892578126,613.9210815429688
342,40667,69.07413016224874,3.5326080322265625,588.7680053710938
343,40787,74.68783978231126,3.7822265625,630.37109375
344,40907,77.333171789906,3.904820068359375,650.8033447265625
345,41027,77.3671506643227,3.9110928955078124,651.8488159179688
346,41147,68.08388724395517,3.4895137939453127,581.5856323242188
347,41267,66.31609947124662,3.412623779296875,568.7706298828125
348,41387,73.65539921912209,3.74469873046875,624.116455078125
349,41507,76.61291376397371,3.8645416259765626,644.0902709960938
350,41627,70.20935203008884,3.5944713134765625,599.0785522460938
351,41747,71.06655482678329,3.620556884765625,603.4261474609375
352,41867,77.83110628967728,3.9292470703125,654.87451171875
353,41987,75.03359071810779,3.7999793701171876,633.3298950195312
354,42107,61.50037655886255,3.1958668212890626,532.6444702148438
355,42227,78.65206477997297,3.964859619140625,660.8099365234375
356,42347,73.91536482073235,3.7469564208984374,624.4927368164062
357,42467,73.86014497442869,3.7455340576171876,624.2556762695312
358,42587,88.14721186182132,4.389544555664062,731.5907592773438
359,42707,74.7321443627017,3.7889205322265624,631.4867553710938
360,42827,76.89121004389784,3.8740850830078126,645.6808471679688
361,42947,75.81487314799669,3.841891845703125,640.3153076171875
362,43067,78.09858226187364,3.93447216796875,655.745361328125
363,43187,79.01412354532329,3.984303955078125,664.0506591796875
364,43307,72.4265853312866,3.6811182861328127,613.5197143554688
365,43427,76.43510405403808,3.860146728515625,643.3577880859375
366,43547,76.31911934591733,3.8598955078125,643.31591796875
367,43667,78.74464804527531,3.9736494140625,662.27490234375
368,43787,76.87473670246581,3.8855643310546877,647.5940551757812
369,43907,80.10883066350047,4.028912109375,671.4853515625
370,44027,71.07845311765428,3.6150274658203125,602.5045776367188
371,44147,84.5769280285376,4.23116162109375,705.193603515625
372,44267,79.03071590926935,3.974471923828125,662.4119873046875
373,44387,80.14889196283204,4.022359130859375,670.3931884765625
374,44507,76.15579608348905,3.8453001708984376,640.8833618164062
375,44627,76.50479539769024,3.8701680908203127,645.0280151367188
376,44747,73.76149920514658,3.7363267822265627,622.7211303710938
377,44867,74.70528520689078,3.7791873779296874,629.8645629882812
378,44987,81.42239630578743,4.08773583984375,681.289306640625
379,45107,74.85858076310463,3.785644775390625,630.9407958984375
380,45227,79.02918632671135,3.9731129150390627,662.1854858398438
381,45347,76.59357539280242,3.8635316162109374,643.9219360351562
382,45467,85.13283419903543,4.253838134765625,708.9730224609375
383,45587,84.46703655310746,4.21191796875,701.986328125
384,45707,80.01407905238743,4.019103881835938,669.8506469726562
385,45827,79.85794260846589,4.01171337890625,668.618896484375
386,45947,75.00466935145286,3.7998431396484373,633.3071899414062
387,46067,91.62725410057482,4.542295532226563,757.0492553710938
388,46187,80.71492564321575,4.056792846679688,676.1321411132812
389,46307,81.82291808128568,4.101910766601563,683.6517944335938
390,46427,77.12414671651278,3.89817041015625,649.695068359375
391,46547,75.35878889850454,3.8096121826171876,634.9353637695312
392,46667,69.67187152216106,3.54517529296875,590.862548828125
393,46787,82.81768236306891,4.155570190429687,692.5950317382812
394,46907,74.85210460446878,3.7816285400390623,630.2714233398438
395,47027,78.24743574457878,3.9435267333984374,657.2544555664062
396,47147,86.77894753707967,4.3282972412109375,721.3828735351562
397,47267,80.71055807453361,4.0430145263671875,673.8357543945312
398,47387,80.67335064399187,4.052693481445313,675.4489135742188
399,47507,79.10492265656274,3.9799793701171877,663.3298950195312
400,47627,86.3910034941477,4.303640991210938,717.2734985351562
401,47747,83.01894906604906,4.1571533203125,692.85888671875
402,47867,79.7314532541257,4.001318481445312,666.8864135742188
403,47987,81.90947508197199,4.099322021484375,683.2203369140625
404,48107,81.02542820501226,4.071064819335938,678.5108032226562
405,48227,81.84312880478515,4.105468139648438,684.2446899414062
406,48347,77.0084532641468,3.8864615478515625,647.7435913085938
407,48467,82.81463087007056,4.151548095703125,691.9246826171875
408,48587,81.94243239093903,4.111284301757813,685.2140502929688
409,48707,82.26988177218217,4.116406127929688,686.0676879882812
410,48827,88.37237654897714,4.405874267578125,734.3123779296875
411,48947,84.89339541045257,4.245660278320313,707.6100463867188
412,49067,82.92474608728719,4.148306030273438,691.3843383789062
413,49187,78.66708161172924,3.966586669921875,661.0977783203125
414,49307,85.2965472949373,4.269362548828125,711.5604248046875
415,49427,80.53069498596886,4.038233642578125,673.0389404296875
416,49547,84.17967414127739,4.206529174804688,701.0881958007812
417,49667,83.18372439693539,4.164918090820312,694.1530151367188
418,49787,77.71843152483831,3.9152677001953125,652.5446166992188
419,49907,83.74612799865014,4.183443969726563,697.2406616210938
420,50027,89.7170138501118,4.455061889648437,742.5103149414062
421,50147,84.03199148665702,4.207650512695312,701.2750854492188
422,50267,87.69588988599463,4.373614013671875,728.9356689453125
423,50387,86.93021461589817,4.338976318359375,723.1627197265625
424,50507,80.65835990833875,4.0586923828125,676.44873046875
425,50627,88.09490468122344,4.391218139648437,731.8696899414062
426,50747,85.03203923201912,4.246468505859375,707.7447509765625
427,50867,82.115715651398,4.115341552734375,685.8902587890625
428,50987,85.00524226587301,4.247763061523438,707.9605102539062
429,51107,81.56417028054777,4.100571533203125,683.4285888671875
430,51227,78.83054252160224,3.9614102783203125,660.2350463867188
431,51347,95.35280588653521,4.711544677734375,785.2574462890625
432,51467,85.53806261823752,4.262445190429688,710.4075317382812
433,51587,90.61823543103274,4.494436889648438,749.0728149414062
434,51707,86.63478779314599,4.31742041015625,719.570068359375
435,51827,86.41243579513753,4.307817993164062,717.9696655273438
436,51947,82.37301967854091,4.125247924804688,687.5413208007812
437,52067,87.30094327304376,4.35159521484375,725.265869140625
438,52187,83.76054735255832,4.187403442382813,697.9005737304688
439,52307,84.23188980207084,4.208435302734375,701.4058837890625
440,52427,82.73957344448401,4.14882421875,691.470703125
441,52547,87.90525192917346,4.383894287109375,730.6490478515625
442,52667,90.32740569410846,4.481691284179687,746.9485473632812
443,52787,92.57181491328012,4.582203369140625,763.7005615234375
444,52907,90.73358005714073,4.5068858642578125,751.1476440429688
445,53027,85.89064242885085,4.28116552734375,713.527587890625
446,53147,89.42361099474557,4.444244750976562,740.7074584960938
447,53267,86.90951143847818,4.33455615234375,722.426025390625
448,53387,86.66235358029888,4.325118896484375,720.8531494140625
449,53507,90.1698421863538,4.476504638671875,746.0841064453125
450,53627,95.00367082980422,4.69998193359375,783.330322265625
451,53747,93.45843164915367,4.625278198242188,770.8796997070312
452,53867,90.48713837674231,4.486821899414062,747.8036499023438
453,53987,91.58281546642533,4.5375216064453125,756.2536010742188
454,54107,89.46321690425157,4.44496875,740.828125
455,54227,90.34365389244736,4.486314697265625,747.7191162109375
456,54347,89.97148240071822,4.471927001953125,745.3211669921875
457,54467,88.64887414985667,4.412252197265625,735.3753662109375
458,54587,86.05388842665374,4.289820556640625,714.9700927734375
459,54707,86.36855163347724,4.303241455078125,717.2069091796875
460,54827,98.27702437162267,4.843990356445312,807.3317260742188
461,54947,96.12276425713688,4.749216796875,791.5361328125
462,55067,98.64419869511616,4.857304321289062,809.5507202148438
463,55187,87.89331816679376,4.3777357177734375,729.6226196289062
464,55307,83.7490339382658,4.186304077148438,697.7173461914062
465,55427,91.52457140302756,4.539634643554687,756.6057739257812
466,55547,88.83681212297027,4.417307739257812,736.2179565429688
467,55667,85.30348294302561,4.254244995117188,709.0408325195312
468,55787,87.52675102177278,4.357729248046875,726.2882080078125
469,55907,88.49117730108156,4.406716552734375,734.4527587890625
470,56027,82.02262828848885,4.109990844726562,684.9984741210938
471,56147,85.65722924917677,4.268220703125,711.3701171875
472,56267,85.00538752305513,4.245956909179688,707.6594848632812
473,56387,93.64770456951995,4.634574096679687,772.4290161132812
474,56507,93.39825308919227,4.616190307617187,769.3650512695312
475,56627,91.31757603449188,4.529001342773437,754.8335571289062
476,56747,85.61688409659111,4.275639404296875,712.6065673828125
477,56867,92.28795755966533,4.574254028320312,762.3756713867188
478,56987,88.79405245028278,4.413684814453125,735.6141357421875
479,57107,87.2595721065138,4.347719970703125,724.6199951171875
480,57227,95.37548199991892,4.71528955078125,785.881591796875
481,57347,87.952299130624,4.380732421875,730.1220703125
482,57467,90.64746021679446,4.496875854492187,749.4793090820312
483,57587,91.02265659998596,4.51283642578125,752.139404296875
484,57707,90.85347226981722,4.503544189453125,750.5906982421875
485,57827,92.45640310848299,4.58185400390625,763.642333984375
486,57947,88.52548314674804,4.400103149414062,733.3505249023438
487,58067,89.22987530684367,4.439949462890625,739.9915771484375
488,58187,95.94180218128416,4.744116943359375,790.6861572265625
489,58307,96.355119122258,4.753751220703125,792.2918701171875
490,58427,87.77795616061869,4.367349609375,727.8916015625
491,58547,96.6743857508258,4.766371948242187,794.3953247070312
492,58667,87.43495219964461,4.353545654296875,725.5909423828125
493,58787,87.58149303597737,4.362523315429687,727.0872192382812
494,58907,88.1170499290379,4.385581420898437,730.9302368164062
495,59027,93.73286242859838,4.6356123046875,772.60205078125
496,59147,91.48259512396457,4.533850341796875,755.6417236328125
497,59267,92.840330698303,4.5928828125,765.48046875
498,59387,89.7129710471205,4.449338012695312,741.5563354492188
499,59507,91.33865946239004,4.531131225585938,755.1885375976562
500,59627,94.27267396981608,4.661033935546875,776.8389892578125
501,59747,95.28040694280776,4.712187377929688,785.3645629882812
502,59867,94.58831928206594,4.67744970703125,779.574951171875
503,59987,95.22447109173316,4.710955444335937,785.1592407226562
504,60107,93.45928386449725,4.627489379882812,771.2482299804688
505,60227,95.21304423814671,4.70111279296875,783.518798828125
506,60347,93.98022457523706,4.646794555664062,774.4657592773438
507,60467,94.37182930147793,4.665095947265625,777.5159912109375
508,60587,88.79421924424568,4.41360205078125,735.600341796875
509,60707,89.098738650438,4.426036010742187,737.6726684570312
510,60827,97.21068897268205,4.798228271484375,799.7047119140625
511,60947,99.05055792612701,4.868317749023437,811.3862915039062
512,61067,93.52936340522649,4.63187109375,771.978515625
513,61187,87.86406808668667,4.3735693359375,728.92822265625
514,61307,91.05344041250022,4.521557739257813,753.5929565429688
515,61427,92.91823297407683,4.606610961914063,767.7684936523438
516,61547,88.58539796091009,4.408356079101562,734.7260131835938
517,61667,89.42360891507627,4.441609497070313,740.2682495117188
518,61787,97.55038917988881,4.81212744140625,802.021240234375
519,61907,94.02827540927663,4.648546142578125,774.7576904296875
520,62027,95.76562730090907,4.726201538085937,787.7002563476562
521,62147,97.42727451720242,4.809849975585937,801.6416625976562
522,62267,98.89838324800455,4.874955688476563,812.4926147460938
523,62387,96.84456893399576,4.781534912109375,796.9224853515625
524,62507,94.28815876070463,4.662756591796875,777.1260986328125
525,62627,86.4532522690277,4.31891015625,719.818359375
526,62747,92.95414913502441,4.60064501953125,766.774169921875
527,62867,93.41466758590063,4.624021728515625,770.6702880859375
528,62987,95.23319357146394,4.70814697265625,784.691162109375
529,63107,90.78951262379671,4.5085513916015625,751.4252319335938
530,63227,85.7816209825143,4.280203125,713.3671875
531,63347,91.39869068154741,4.53409716796875,755.682861328125
532,63467,97.81102115434143,4.832326904296875,805.3878173828125
533,63587,94.76905089472672,4.688418823242188,781.4031372070312
534,63707,92.2342733704888,4.570672485351563,761.7787475585938
535,63827,94.07424680898534,4.653036254882813,775.5060424804688
536,63947,97.37615543212561,4.8071923828125,801.19873046875
537,64067,95.18780724154729,4.706853881835937,784.4756469726562
538,64187,95.99789499020139,4.738845336914062,789.8075561523438
539,64307,93.97264579368596,4.64902734375,774.837890625
540,64427,92.49551353309073,4.583997802734375,763.9996337890625
541,64547,91.1607449731952,4.522067138671875,753.6778564453125
542,64667,91.53495358756358,4.5393131103515625,756.5521850585938
543,64787,98.38677799268872,4.851099609375,808.5166015625
544,64907,87.86233619588862,4.37555859375,729.259765625
545,65027,97.4395644247653,4.814920532226562,802.4867553710938
546,65147,94.22088481323692,4.664787963867187,777.4646606445312
547,65267,85.32048880642596,4.2624752197265625,710.4125366210938
548,65387,88.67936006844303,4.418246704101563,736.3744506835938
549,65507,97.18019912080011,4.798170043945312,799.6950073242188
550,65627,91.07942096077478,4.518284912109375,753.0474853515625
551,65747,92.60303331351831,4.588917846679688,764.8196411132812
552,65867,93.41641353467426,4.631861938476563,771.9769897460938
553,65987,94.19230362706307,4.653383056640625,775.5638427734375
554,66107,95.07830585923946,4.698587768554687,783.0979614257812
555,66227,98.89771094036543,4.86437255859375,810.728759765625
556,66347,91.38549699180959,4.5351533203125,755.85888671875
557,66467,103.42910469777814,5.075417358398438,845.9028930664062
558,66587,97.71008053372262,4.82082861328125,803.471435546875
559,66707,97.41840949172554,4.798305908203125,799.7176513671875
560,66827,95.51589802128262,4.7226708984375,787.11181640625
561,66947,94.28831386952572,4.664765625,777.4609375
562,67067,90.61677757080435,4.495745727539062,749.2909545898438
563,67187,92.24490310591656,4.5674619140625,761.24365234375
564,67307,96.1302331689954,4.744481323242187,790.7468872070312
565,67427,94.67764947039889,4.687385375976563,781.2308959960938
566,67547,99.35741546081628,4.8878583984375,814.64306640625
567,67667,89.30100273402257,4.430938110351563,738.4896850585938
568,67787,96.45338838055122,4.754664916992187,792.4441528320312
569,67907,89.24897808034478,4.439490600585938,739.9151000976562
570,68027,93.70962400086812,4.643410034179688,773.9016723632812
571,68147,93.81910337949544,4.637934448242188,772.9890747070312
572,68267,92.47942063940394,4.584916259765625,764.1527099609375
573,68387,91.01263050410239,4.5189287109375,753.15478515625
574,68507,91.51284107115143,4.5372117919921875,756.2019653320312
575,68627,99.3934880030121,4.901928955078125,816.9881591796875
576,68747,91.63611129954027,4.5482113037109375,758.0352172851562
577,68867,88.09445023846754,4.384727416992187,730.7879028320312
578,68987,98.93685125384468,4.871032104492188,811.8386840820312
579,69107,91.1979044541558,4.53147802734375,755.246337890625
580,69227,90.87343568556727,4.507964721679688,751.3274536132812
581,69347,89.61882879715475,4.455119018554687,742.5198364257812
582,69467,92.99914245477227,4.602299926757812,767.0499877929688
583,69587,90.65802701726531,4.506526611328125,751.0877685546875
584,69707,88.3883531098749,4.3977978515625,732.96630859375
585,69827,97.8973687242901,4.827815551757812,804.6359252929688
586,69947,85.76082620806616,4.279059814453125,713.1766357421875
587,70067,103.18255993013855,5.070020874023437,845.0034790039062
588,70187,98.34811547433613,4.852626708984375,808.7711181640625
589,70307,100.7448568950432,4.950099975585937,825.0166625976562
590,70427,94.1921591778317,4.659397705078125,776.5662841796875
591,70547,94.05819051195175,4.654899169921875,775.8165283203125
592,70667,93.7793279630451,4.6405576171875,773.42626953125
593,70787,104.01830434129079,5.111302368164062,851.8837280273438
594,70907,97.54580335212498,4.816312133789062,802.7186889648438
595,71027,100.91638155061246,4.960822265625,826.8037109375
596,71147,97.95093813820884,4.829942138671875,804.9903564453125
597,71267,99.22162952778741,4.894837646484375,815.8062744140625
598,71387,90.88486151134597,4.510614624023438,751.7691040039062
599,71507,95.51135067123066,4.721756469726563,786.9594116210938
600,71627,100.2494064081015,4.936605834960938,822.7676391601562
601,71747,94.67272563557766,4.680567993164063,780.0946655273438
602,71867,97.93293600208166,4.8262529296875,804.37548828125
603,71987,101.4363047374515,4.996001953125,832.6669921875
604,72107,97.16783693393519,4.798821533203125,799.8035888671875
605,72227,96.0594123540769,4.746392944335938,791.0654907226562
606,72347,102.10919692423612,5.02206884765625,837.011474609375
607,72467,96.41384369125863,4.755323364257812,792.5538940429688
608,72587,93.31484144060038,4.62040283203125,770.067138671875
609,72707,94.00715430276742,4.6580185546875,776.33642578125
610,72827,96.66301037821502,4.77470654296875,795.784423828125
611,72947,98.42553162360718,4.851554077148437,808.5923461914062
612,73067,103.10020112470906,5.062034912109375,843.6724853515625
613,73187,99.85001899741358,4.921139282226562,820.1898803710938
614,73307,102.31348784275998,5.026424194335937,837.7373657226562
615,73427,101.69752126120099,5.005552368164063,834.2587280273438
616,73547,96.5030764878598,4.762925170898438,793.8208618164062
617,73667,93.5935714886557,4.639195678710937,773.1992797851562
618,73787,92.06298823523058,4.566971557617188,761.1619262695312
619,73907,99.05590345793962,4.87951611328125,813.252685546875
620,74027,98.02260250893616,4.83104736328125,805.174560546875
621,74147,96.21429455692305,4.751784301757812,791.9640502929688
622,74267,96.45134973815985,4.761602416992187,793.6004028320312
623,74387,98.56545161673844,4.854736083984375,809.1226806640625
624,74507,92.35917410841871,4.57836328125,763.060546875
625,74627,99.08911450029944,4.88250146484375,813.750244140625
626,74747,96.92726686339282,4.794267333984375,799.0445556640625
627,74867,101.28094625603863,4.985265014648437,830.8775024414062
628,74987,102.90713772945494,5.05728662109375,842.881103515625
629,75107,99.06717298225311,4.886783569335938,814.4639282226562
630,75227,92.99105638849042,4.602186401367187,767.0310668945312
631,75347,101.92352350134736,5.01067529296875,835.112548828125
632,75467,93.54839674021709,4.633196411132812,772.1994018554688
633,75587,95.20788819141993,4.707555541992187,784.5925903320312
634,75707,97.84828993197247,4.82430908203125,804.051513671875
635,75827,96.4921828145062,4.768700317382812,794.7833862304688
636,75947,91.98739775025425,4.5583912353515625,759.7318725585938
637,76067,93.76673476618829,4.631083740234375,771.8472900390625
638,76187,106.65543659563922,5.226139892578125,871.0233154296875
639,76307,94.80230510770578,4.6950849609375,782.51416015625
640,76427,97.62921721353426,4.81344580078125,802.240966796875
641,76547,95.34870599410695,4.71692431640625,786.154052734375
642,76667,105.42478932029738,5.1587490234375,859.79150390625
643,76787,96.95336503963397,4.783833618164063,797.3056030273438
644,76907,102.82294488527444,5.0512998046875,841.88330078125
645,77027,92.80556550206472,4.596576416015625,766.0960693359375
646,77147,94.16518708754566,4.659832763671875,776.6387939453125
647,77267,98.2557108977093,4.848702758789062,808.1171264648438
648,77387,95.18843804852754,4.707040649414062,784.5067749023438
649,77507,102.77812428070172,5.049607177734375,841.6011962890625
650,77627,101.97369925889329,5.017613891601562,836.2689819335938
651,77747,85.30038258641055,4.261013305664062,710.1688842773438
652,77867,96.75250068072754,4.776885864257813,796.1476440429688
653,77987,94.19344716983312,4.673464599609375,778.9107666015625
654,78107,98.41799113415296,4.860485961914063,810.0809936523438
655,78227,100.37374527639054,4.936974609375,822.8291015625
656,78347,98.63363096915145,4.861171875,810.1953125
657,78467,102.03156091400056,5.021325805664063,836.8876342773438
658,78587,101.20163357291243,4.985736694335937,830.9561157226562
659,78707,99.23692976640658,4.888245483398437,814.7075805664062
660,78827,97.17926288780484,4.799244140625,799.8740234375
661,78947,100.2846329261466,4.937620239257813,822.9367065429688
662,79067,106.15046585364101,5.210498291015625,868.4163818359375
663,79187,100.82612459455062,4.960734375,826.7890625
664,79307,101.8696365862254,5.01973681640625,836.622802734375
665,79427,103.9913301997228,5.105614379882812,850.9357299804688
666,79547,102.93671310166407,5.056958129882813,842.8263549804688
667,79667,97.38734603613068,4.80993603515625,801.656005859375
668,79787,102.41430002016068,5.0328544921875,838.80908203125
669,79907,90.35666713985194,4.495614624023437,749.2691040039062
670,80027,97.45866682394696,4.812188232421875,802.0313720703125
671,80147,98.84222343526935,4.868454345703125,811.4090576171875
672,80267,94.31673830470095,4.661451416015625,776.9085693359375
673,80387,93.9153217379215,4.648606567382813,774.7677612304688
674,80507,103.03520253835524,5.059320556640625,843.2200927734375
675,80627,97.15226890800628,4.79461376953125,799.102294921875
676,80747,98.20697094936057,4.84477880859375,807.463134765625
677,80867,95.41316160261032,4.715082275390625,785.8470458984375
678,80987,105.45932949425601,5.173724853515625,862.2874755859375
679,81107,103.35460973612408,5.06787890625,844.646484375
680,81227,103.88027468400047,5.103238037109375,850.5396728515625
681,81347,102.30211806350125,5.02194580078125,836.990966796875
682,81467,103.30829828801464,5.079479736328125,846.5799560546875
683,81587,101.49983584057522,4.990292724609375,831.7154541015625
684,81707,102.64837225615665,5.047057983398438,841.1763305664062
685,81827,99.31104883094116,4.89668994140625,816.114990234375
686,81947,97.66091310841878,4.821591430664062,803.5985717773438
687,82067,97.86282951686084,4.83273486328125,805.455810546875
688,82187,103.2855622885089,5.0629716796875,843.82861328125
689,82307,100.23346488950364,4.937849487304687,822.9749145507812
690,82427,102.36426332995214,5.030536376953125,838.4227294921875
691,82547,101.87133309036841,5.01052734375,835.087890625
692,82667,96.56128818175482,4.767615600585938,794.6026000976562
693,82787,97.22005413017948,4.803874145507812,800.6456909179688
694,82907,103.5147153778992,5.083238159179688,847.2063598632812
695,83027,105.21310129164058,5.165742919921875,860.9571533203125
696,83147,101.8510127012641,5.006586547851563,834.4310913085938
697,83267,94.31872261546638,4.666605102539062,777.7675170898438
698,83387,97.57997020904179,4.821018676757813,803.5031127929688
699,83507,100.92817173597177,4.970949096679687,828.4915161132812
700,83627,95.04421328225968,4.700995971679688,783.4993286132812
701,83747,97.25648336899344,4.800568725585937,800.0947875976562
702,83867,100.89581763631102,4.968195190429688,828.0325317382812
703,83987,94.93031655860213,4.69456201171875,782.427001953125
704,84107,103.11055324991781,5.06309912109375,843.849853515625
705,84227,105.3787799116181,5.175829833984375,862.6383056640625
706,84347,108.7316326839414,5.319529174804687,886.5881958007812
707,84467,100.79108212160688,4.95796875,826.328125
708,84587,98.77682419251835,4.87031689453125,811.719482421875
709,84707,100.56419448899555,4.945673217773438,824.2788696289062
710,84827,108.16967996831555,5.298671997070312,883.1119995117188
711,84947,98.52090389483843,4.867371459960937,811.2285766601562
712,85067,101.31283336786703,4.985218505859375,830.8697509765625
713,85187,96.62349250325867,4.77613916015625,796.023193359375
714,85307,96.11204834291068,4.74771826171875,791.286376953125
715,85427,95.5723228587074,4.724332763671875,787.3887939453125
716,85547,101.04563904863014,4.976949829101563,829.4916381835938
717,85667,103.45017267652719,5.0831319580078125,847.1886596679688
718,85787,104.80844176737057,5.14318505859375,857.197509765625
719,85907,109.17734407641967,5.341369262695313,890.2282104492188
720,86027,99.73821089747167,4.918749755859375,819.7916259765625
721,86147,95.07064153782196,4.708783447265625,784.7972412109375
722,86267,99.57960522924259,4.916277465820312,819.3795776367188
723,86387,96.2826965824288,4.754951293945313,792.4918823242188
724,86507,103.31787947768602,5.079330322265625,846.5550537109375
725,86627,99.12735566568995,4.878751098632812,813.1251831054688
726,86747,105.79797573696175,5.191241455078125,865.2069091796875
727,86867,99.86987884939973,4.919170532226563,819.8617553710938
728,86987,108.23511922574107,5.299902099609375,883.3170166015625
729,87107,100.03430081956586,4.932177612304687,822.0296020507812
730,87227,101.22339800060226,4.972600341796875,828.7667236328125
731,87347,103.90472683568491,5.09851611328125,849.752685546875
732,87467,103.93916109318141,5.1064658203125,851.07763671875
733,87587,102.86930084518411,5.053889282226563,842.3148803710938
734,87707,105.12104601022085,5.158487182617187,859.7478637695312
735,87827,105.73678255402602,5.181536499023437,863.5894165039062
736,87947,100.67903131528385,4.954767700195313,825.7946166992188
737,88067,98.84541228816516,4.880836303710938,813.4727172851562
738,88187,102.38908318252642,5.02654541015625,837.757568359375
739,88307,100.39569613341178,4.943341552734375,823.8902587890625
740,88427,101.50249055248715,4.98872314453125,831.453857421875
741,88547,104.4479590017539,5.134014770507813,855.6691284179688
742,88667,106.86024752391775,5.2300872802734375,871.6812133789062
743,88787,101.94811287390426,5.013765014648437,835.6275024414062
744,88907,93.81373305085128,4.65133740234375,775.222900390625
745,89027,102.63498421723503,5.04159375,840.265625
746,89147,101.47684204778272,4.99233837890625,832.056396484375
747,89267,107.04806371432284,5.24785693359375,874.642822265625
748,89387,113.68328051170313,5.54760498046875,924.600830078125
749,89507,106.6113253104465,5.226540161132813,871.0900268554688
750,89627,101.18098116045077,4.9806280517578125,830.1046752929688
751,89747,107.65473152783997,5.2807060546875,880.11767578125
752,89867,101.95092938050979,5.01812255859375,836.353759765625
753,89987,105.7101762631269,5.1819437255859375,863.6572875976562
754,90107,97.64332762910908,4.81799560546875,802.999267578125
755,90227,100.16322807986313,4.940130615234375,823.3551025390625
756,90347,111.83877893166084,5.468923461914063,911.4872436523438
757,90467,99.29734625151399,4.900254272460938,816.7090454101562
758,90587,104.72291625326334,5.137443237304687,856.2405395507812
759,90707,103.3175213599157,5.072904052734375,845.4840087890625
760,90827,104.36256478802434,5.122807250976562,853.8012084960938
761,90947,99.30135545197149,4.895128051757813,815.8546752929688
762,91067,105.07584672365493,5.157228515625,859.5380859375
763,91187,108.0968388171468,5.295624755859375,882.6041259765625
764,91307,99.9972014238152,4.930110717773437,821.6851196289062
765,91427,94.92875576825726,4.70231982421875,783.719970703125
766,91547,109.97178089371842,5.375164672851563,895.8607788085938
767,91667,105.25588444624917,5.1662548828125,861.04248046875
768,91787,102.34523766166173,5.035374389648437,839.2290649414062
769,91907,104.53043922404126,5.13138720703125,855.231201171875
770,92027,94.73335278448818,4.698436889648438,783.0728149414062
771,92147,99.8949962187038,4.925185180664062,820.8641967773438
772,92267,90.2881102966904,4.4884881591796875,748.0813598632812
773,92387,103.75037521975588,5.089791137695313,848.2985229492188
774,92507,107.54694491493848,5.263201171875,877.2001953125
775,92627,102.13658075639145,5.02798974609375,837.998291015625
776,92747,111.69865318588708,5.463101806640625,910.5169677734375
777,92867,103.76468258670849,5.093973266601562,848.9955444335938
778,92987,101.74091374147243,5.001624755859375,833.6041259765625
779,93107,105.15910649111312,5.163321533203125,860.5535888671875
780,93227,104.64022150303131,5.14419287109375,857.365478515625
781,93347,110.48219977382007,5.403832763671875,900.6387939453125
782,93467,99.02811220728375,4.8916776123046875,815.2796020507812
783,93587,103.29036542683058,5.077458984375,846.2431640625
784,93707,102.11239673548488,5.023948974609375,837.3248291015625
785,93827,111.65074755331976,5.4527611083984375,908.7935180664062
786,93947,105.38165991570861,5.172855102539063,862.1425170898438
787,94067,107.34390377402758,5.261476318359375,876.9127197265625
788,94187,110.11581269530257,5.384930419921875,897.4884033203125
789,94307,103.26428924475701,5.073526245117187,845.5877075195312
790,94427,107.44299518304965,5.260683837890625,876.7806396484375
791,94547,116.23317889597674,5.6556650390625,942.61083984375
792,94667,105.14946797260659,5.1548408203125,859.14013671875
793,94787,110.59372270604965,5.398558227539063,899.7597045898438
794,94907,102.6689378991777,5.046809326171875,841.1348876953125
795,95027,103.87122016133603,5.107521240234375,851.2535400390625
796,95147,107.66644687792939,5.274229614257813,879.0382690429688
797,95267,106.80455090527167,5.227415771484375,871.2359619140625
798,95387,104.90038710810742,5.144999633789062,857.4999389648438
799,95507,109.13718910562419,5.33579296875,889.298828125
800,95627,103.4069283688845,5.080676147460937,846.7793579101562
801,95747,107.16710717234442,5.252593139648438,875.4321899414062
802,95867,98.23996168241075,4.844246704101563,807.3744506835938
803,95987,104.86192635432563,5.143164184570312,857.1940307617188
804,96107,110.2635716947677,5.397431762695312,899.5719604492188
805,96227,100.75346423663035,4.955278930664062,825.8798217773438
806,96347,102.56347211956408,5.043884033203125,840.6473388671875
807,96467,108.96135509382805,5.334824340820313,889.1373901367188
808,96587,109.72161555528915,5.367966796875,894.6611328125
809,96707,108.29384308757409,5.293386840820313,882.2311401367188
810,96827,101.39516174298926,4.989376831054687,831.5628051757812
811,96947,109.39384623549702,5.349136962890625,891.5228271484375
812,97067,108.46503960114256,5.317951171875,886.3251953125
813,97187,111.49185348543742,5.442151611328125,907.0252685546875
814,97307,111.8163195537364,5.462308959960938,910.3848266601562
815,97427,109.82665629809358,5.369947631835937,894.9912719726562
816,97547,103.00392693860219,5.053602905273437,842.2671508789062
817,97667,108.22730774345305,5.298841186523438,883.1401977539062
818,97787,108.31381614425516,5.303055541992188,883.8425903320312
819,97907,110.42821262805788,5.3969443359375,899.49072265625
820,98027,109.0063221149991,5.33279736328125,888.799560546875
821,98147,97.22189263676552,4.801282836914062,800.2138061523438
822,98267,110.87973313585915,5.423795654296875,903.9659423828125
823,98387,108.84802454021042,5.327801513671875,887.9669189453125
824,98507,105.50007754718564,5.175860229492187,862.6433715820312
825,98627,105.4908741986558,5.16645263671875,861.075439453125
826,98747,106.25102569097785,5.205709716796875,867.6182861328125
827,98867,103.59136236943641,5.091283447265625,848.5472412109375
828,98987,112.27390340257898,5.481443115234375,913.5738525390625
829,99107,104.22287371636008,5.119036376953125,853.1727294921875
830,99227,106.31617489659787,5.206033447265625,867.6722412109375
831,99347,98.47664906415596,4.853308959960938,808.8848266601562
832,99467,106.42701534535371,5.216582153320313,869.4303588867188
833,99587,108.10306198394024,5.28730078125,881.216796875
834,99707,103.21408186043959,5.067392578125,844.5654296875
835,99827,104.6919022162513,5.131875,855.3125
836,99947,106.78181249969163,5.2362213134765625,872.7035522460938
837,100067,103.07944225391266,5.063843994140625,843.9739990234375
838,100187,103.59626347863164,5.0838896484375,847.31494140625
839,100307,102.00726912529568,5.020835815429687,836.8059692382812
840,100427,107.89809465968217,5.277570556640625,879.5950927734375
841,100547,104.43285229329541,5.117051513671875,852.8419189453125
842,100667,105.56946167955704,5.17692626953125,862.821044921875
843,100787,110.69409332599636,5.405561645507812,900.9269409179688
844,100907,113.18573746663611,5.5239111328125,920.65185546875
845,101027,109.73048119890755,5.365482055664063,894.2470092773438
846,101147,109.75705485477276,5.362759643554687,893.7932739257812
847,101267,107.28121233709203,5.254351684570312,875.7252807617188
848,101387,108.70069362554788,5.321471557617188,886.9119262695312
849,101507,103.15251436753499,5.065135986328125,844.1893310546875
850,101627,110.72975638608023,5.408705200195312,901.4508666992188
851,101747,103.86020172838873,5.097515258789063,849.5858764648438
852,101867,104.46186375362782,5.1276328125,854.60546875
853,101987,109.52603227372168,5.355988037109375,892.6646728515625
854,102107,111.60009890944116,5.443237060546875,907.2061767578125
855,102227,104.50861731608018,5.121848876953125,853.6414794921875
856,102347,100.46732758275186,4.941447143554687,823.5745239257812
857,102467,107.14547105158039,5.254197509765625,875.6995849609375
858,102587,106.38589403903808,5.204170532226563,867.3617553710938
859,102707,107.73551450767474,5.277772705078125,879.6287841796875
860,102827,106.09462028497344,5.1968712158203125,866.1452026367188
861,102947,109.03319904325396,5.3343076171875,889.05126953125
862,103067,104.0357999735461,5.113590087890625,852.2650146484375
863,103187,107.49480785693731,5.256611938476563,876.1019897460938
864,103307,110.14784318295172,5.385093383789062,897.5155639648438
865,103427,102.21076860246083,5.025319702148438,837.5532836914062
866,103547,104.90108478687678,5.146062744140625,857.6771240234375
867,103667,101.53873745016561,4.999699584960937,833.2832641601562
868,103787,110.26159105148017,5.387167236328125,897.8612060546875
869,103907,101.78118596878238,5.005244384765625,834.2073974609375
870,104027,107.27239330900099,5.244656982421875,874.1094970703125
871,104147,114.08460037389894,5.560118408203125,926.6864013671875
872,104267,105.64098969506051,5.175758056640625,862.6263427734375
873,104387,106.29787022967236,5.206682373046875,867.7803955078125
874,104507,106.34512307540069,5.208076904296875,868.0128173828125
875,104627,112.6464983653877,5.494645385742188,915.7742309570312
876,104747,106.67952067100907,5.221162353515625,870.1937255859375
877,104867,103.26513443445887,5.064380126953125,844.0633544921875
878,104987,107.55772404560538,5.268607177734375,878.1011962890625
879,105107,107.9247293054616,5.277790283203125,879.6317138671875
880,105227,103.92066473379967,5.097713012695312,849.6188354492188
881,105347,112.02149670319321,5.465724609375,910.9541015625
882,105467,110.6154279894389,5.40133447265625,900.222412109375
883,105587,100.35819228640224,4.932129638671875,822.0216064453125
884,105707,108.18285812944784,5.29320556640625,882.200927734375
885,105827,102.22224729219417,5.020396728515625,836.7327880859375
886,105947,110.04707761666327,5.375129516601563,895.8549194335938
887,106067,118.39848015101578,5.751049072265625,958.5081787109375
888,106187,99.96346663883104,4.9236295166015625,820.6049194335938
889,106307,114.5417054186288,5.58082763671875,930.137939453125
890,106427,112.17330335067433,5.471419921875,911.9033203125
891,106547,106.68502805751251,5.218862182617188,869.8103637695312
892,106667,112.64616880541615,5.49068408203125,915.114013671875
893,106787,109.05069723384243,5.3301807861328125,888.3634643554688
894,106907,111.26807544917305,5.432739624023437,905.4566040039062
895,107027,110.30985034452304,5.401997680664063,900.3329467773438
896,107147,111.65666375880762,5.449638427734375,908.2730712890625
897,107267,113.00635322740051,5.512281005859375,918.7135009765625
898,107387,113.49207018092847,5.53327587890625,922.212646484375
899,107507,108.41168766016146,5.30356494140625,883.927490234375
900,107627,111.35348027145714,5.437509521484375,906.2515869140625
901,107747,106.55445799993521,5.215471801757812,869.2453002929688
902,107867,110.11493014463457,5.379004028320312,896.5006713867188
903,107987,114.68028413665336,5.59361279296875,932.268798828125
904,108107,108.35386436541798,5.296893310546875,882.8155517578125
905,108227,107.3219915851489,5.25516650390625,875.861083984375
906,108347,114.05459533612867,5.554837280273437,925.8062133789062
907,108467,112.54035623642191,5.484778564453125,914.1297607421875
908,108587,106.11632896103526,5.193250122070313,865.5416870117188
909,108707,110.1247452157525,5.381482177734375,896.9136962890625
910,108827,109.36137408111274,5.338900634765625,889.8167724609375
911,108947,97.92746543614325,4.829812133789063,804.9686889648438
912,109067,105.61685617845845,5.171477783203125,861.9129638671875
913,109187,112.6670413185996,5.503701782226562,917.2836303710938
914,109307,115.43285333655163,5.619116088867187,936.5193481445312
915,109427,113.21691287156136,5.51866259765625,919.777099609375
916,109547,109.04199421069262,5.335318725585937,889.2197875976562
917,109667,104.30256416472118,5.109656616210938,851.6094360351562
918,109787,108.8156513932459,5.326055053710937,887.6758422851562
919,109907,106.79049859300403,5.222872924804688,870.4788208007812
920,110027,104.54091599986135,5.124138427734375,854.0230712890625
921,110147,110.46072873805848,5.395857421875,899.3095703125
922,110267,110.82961686607793,5.410386840820313,901.7311401367188
923,110387,104.36529918502995,5.117783569335938,852.9639282226562
924,110507,108.61081701929697,5.310520751953125,885.0867919921875
925,110627,111.48500573574026,5.445703491210938,907.6172485351562
926,110747,109.85626902573642,5.367937133789063,894.6561889648438
927,110867,108.21525293270597,5.288407836914063,881.4013061523438
928,110987,115.6166846917429,5.6293531494140625,938.2255249023438
929,111107,104.42310363736388,5.12130908203125,853.551513671875
930,111227,107.6817169787277,5.270446655273438,878.4077758789062
931,111347,112.14354356225178,5.468768920898437,911.4614868164062
932,111467,115.21558148009672,5.612969970703125,935.4949951171875
933,111587,103.78308541048244,5.098787841796875,849.7979736328125
934,111707,113.81720065550927,5.545393798828125,924.2322998046875
935,111827,106.3560720451185,5.207001342773437,867.8335571289062
936,111947,116.61506911830942,5.680762573242188,946.7937622070312
937,112067,104.88543435877361,5.1398232421875,856.63720703125
938,112187,111.94190804832685,5.461824096679687,910.3040161132812
939,112307,114.73432576858201,5.585055541992188,930.8425903320312
940,112427,107.47433037464188,5.257872436523438,876.3120727539062
941,112547,108.56842224984574,5.310544189453125,885.0906982421875
942,112667,106.78074825911125,5.226772705078125,871.1287841796875
943,112787,112.12351334891991,5.4615439453125,910.25732421875
944,112907,118.47441217816373,5.756402709960938,959.4004516601562
945,113027,107.4890563019472,5.25736669921875,876.227783203125
946,113147,111.47772579374025,5.446434448242187,907.7390747070312
947,113267,113.97638303848953,5.554973876953125,925.8289794921875
948,113387,106.39282024567648,5.212647583007812,868.7745971679688
949,113507,108.09679939320031,5.2861142578125,881.01904296875
950,113627,108.78944201536378,5.316224853515625,886.0374755859375
951,113747,107.85796877772546,5.2815703125,880.26171875
952,113867,108.39294365800703,5.298645263671875,883.1075439453125
953,113987,118.57071911442145,5.7583465576171875,959.7244262695312
954,114107,109.76257026859429,5.366547729492187,894.4246215820312
955,114227,107.76620631341639,5.267978759765625,877.9964599609375
956,114347,111.80170174905288,5.449599609375,908.2666015625
957,114467,114.9300110181292,5.598488891601563,933.0814819335938
958,114587,101.33829320425284,4.973897094726563,828.9828491210938
959,114707,118.64294765735711,5.77060693359375,961.767822265625
960,114827,112.5071068810658,5.487500610351563,914.5834350585938
961,114947,109.3218878733777,5.336796020507813,889.4660034179688
962,115067,107.22439612337061,5.240033935546875,873.3389892578125
963,115187,114.56817307108265,5.5776998291015625,929.6166381835938
964,115307,118.11246053473059,5.738904418945313,956.4840698242188
965,115427,111.55588459337972,5.4417659912109375,906.9609985351562
966,115547,110.10320326018308,5.378908081054687,896.4846801757812
967,115667,111.20262635204145,5.42005517578125,903.342529296875
968,115787,111.21706421145731,5.423643310546875,903.9405517578125
969,115907,115.75381046210009,5.630467163085937,938.4111938476562
970,116027,111.57595044970543,5.44503369140625,907.505615234375
971,116147,109.1007665610095,5.3340263671875,889.00439453125
972,116267,112.70780732986591,5.492051147460938,915.3418579101562
973,116387,109.76690964792833,5.35450048828125,892.416748046875
974,116507,116.52486576554267,5.66332763671875,943.887939453125
975,116627,116.33091901449839,5.6589873046875,943.16455078125
976,116747,105.81997584772634,5.184634643554688,864.1057739257812
977,116867,105.79096841841307,5.174086669921875,862.3477783203125
978,116987,117.1571153581544,5.690283325195312,948.3805541992188
979,117107,114.99504170792773,5.597757934570312,932.9596557617188
980,117227,112.9573989453394,5.510971801757813,918.4953002929688
981,117347,108.51797051028582,5.305213989257813,884.2023315429688
982,117467,111.3631747518524,5.426638549804688,904.4397583007812
983,117587,115.01108499023667,5.597809936523437,932.9683227539062
984,117707,114.131330089571,5.5612115478515625,926.8685913085938
985,117827,115.86763170585888,5.63570947265625,939.284912109375
986,117947,112.01849611607332,5.45591162109375,909.318603515625
987,118067,111.26690275461647,5.42569189453125,904.281982421875
988,118187,115.61998090930834,5.624886474609375,937.4810791015625
989,118307,119.97675306780341,5.828862670898437,971.4771118164062
990,118427,115.55418505901552,5.622683349609375,937.1138916015625
991,118547,113.41897905551934,5.533064575195312,922.1774291992188
992,118667,114.03314808370978,5.556236206054687,926.0393676757812
993,118787,117.45428895012549,5.707204467773438,951.2007446289062
994,118907,103.68446844083998,5.084061767578125,847.3436279296875
995,119027,109.45033581733259,5.345967407226563,890.9945678710938
996,119147,112.22766816721455,5.469228881835938,911.5381469726562
997,119267,114.83761117642784,5.594913208007813,932.4855346679688
998,119387,109.50026137819276,5.347224609375,891.2041015625
999,119507,110.52096969135047,5.393882080078125,898.9803466796875
1000,119627,107.81447543297017,5.26499853515625,877.499755859375
1001,119747,107.16833460357685,5.242255737304688,873.7092895507812
1002,119867,116.35081862976429,5.655514526367187,942.5857543945312
1003,119987,112.02483761348736,5.455835815429688,909.3059692382812
1004,120107,109.73980941144745,5.363136108398438,893.8560180664062
1005,120227,111.49347701193511,5.4380830078125,906.34716796875
1006,120347,113.39975196604648,5.523802734375,920.6337890625
1007,120467,115.1583383332486,5.610942993164063,935.1571655273438
1008,120587,110.0789260772389,5.376264770507812,896.0441284179688
1009,120707,108.53079681430688,5.300823852539063,883.4706420898438
1010,120827,111.32110934646543,5.43084228515625,905.140380859375
1011,120947,108.45855901011092,5.2940130615234375,882.3355102539062
1012,121067,108.19068552123305,5.284894409179688,880.8157348632812
1013,121187,118.60802264933591,5.75855126953125,959.758544921875
1014,121307,114.05598889658114,5.549996337890625,924.9993896484375
1015,121427,111.42427352094217,5.4351434326171875,905.8572387695312
1016,121547,111.77435315010797,5.448841918945313,908.1403198242188
1017,121667,110.61625708818735,5.398200805664063,899.7001342773438
1018,121787,109.07480732002507,5.32675048828125,887.791748046875
1019,121907,111.37158076005898,5.433773071289062,905.6288452148438
1020,122027,115.5046007197325,5.620987426757813,936.8312377929688
1021,122147,117.31208596283588,5.7014091796875,950.23486328125
1022,122267,113.31747950633101,5.517524047851563,919.5873413085938
1023,122387,106.7679789095663,5.22134619140625,870.224365234375
1024,122507,114.66245309402105,5.57740576171875,929.567626953125
1025,122627,112.7372570493865,5.4905712890625,915.09521484375
1026,122747,116.34858436165229,5.660943603515625,943.4906005859375
1027,122867,116.10633328952242,5.647201171875,941.2001953125
1028,122987,108.88818224209128,5.310067749023437,885.0112915039062
1029,123107,114.2367128903073,5.561116333007813,926.8527221679688
1030,123227,118.38302644086949,5.747645141601563,957.9408569335938
1031,123347,120.49878803961327,5.848260498046875,974.7100830078125
1032,123467,111.54740722509726,5.441244873046875,906.8741455078125
1033,123587,111.17048568019362,5.419728881835938,903.2881469726562
1034,123707,109.98646562280601,5.373427368164062,895.5712280273438
1035,123827,110.30672686896207,5.381968139648437,896.9946899414062
1036,123947,106.38956237979104,5.2035545654296875,867.2590942382812
1037,124067,114.00837158146479,5.54947265625,924.912109375
1038,124187,112.52582332286259,5.485636596679687,914.2727661132812
1039,124307,117.17572661230096,5.692268920898438,948.7114868164062
1040,124427,116.89515177288449,5.679940795898437,946.6567993164062
1041,124547,122.48548170588295,5.927421020507812,987.9035034179688
1042,124667,109.18880845937012,5.331905639648437,888.6509399414062
1043,124787,109.06029849769979,5.325757690429688,887.6262817382812
1044,124907,113.95232489614591,5.547458862304688,924.5764770507812
1045,125027,115.27201605108336,5.601440185546875,933.5733642578125
1046,125147,109.09972886446712,5.323450561523438,887.2417602539062
1047,125267,111.90537216873281,5.449502563476562,908.2504272460938
1048,125387,111.89991574546258,5.4492864990234375,908.2144165039062
1049,125507,112.60206317150515,5.48832275390625,914.720458984375
1050,125627,111.87261235087851,5.444996337890625,907.4993896484375
1051,125747,109.9786232564968,5.369730102539062,894.9550170898438
1052,125867,114.99515341958275,5.593875366210938,932.3125610351562
1053,125987,112.88516821940618,5.498232421875,916.3720703125
1054,126107,106.21674687117186,5.2004150390625,866.73583984375
1055,126227,115.32141005912476,5.612683959960938,935.4473266601562
1056,126347,113.5027718119808,5.52835107421875,921.391845703125
1057,126467,113.91735634433346,5.54793017578125,924.655029296875
1058,126587,108.15650567938354,5.278677978515625,879.7796630859375
1059,126707,108.99611863825683,5.321401611328125,886.9002685546875
1060,126827,109.68894353935963,5.344242919921875,890.7071533203125
1061,126947,116.52260736831032,5.664019409179687,944.0032348632812
1062,127067,113.29713194838743,5.514954345703125,919.1590576171875
1063,127187,111.43449820972857,5.429899658203125,904.9832763671875
1064,127307,114.63039452941119,5.577020141601563,929.5033569335938
1065,127427,107.4039303696639,5.243830444335938,873.9717407226562
1066,127547,109.80074590956366,5.356592651367188,892.7654418945312
1067,127667,113.1967911292803,5.505569091796875,917.5948486328125
1068,127787,110.59793498995136,5.391473510742188,898.5789184570312
1069,127907,121.03230902782775,5.8698134765625,978.30224609375
1070,128027,113.88184502992937,5.546178955078125,924.3631591796875
1071,128147,113.61455034015353,5.526908569335937,921.1514282226562
1072,128267,116.3096520297988,5.65320703125,942.201171875
1073,128387,116.71234960155284,5.672616943359375,945.4361572265625
1074,128507,119.80971638164519,5.8180869140625,969.68115234375
1075,128627,110.2314022777827,5.37626953125,896.044921875
1076,128747,109.80796781531492,5.358857666015625,893.1429443359375
1077,128867,118.58062032826058,5.760821411132812,960.1369018554688
1078,128987,113.09070720773205,5.503748657226563,917.2914428710938
1079,129107,121.92104293930744,5.912566772460938,985.4277954101562
1080,129227,113.69300434250079,5.531674438476562,921.9457397460938
1081,129347,113.21148224284119,5.51113916015625,918.523193359375
1082,129467,110.55568261337899,5.391963134765625,898.6605224609375
1083,129587,117.01696119262863,5.687281494140625,947.8802490234375
1084,129707,111.28910173411889,5.41969482421875,903.282470703125
1085,129827,113.3453617026334,5.521228271484375,920.2047119140625
1086,129947,110.36950775999088,5.387883544921875,897.9805908203125
1087,130067,113.15958347794235,5.51069091796875,918.448486328125
1088,130187,106.80059725709047,5.215382080078125,869.2303466796875
1089,130307,109.96805009441826,5.361963134765625,893.6605224609375
1090,130427,107.91861241870748,5.269822265625,878.3037109375
1091,130547,110.9742641733966,5.406357788085938,901.0596313476562
1092,130667,111.57467698902558,5.438507446289062,906.4179077148438
1093,130787,113.98192227880459,5.546880615234375,924.4801025390625
1094,130907,116.24923314345897,5.648441528320313,941.4069213867188
1095,131027,113.1954550437299,5.5133382568359375,918.8897094726562
1096,131147,120.45050621553771,5.8451561279296875,974.1926879882812
1097,131267,109.52194744387353,5.3387958984375,889.79931640625
1098,131387,116.31239047649902,5.653736938476563,942.2894897460938
1099,131507,109.755459070778,5.359441772460937,893.2402954101562
1100,131627,115.5692284542736,5.620587890625,936.7646484375
1101,131747,120.44880467412482,5.844334350585937,974.0557250976562
1102,131867,114.16993638917639,5.553378662109375,925.5631103515625
1103,131987,116.61350091777598,5.67186767578125,945.311279296875
1104,132107,111.35791770031663,5.429962280273437,904.9937133789062
1105,132227,118.62301046843118,5.7616556396484375,960.2759399414062
1106,132347,111.50672447230916,5.436264404296875,906.0440673828125
1107,132467,115.6004805457427,5.6201671142578125,936.6945190429688
1108,132587,111.02591011614459,5.410061279296875,901.6768798828125
1109,132707,116.57840330350804,5.667993896484375,944.6656494140625
1110,132827,109.43652302446513,5.34066064453125,890.110107421875
1111,132947,112.49638674383112,5.481328857421875,913.5548095703125
1112,133067,108.99965532384581,5.316959106445313,886.1598510742188
1113,133187,116.87959921967604,5.676264404296875,946.0440673828125
1114,133307,111.05259933864954,5.41427490234375,902.379150390625
1115,133427,113.19561609350423,5.513216674804688,918.8694458007812
1116,133547,118.04303003706033,5.735297607421875,955.8829345703125
1117,133667,116.99061559795496,5.678372680664062,946.3954467773438
1118,133787,115.92581756544882,5.635810546875,939.3017578125
1119,133907,115.10957765245607,5.602603271484375,933.7672119140625
1120,134027,113.26919231393993,5.508522583007813,918.0870971679688
1121,134147,114.98410303914662,5.592123413085938,932.0205688476562
1122,134267,119.48198365660426,5.7977318115234375,966.2886352539062
1123,134387,116.14923196222612,5.6504234619140625,941.7372436523438
1124,134507,117.18716735068062,5.6890341796875,948.17236328125
1125,134627,122.04270852897604,5.90895556640625,984.825927734375
1126,134747,115.33587427470975,5.605695556640625,934.2825927734375
1127,134867,113.6055709222401,5.531933349609375,921.9888916015625
1128,134987,121.91024081965558,5.90930126953125,984.883544921875
1129,135107,111.98428565121289,5.45781591796875,909.635986328125
1130,135227,106.16792646763847,5.18946826171875,864.911376953125
1131,135347,107.11985856494856,5.230936889648437,871.8228149414062
1132,135467,114.31646948736059,5.556221557617188,926.0369262695312
1133,135587,116.71089258584557,5.667977783203125,944.6629638671875
1134,135707,117.89519882415306,5.721025268554688,953.5042114257812
1135,135827,113.22583953123717,5.51079345703125,918.465576171875
1136,135947,113.48221154080022,5.524723388671875,920.7872314453125
1137,136067,110.93316650703699,5.404613525390625,900.7689208984375
1138,136187,109.29173741725643,5.330021484375,888.3369140625
1139,136307,108.40262970166575,5.292451904296875,882.0753173828125
1140,136427,119.12694712753856,5.784981079101563,964.1635131835938
1141,136547,112.61625160558447,5.482621215820313,913.7702026367188
1142,136667,117.35903556194738,5.698806884765625,949.8011474609375
1143,136787,111.98570716950968,5.4529354248046875,908.8225708007812
1144,136907,113.51628584359673,5.524591918945313,920.7653198242188
1145,137027,109.16186299229922,5.326334838867187,887.7224731445312
1146,137147,116.33796225824226,5.657608154296875,942.9346923828125
1147,137267,118.08288908230962,5.735084106445313,955.8473510742188
1148,137387,112.58097724650625,5.47638427734375,912.730712890625
1149,137507,113.85935840113383,5.5363619384765625,922.7269897460938
1150,137627,113.83894947036481,5.541525512695313,923.5875854492188
1151,137747,123.40862096782467,5.972543334960937,995.4238891601562
1152,137867,118.8195623201664,5.76033251953125,960.055419921875
1153,137987,115.52450834877823,5.611825561523437,935.3042602539062
1154,138107,113.07742366147139,5.501505615234375,916.9176025390625
1155,138227,118.6041008961362,5.757286010742187,959.5476684570312
1156,138347,110.7158324070366,5.392614624023437,898.7691040039062
1157,138467,120.18815655724065,5.828466430664062,971.4110717773438
1158,138587,113.33299663214454,5.511658081054687,918.6096801757812
1159,138707,112.80917864925917,5.491905029296875,915.3175048828125
1160,138827,114.15318898866249,5.5510535888671875,925.1755981445312
1161,138947,116.95733692970808,5.682233642578125,947.0389404296875
1162,139067,120.52447631619798,5.8464027099609375,974.4004516601562
1163,139187,110.28000045290172,5.378833740234375,896.4722900390625
1164,139307,119.87077100819954,5.810536376953125,968.4227294921875
1165,139427,115.18559943063691,5.604090087890625,934.0150146484375
1166,139547,116.57738878065365,5.6699893798828125,944.9982299804688
1167,139667,114.74656815113568,5.5869169921875,931.15283203125
1168,139787,120.20290085595354,5.83539697265625,972.566162109375
1169,139907,111.4835986975292,5.432438598632812,905.4064331054688
1170,140027,114.05722102043208,5.549219604492188,924.8699340820312
1171,140147,109.8124808938586,5.355570190429687,892.5950317382812
1172,140267,108.11471131747774,5.275528930664063,879.2548217773438
1173,140387,110.43686460224801,5.385645263671875,897.6075439453125
1174,140507,110.33376428912106,5.380625244140625,896.7708740234375
1175,140627,121.36597805458229,5.88660498046875,981.100830078125
1176,140747,115.74603209066413,5.629217651367187,938.2029418945312
1177,140867,112.56203644962413,5.479024291992188,913.1707153320312
1178,140987,117.92898738371333,5.729043090820313,954.8405151367188
1179,141107,113.80401794075526,5.5391868896484375,923.1978149414062
1180,141227,119.47199678635772,5.796061157226562,966.0101928710938
1181,141347,120.91525363887177,5.863396362304687,977.2327270507812
1182,141467,117.7544474968409,5.715291137695313,952.5485229492188
1183,141587,113.85946989742553,5.54159765625,923.599609375
1184,141707,117.16056010041939,5.691990966796875,948.6651611328125
1185,141827,107.88777018303306,5.263868774414062,877.3114624023438
1186,141947,119.16253685908066,5.787005493164062,964.5009155273438
1187,142067,116.51908061296942,5.6604766845703125,943.4127807617188
1188,142187,108.93234279654483,5.319770874023438,886.6284790039062
1189,142307,113.96664061944335,5.545215087890625,924.2025146484375
1190,142427,111.3359308495727,5.429099853515625,904.8499755859375
1191,142547,118.90953195007589,5.773383911132813,962.2306518554688
1192,142667,115.91797400578432,5.628436889648437,938.0728149414062
1193,142787,119.87062280774565,5.815818969726562,969.3031616210938
1194,142907,114.82237576782725,5.584720458984375,930.7867431640625
1195,143027,107.79915466497425,5.264615112304687,877.4358520507812
1196,143147,116.03134570920331,5.636289916992188,939.3816528320312
1197,143267,113.69087535939728,5.536404052734375,922.7340087890625
1198,143387,118.43884538763929,5.742907104492187,957.1511840820312
1199,143507,112.89895413222288,5.49451171875,915.751953125
1200,143627,101.94556184422012,4.988026977539063,831.3378295898438
1201,143747,113.21987005857738,5.510372680664062,918.3954467773438
1202,143867,117.79048310102641,5.718253784179687,953.0422973632812
1203,143987,116.82190662375623,5.669250366210938,944.8750610351562
1204,144107,114.24321010422817,5.557090942382812,926.1818237304688
1205,144227,110.08178526418803,5.3647353515625,894.12255859375
1206,144347,112.61952553494264,5.48966015625,914.943359375
1207,144467,118.71609979757687,5.756571166992187,959.4285278320312
1208,144587,105.4989825040881,5.154345703125,859.0576171875
1209,144707,111.0334030723218,5.4072802734375,901.21337890625
1210,144827,116.42705970841916,5.65694091796875,942.823486328125
1211,144947,115.22925344241902,5.6034111328125,933.90185546875
1212,145067,116.8338524393123,5.677823364257812,946.3038940429688
1213,145187,117.33614825441529,5.698639892578125,949.7733154296875
1214,145307,121.07715064372653,5.861196166992188,976.8660278320312
1215,145427,110.34788494446667,5.375530883789063,895.9218139648438
1216,145547,111.86935247476039,5.448093383789063,908.0155639648438
1217,145667,112.64270038800447,5.48318994140625,913.864990234375
1218,145787,111.58569263991258,5.43467578125,905.779296875
1219,145907,118.56912820463114,5.754388916015625,959.0648193359375
1220,146027,114.78388734941348,5.585889038085938,930.9815063476562
1221,146147,109.00973377423657,5.320130859375,886.6884765625
1222,146267,121.21792902731323,5.879687622070312,979.9479370117188
1223,146387,118.07144604118753,5.731302978515625,955.2171630859375
1224,146507,109.94887265421636,5.358224853515625,893.0374755859375
1225,146627,112.21694328718993,5.459129150390625,909.8548583984375
1226,146747,111.2306264035536,5.415589965820312,902.5983276367188
1227,146867,114.81907594880866,5.582611450195312,930.4352416992188
1228,146987,118.95989417891016,5.775270263671875,962.5450439453125
1229,147107,113.17897727522488,5.510627197265625,918.4378662109375
1230,147227,117.97444637288739,5.731554565429687,955.2590942382812
1231,147347,115.19244456731526,5.60115234375,933.525390625
1232,147467,115.54756671859444,5.6119541015625,935.32568359375
1233,147587,115.74921397276321,5.631835693359375,938.6392822265625
1234,147707,116.8163588978381,5.673752197265625,945.6253662109375
1235,147827,120.41414389640838,5.834805908203125,972.4676513671875
1236,147947,108.03746325742313,5.2733653564453125,878.8942260742188
1237,148067,112.20900576940682,5.462664916992187,910.4441528320312
1238,148187,115.62719019008091,5.617655639648437,936.2759399414062
1239,148307,110.48110989897143,5.3865333251953125,897.7555541992188
1240,148427,117.67116251724428,5.709837890625,951.6396484375
1241,148547,113.64206340163763,5.526581176757812,921.0968627929688
1242,148667,118.50603242890494,5.748804931640625,958.1341552734375
1243,148787,117.2171790725219,5.686269287109375,947.7115478515625
1244,148907,111.78913275061137,5.440512817382812,906.7521362304688
1245,149027,115.37012596751634,5.603615112304688,933.9358520507812
1246,149147,118.04455720682532,5.730240966796875,955.0401611328125
1247,149267,121.48011626221758,5.889949951171875,981.6583251953125
1248,149387,112.51360507462728,5.47573828125,912.623046875
1249,149507,108.81934315724666,5.308367431640625,884.7279052734375
1250,149627,114.52451493401,5.565864990234375,927.6441650390625
1251,149747,121.70087378763475,5.89916015625,983.193359375
1252,149867,116.44693950025355,5.662975708007813,943.8292846679688
1253,149987,113.54074340205676,5.5216728515625,920.27880859375
1254,150107,122.89465134643868,5.952050903320313,992.0084838867188
1255,150227,113.70372663842764,5.533471801757813,922.2453002929688
1256,150347,106.82836201598522,5.220574951171875,870.0958251953125
1257,150467,112.13644282436137,5.46553125,910.921875
1258,150587,120.49711875592179,5.8459844970703125,974.3307495117188
1259,150707,122.04627352802125,5.90942431640625,984.904052734375
1260,150827,122.28773926520114,5.922159301757812,987.0265502929688
1261,150947,114.37926937389562,5.558863403320313,926.4772338867188
1262,151067,113.98175610971796,5.549971069335937,924.9951782226562
1263,151187,119.79666389234347,5.808225952148438,968.0376586914062
1264,151307,126.3496108984916,6.116177124023437,1019.3628540039062
1265,151427,120.86919169900214,5.867032470703125,977.8387451171875
1266,151547,112.20388032488816,5.464739501953125,910.7899169921875
1267,151667,110.165399175723,5.363760498046875,893.9600830078125
1268,151787,119.34437285558445,5.791569580078125,965.2615966796875
1269,151907,113.22658289836345,5.51182470703125,918.637451171875
1270,152027,116.52085520577084,5.652377563476563,942.0629272460938
1271,152147,116.81613476051879,5.67370458984375,945.617431640625
1272,152267,114.08145990714893,5.547774169921875,924.6290283203125
1273,152387,119.60161027337085,5.800114013671875,966.6856689453125
1274,152507,116.64220532450894,5.665172973632813,944.1954956054688
1275,152627,115.96205669762894,5.6335224609375,938.92041015625
1276,152747,111.89545805861832,5.449581665039062,908.2636108398438
1277,152867,116.23742064883729,5.643404296875,940.5673828125
1278,152987,110.149191381937,5.367565795898438,894.5942993164062
1279,153107,120.41430925850317,5.838175415039062,973.0292358398438
1280,153227,120.3957055082848,5.838016479492188,973.0027465820312
1281,153347,114.86670550725775,5.5923515625,932.05859375
1282,153467,114.15185233033938,5.555976928710938,925.9961547851562
1283,153587,109.24219509432879,5.327334594726563,887.8890991210938
1284,153707,118.2682349928962,5.7404970703125,956.74951171875
1285,153827,118.83367525730377,5.767645751953125,961.2742919921875
1286,153947,120.31799868358905,5.837010864257812,972.8351440429688
1287,154067,112.93145275872345,5.500072631835938,916.6787719726562
1288,154187,125.07033120404554,6.048669799804688,1008.1116333007812
1289,154307,115.00687811533032,5.5896844482421875,931.6140747070312
1290,154427,116.48620706750549,5.663285888671875,943.8809814453125
1291,154547,115.34044623369113,5.603824584960938,933.9707641601562
1292,154667,120.23582470169463,5.833392333984375,972.2320556640625
1293,154787,115.81593786330137,5.6306953125,938.44921875
1294,154907,110.70716281204705,5.394141723632813,899.0236206054688
1295,155027,122.0416439895223,5.9157864990234375,985.9644165039062
1296,155147,122.12837123106726,5.91857373046875,986.428955078125
1297,155267,115.45510002353049,5.617932495117188,936.3220825195312
1298,155387,115.04725486627383,5.59178759765625,931.964599609375
1299,155507,119.29779907221914,5.7874515380859375,964.5752563476562
1300,155627,104.79172485425886,5.123176391601563,853.8627319335938
1301,155747,107.36910609262092,5.238971557617187,873.1619262695312
1302,155867,116.84249001535461,5.674253173828125,945.7088623046875
1303,155987,123.25860980222436,5.964680786132813,994.1134643554688
1304,156107,120.90533012824014,5.860160522460937,976.6934204101562
1305,156227,118.65816506368428,5.756029174804688,959.3381958007812
1306,156347,116.13867768009126,5.645315185546875,940.8858642578125
1307,156467,109.8734700411816,5.358260375976562,893.0433959960938
1308,156587,118.45468903583605,5.747015258789062,957.8358764648438
1309,156707,115.08633626928793,5.594740356445312,932.4567260742188
1310,156827,117.13592294974012,5.6877509765625,947.95849609375
1311,156947,118.84607629713238,5.768645141601563,961.4408569335938
1312,157067,116.549454651124,5.656956665039062,942.8261108398438
1313,157187,117.25191840050323,5.69270947265625,948.784912109375
1314,157307,111.56509282016334,5.427870483398437,904.6450805664062
1315,157427,118.97782661820281,5.7753603515625,962.56005859375
1316,157547,115.80347967244292,5.620780883789062,936.7968139648438
1317,157667,114.01171646562146,5.543867065429687,923.9778442382812
1318,157787,115.69155086349636,5.619572021484375,936.5953369140625
1319,157907,113.65260838466364,5.526737915039062,921.1229858398438
1320,158027,116.8972452574982,5.676161865234375,946.0269775390625
1321,158147,111.82730021332932,5.443399658203125,907.2332763671875
1322,158267,119.63997230620701,5.801369018554688,966.8948364257812
1323,158387,119.762394631377,5.810739990234375,968.4566650390625
1324,158507,125.45164362919292,6.065747680664063,1010.9579467773438
1325,158627,111.4385735511635,5.426789428710937,904.4649047851562
1326,158747,119.50967433069285,5.797887817382812,966.3146362304688
1327,158867,105.41038679005702,5.151802734375,858.6337890625
1328,158987,119.24496909666536,5.779548706054688,963.2581176757812
1329,159107,123.40783289473386,5.9735174560546875,995.5862426757812
1330,159227,120.92331525798903,5.861095825195313,976.8493041992188
1331,159347,119.17247056010919,5.782447265625,963.7412109375
1332,159467,118.3952039269334,5.746003051757812,957.6671752929688
1333,159587,120.77565563828756,5.854916748046875,975.8194580078125
1334,159707,121.26492219533871,5.876481811523438,979.4136352539062
1335,159827,117.29635227851833,5.6924022216796875,948.7337036132812
1336,159947,120.88049554740066,5.861778442382812,976.9630737304688
1337,160067,114.15568071811569,5.553059692382813,925.5099487304688
1338,160187,124.23209460048894,6.010898803710938,1001.8164672851562
1339,160307,127.11827503322213,6.14514990234375,1024.191650390625
1340,160427,116.18495915802038,5.647576904296875,941.2628173828125
1341,160547,112.74779861320559,5.484236206054687,914.0393676757812
1342,160667,113.65391803366461,5.527307006835938,921.2178344726562
1343,160787,117.05981077002448,5.682696533203125,947.1160888671875
1344,160907,122.52491039354108,5.933448852539063,988.9081420898438
1345,161027,115.98309744107722,5.633980224609375,938.9967041015625
1346,161147,117.70322856916495,5.7060849609375,951.01416015625
1347,161267,111.62184311100411,5.434705078125,905.7841796875
1348,161387,114.64039322454687,5.576355102539062,929.3925170898438
1349,161507,116.79130773437248,5.672152221679688,945.3587036132812
1350,161627,116.30505536295064,5.6478486328125,941.30810546875
1351,161747,120.04844827541147,5.821046630859375,970.1744384765625
1352,161867,113.41262062297717,5.519631225585938,919.9385375976562
1353,161987,120.95047721357389,5.86218310546875,977.030517578125
1354,162107,119.1319303785413,5.773058715820312,962.1764526367188
1355,162227,123.87434890778313,5.995447631835938,999.2412719726562
1356,162347,116.36402523386114,5.648870361328125,941.4783935546875
1357,162467,114.15826988555291,5.551115478515625,925.1859130859375
1358,162587,122.434750279612,5.931027465820312,988.5045776367188
1359,162707,121.83063033021294,5.905353149414062,984.2255249023438
1360,162827,113.83152982046774,5.538162963867188,923.0271606445312
1361,162947,116.20955190052129,5.642187744140625,940.3646240234375
1362,163067,119.91314837248581,5.810262084960938,968.3770141601562
1363,163187,117.7406415161905,5.720739990234375,953.4566650390625
1364,163307,118.51638284496002,5.751744506835937,958.6240844726562
1365,163427,125.85282360260962,6.086596801757812,1014.4328002929688
1366,163547,116.48429860787058,5.656853393554687,942.8088989257812
1367,163667,117.97882286474005,5.72292041015625,953.820068359375
1368,163787,118.03094394505877,5.726601196289063,954.4335327148438
1369,163907,122.20842143045395,5.91811669921875,986.352783203125
1370,164027,121.32752412237421,5.877647094726562,979.6078491210938
1371,164147,118.39858142727455,5.747828247070313,957.9713745117188
1372,164267,120.46881038087066,5.834958251953125,972.4930419921875
1373,164387,124.7733858769099,6.0389853515625,1006.49755859375
1374,164507,115.60796685463262,5.6160823974609375,936.0137329101562
1375,164627,125.01193972698319,6.0436318359375,1007.27197265625
1376,164747,118.98822373723127,5.769110229492187,961.5183715820312
1377,164867,120.2660067080748,5.827610595703125,971.2684326171875
1378,164987,123.2772099595874,5.961550415039063,993.5917358398438
1379,165107,109.28920949427138,5.326503662109375,887.7506103515625
1380,165227,111.82028252650395,5.44442578125,907.404296875
1381,165347,118.153553147908,5.739005493164062,956.5009155273438
1382,165467,120.13310673383006,5.819899291992187,969.9832153320312
1383,165587,115.75222451117276,5.62598291015625,937.663818359375
1384,165707,122.81063039862602,5.946734619140625,991.1224365234375
1385,165827,110.6162061129893,5.384680297851562,897.4467163085938
1386,165947,116.87998496445664,5.673995361328125,945.6658935546875
1387,166067,122.57066278539024,5.9404229736328125,990.0704956054688
1388,166187,119.83086768360289,5.80951318359375,968.252197265625
1389,166307,116.44501019334125,5.6573031005859375,942.8838500976562
1390,166427,120.26035461306611,5.829275756835938,971.5459594726562
1391,166547,116.68022688907922,5.66532568359375,944.220947265625
1392,166667,114.58681581796696,5.568493286132813,928.0822143554688
1393,166787,119.52502850480657,5.795723876953125,965.9539794921875
1394,166907,111.76365013645304,5.443530395507812,907.2550659179688
1395,167027,114.82661951302,5.575453125,929.2421875
1396,167147,115.4865941654422,5.6115205078125,935.25341796875
1397,167267,119.04100340837913,5.776349487304688,962.7249145507812
1398,167387,123.6281836455137,5.986258666992187,997.7097778320312
1399,167507,123.88423075683721,5.98951611328125,998.252685546875
1400,167627,118.53177935931066,5.745294067382813,957.5490112304688
1401,167747,115.13001530730114,5.5961923828125,932.69873046875
1402,167867,124.85612747639418,6.0439130859375,1007.31884765625
1403,167987,122.91449458628537,5.958252685546875,993.0421142578125
1404,168107,120.07595900137879,5.821052490234375,970.1754150390625
1405,168227,119.58880217379574,5.799609741210937,966.6016235351562
1406,168347,125.95981506801796,6.091440307617187,1015.2400512695312
1407,168467,112.6108530635711,5.47476708984375,912.461181640625
1408,168587,114.7422786099641,5.5758720703125,929.31201171875
1409,168707,119.2031539813528,5.78243115234375,963.738525390625
1410,168827,121.49267765453574,5.889245727539063,981.5409545898438
1411,168947,116.1685754534636,5.6468203125,941.13671875
1412,169067,118.83127550748799,5.760497314453125,960.0828857421875
1413,169187,116.86079656679165,5.67495263671875,945.825439453125
1414,169307,117.05589848732673,5.686490112304687,947.7483520507812
1415,169427,111.59393496534838,5.434331176757812,905.7218627929688
1416,169547,117.32455346441817,5.695894775390625,949.3157958984375
1417,169667,113.99280722754587,5.54722265625,924.537109375
1418,169787,119.66254485275306,5.801004272460937,966.8340454101562
1419,169907,122.34813687126629,5.9254013671875,987.56689453125
1420,170027,118.13824311083962,5.73429638671875,955.716064453125
1421,170147,122.41234740655193,5.932221313476562,988.7035522460938
1422,170267,116.33366107669104,5.656790771484375,942.7984619140625
1423,170387,119.73804751719732,5.808394409179687,968.0657348632812
1424,170507,116.52068463000485,5.662982666015625,943.8304443359375
1425,170627,109.91775661921173,5.351410766601562,891.9017944335938
1426,170747,121.79192728990651,5.90574462890625,984.290771484375
1427,170867,113.47046182856275,5.520329223632812,920.0548706054688
1428,170987,118.6588024026353,5.758867309570313,959.8112182617188
1429,171107,118.0962375107463,5.7338236083984375,955.6372680664062
1430,171227,117.6164446093486,5.711046752929687,951.8411254882812
1431,171347,122.0680077417795,5.913296630859375,985.5494384765625
1432,171467,117.73034432305256,5.72184521484375,953.640869140625
1433,171587,119.91366699575235,5.818711303710938,969.7852172851562
1434,171707,111.92765821401981,5.452795532226562,908.7992553710938
1435,171827,123.9953972792847,5.999243408203125,999.8739013671875
1436,171947,123.32946661567347,5.970661010742187,995.1101684570312
1437,172067,120.27792594777017,5.831401977539063,971.9003295898438
1438,172187,119.51951374018809,5.793674194335938,965.6123657226562
1439,172307,122.93911384313213,5.951275634765625,991.8792724609375
1440,172427,117.99509502389456,5.724216064453125,954.0360107421875
1441,172547,119.22740290196732,5.781031494140625,963.5052490234375
1442,172667,116.57779681088871,5.662528198242187,943.7546997070312
1443,172787,114.78951415726458,5.582353271484375,930.3922119140625
1444,172907,117.72062060268968,5.716530029296875,952.7550048828125
1445,173027,115.2561062830768,5.6002529296875,933.37548828125
1446,173147,118.53988155982249,5.7492568359375,958.20947265625
1447,173267,111.0216721884104,5.4045966796875,900.76611328125
1448,173387,125.31447726524111,6.0667093505859375,1011.1182250976562
1449,173507,115.98490183613681,5.6351748046875,939.19580078125
1450,173627,113.23961666270054,5.506673217773438,917.7788696289062
1451,173747,121.03664225261181,5.870075317382812,978.3458862304688
1452,173867,116.4481401873168,5.654301635742187,942.3836059570312
1453,173987,116.42541551079327,5.65474658203125,942.457763671875
1454,174107,118.2953347421912,5.737764404296875,956.2940673828125
1455,174227,116.6387884741236,5.666141967773438,944.3569946289062
1456,174347,122.83032815837208,5.9490728759765625,991.5121459960938
1457,174467,105.22911069865049,5.141801879882813,856.9669799804688
1458,174587,122.5605724979836,5.935358276367188,989.2263793945312
1459,174707,118.57462873583825,5.750584716796875,958.4307861328125
1460,174827,114.69282295335542,5.576201293945313,929.3668823242188
1461,174947,119.61331921408461,5.801015991210938,966.8359985351562
1462,175067,123.30346005970806,5.966970703125,994.4951171875
1463,175187,111.95182733753245,5.454184204101563,909.0307006835938
1464,175307,115.2597959320506,5.600444091796875,933.4073486328125
1465,175427,117.77277478301265,5.716093872070313,952.6823120117188
1466,175547,120.41383718254141,5.839212158203125,973.2020263671875
1467,175667,119.0882058953177,5.7760902099609375,962.6817016601562
1468,175787,116.46592571044798,5.655662109375,942.6103515625
1469,175907,114.05701843883061,5.54902294921875,924.837158203125
1470,176027,119.94622114064994,5.814154174804687,969.0256958007812
1471,176147,116.61103666467933,5.660384399414062,943.3973999023438
1472,176267,119.7205436056633,5.805907836914063,967.6513061523438
1473,176387,122.17050439200526,5.9167236328125,986.12060546875
1474,176507,124.04719119575657,5.9978232421875,999.63720703125
1475,176627,122.14314666753961,5.916758056640625,986.1263427734375
1476,176747,114.65200875091466,5.571837890625,928.6396484375
1477,176867,118.83936139944163,5.76230712890625,960.384521484375
1478,176987,113.95354077964149,5.537559814453125,922.9266357421875
1479,177107,118.0051952012147,5.723704467773437,953.9507446289062
1480,177227,118.88973244699916,5.764712768554688,960.7854614257812
1481,177347,114.08270827557294,5.546819458007812,924.4699096679688
1482,177467,115.88573337909675,5.622915893554688,937.1526489257812
1483,177587,118.34622417598575,5.742417846679688,957.0696411132812
1484,177707,110.46395537744922,5.382015380859375,897.0025634765625
1485,177827,122.99734911910936,5.954852416992187,992.4754028320312
1486,177947,113.4672240778535,5.516480712890625,919.4134521484375
1487,178067,116.77075840989141,5.6709404296875,945.15673828125
1488,178187,121.24317286283609,5.873799682617188,978.9666137695312
1489,178307,120.80155291981414,5.85291650390625,975.486083984375
1490,178427,126.65786451268092,6.117658447265625,1019.6097412109375
1491,178547,122.92563205183471,5.950382446289063,991.7304077148438
1492,178667,119.13634940117956,5.772279418945312,962.0465698242188
1493,178787,117.5976596530055,5.701897338867187,950.3162231445312
1494,178907,116.37617289922485,5.649268798828125,941.5447998046875
1495,179027,119.05167681362519,5.771776245117188,961.9627075195312
1496,179147,129.9772026312714,6.269984619140625,1044.9974365234375
1497,179267,119.92303023888547,5.8172197265625,969.53662109375
1498,179387,121.29026482599107,5.877244995117188,979.5408325195312
1499,179507,118.37613149836726,5.74137890625,956.896484375
1500,179627,114.08116353938237,5.548079956054687,924.6799926757812
1501,179747,112.51140613623448,5.471413330078125,911.9022216796875
1502,179867,115.72640180089672,5.626512451171875,937.7520751953125
1503,179987,115.59753325044282,5.619175415039063,936.5292358398438
1504,180107,121.92867109979163,5.906578491210937,984.4297485351562
1505,180227,124.01433261715925,6.000163330078125,1000.0272216796875
1506,180347,117.8703963437546,5.722910888671875,953.8184814453125
1507,180467,119.55275093702615,5.79758935546875,966.264892578125
1508,180587,117.49388724468959,5.696995239257813,949.4992065429688
1509,180707,112.54317349168514,5.47470703125,912.451171875
1510,180827,116.5795251030739,5.659984497070313,943.3307495117188
1511,180947,120.26945616169297,5.828538208007813,971.4230346679688
1512,181067,114.35420048158666,5.556848876953125,926.1414794921875
1513,181187,115.63054273449423,5.616552978515625,936.0921630859375
1514,181307,125.89702389569563,6.083845092773437,1013.9741821289062
1515,181427,122.62851809584345,5.940462890625,990.0771484375
1516,181547,120.67269217145073,5.84698828125,974.498046875
1517,181667,119.89571918109378,5.810759399414063,968.4598999023438
1518,181787,114.5323934725106,5.5665556640625,927.75927734375
1519,181907,122.05657017202539,5.907790649414062,984.6317749023438
1520,182027,120.00774416174974,5.81711572265625,969.519287109375
1521,182147,124.29666759020395,6.015506469726563,1002.5844116210938
1522,182267,117.17817740843952,5.69193896484375,948.656494140625
1523,182387,116.68884876793601,5.664394409179687,944.0657348632812
1524,182507,112.6541238623368,5.47856982421875,913.094970703125
1525,182627,122.59499696867081,5.930373779296875,988.3956298828125
1526,182747,118.42938370027414,5.746978271484375,957.8297119140625
1527,182867,115.61314746775017,5.610762084960937,935.1270141601562
1528,182987,119.46389899031175,5.785986328125,964.3310546875
1529,183107,114.27366205898056,5.549893798828125,924.9822998046875
1530,183227,110.50434919919216,5.376337280273438,896.0562133789062
1531,183347,113.16394318726982,5.5057353515625,917.62255859375
1532,183467,114.34890630766543,5.556277221679688,926.0462036132812
1533,183587,120.06482401784581,5.81659130859375,969.431884765625
1534,183707,119.05254927859377,5.768360595703125,961.3934326171875
1535,183827,112.87390918244863,5.488840942382812,914.8068237304688
1536,183947,119.25202144661833,5.7810263671875,963.50439453125
1537,184067,119.8699581036828,5.80951318359375,968.252197265625
1538,184187,117.14757656091929,5.686167114257812,947.6945190429688
1539,184307,120.72180558220728,5.843474853515625,973.9124755859375
1540,184427,120.40105581293506,5.833530029296875,972.2550048828125
1541,184547,119.87874584353133,5.807832641601562,967.9721069335938
1542,184667,114.470572721931,5.561010498046875,926.8350830078125
1543,184787,118.93358095300674,5.761689331054687,960.2815551757812
1544,184907,115.94723438651737,5.6292568359375,938.20947265625
1545,185027,115.47135070724063,5.6089932861328125,934.8322143554688
1546,185147,117.59554241936485,5.7018134765625,950.30224609375
1547,185267,122.21945137972594,5.914042602539062,985.6737670898438
1548,185387,123.97680018540959,5.993682861328125,998.9471435546875
1549,185507,114.60639985439136,5.567641479492187,927.9402465820312
1550,185627,121.2451003402808,5.873139404296875,978.8565673828125
1551,185747,117.73014256724517,5.709246826171875,951.5411376953125
1552,185867,120.02241732984884,5.8161650390625,969.36083984375
1553,185987,118.95035181495902,5.763895385742187,960.6492309570312
1554,186107,120.11674004291174,5.817599853515625,969.5999755859375
1555,186227,120.08801065495321,5.8206650390625,970.11083984375
1556,186347,117.24034046125914,5.687679565429687,947.9465942382812
1557,186467,122.4023235547325,5.921431640625,986.9052734375
1558,186587,118.55879381109916,5.746013671875,957.6689453125
1559,186707,120.68605430123564,5.842552368164062,973.7587280273438
1560,186827,123.69302555566489,5.983640625,997.2734375
1561,186947,120.8487417470858,5.848386108398437,974.7310180664062
1562,187067,116.84794788029386,5.668126098632812,944.6876831054688
1563,187187,119.01220592230628,5.765725341796875,960.9542236328125
1564,187307,122.56929356439697,5.929904663085938,988.3174438476562
1565,187427,127.06708666847437,6.140185913085937,1023.3643188476562
1566,187547,122.02747548245847,5.907253784179687,984.5422973632812
1567,187667,122.90608627088163,5.948031005859375,991.3385009765625
1568,187787,113.75483695020334,5.52868798828125,921.447998046875
1569,187907,119.28121046748261,5.778980712890625,963.1634521484375
1570,188027,113.10402452172382,5.503759643554687,917.2932739257812
1571,188147,127.69621557112576,6.165521484375,1027.5869140625
1572,188267,117.24140287530601,5.685966430664062,947.6610717773438
1573,188387,124.00755991930905,5.996946899414063,999.4911499023438
1574,188507,121.15859013264546,5.8656287841796875,977.6047973632812
1575,188627,112.2119005081381,5.454153076171875,909.0255126953125
1576,188747,123.18796045921886,5.9514136962890625,991.9022827148438
1577,188867,111.32875718266583,5.411941040039062,901.9901733398438
1578,188987,124.14631261406275,6.000124877929688,1000.0208129882812
1579,189107,117.86624685036057,5.714923461914062,952.4872436523438
1580,189227,120.67115651036714,5.845400756835938,974.2334594726562
1581,189347,125.5920825717845,6.069412719726563,1011.5687866210938
1582,189467,119.18428375857305,5.769391479492188,961.5652465820312
1583,189587,116.70029919769719,5.667262939453125,944.5438232421875
1584,189707,116.80181287515825,5.660901489257813,943.4835815429688
1585,189827,122.74356295402899,5.935682739257812,989.2804565429688
1586,189947,108.29972841457717,5.272289794921875,878.7149658203125
1587,190067,115.41036543547419,5.598919555664063,933.1532592773438
1588,190187,126.53066381710946,6.11032470703125,1018.387451171875
1589,190307,116.04995767685507,5.630720947265625,938.4534912109375
1590,190427,118.5612505543907,5.739951416015625,956.6585693359375
1591,190547,115.00204087900948,5.585118530273437,930.8530883789062
1592,190667,121.10884926787173,5.862302856445313,977.0504760742188
1593,190787,123.81307497727884,5.984870361328125,997.4783935546875
1594,190907,119.95331205269977,5.813399780273437,968.8999633789062
1595,191027,119.63733878573832,5.794741333007813,965.7902221679688
1596,191147,124.62215003470472,6.023218139648438,1003.8696899414062
1597,191267,111.71084743718659,5.434012939453125,905.6688232421875
1598,191387,118.51007037807821,5.743308471679687,957.2180786132812
1599,191507,121.79708074407992,5.892558837890625,982.0931396484375
1600,191627,121.39054438054374,5.87645947265625,979.409912109375
1601,191747,115.27926216408096,5.597512939453125,932.9188232421875
1602,191867,120.53861617967168,5.83521826171875,972.536376953125
1603,191987,117.82241219714066,5.715369140625,952.5615234375
1604,192107,118.82536065562293,5.76124072265625,960.206787109375
1605,192227,120.03142051524128,5.811088989257812,968.5148315429688
1606,192347,113.26104588189284,5.506930297851563,917.8217163085938
1607,192467,114.57415423719227,5.56461474609375,927.435791015625
1608,192587,118.52193861467988,5.7441427001953125,957.3571166992188
1609,192707,121.66901864990415,5.893638793945312,982.2731323242188
1610,192827,118.56418560959554,5.74876318359375,958.127197265625
1611,192947,121.63922891521612,5.88655810546875,981.093017578125
1612,193067,121.46752091729341,5.881940551757813,980.3234252929688
1613,193187,121.56260163252212,5.881218017578125,980.2030029296875
1614,193307,123.5979001879882,5.979107299804688,996.5178833007812
1615,193427,123.1132578751744,5.9513529052734375,991.8921508789062
1616,193547,123.73794739476722,5.985086059570312,997.5143432617188
1617,193667,118.56127703960334,5.746257568359375,957.7095947265625
1618,193787,116.43236280335995,5.648433837890625,941.4056396484375
1619,193907,122.0216636542385,5.903985717773438,983.9976196289062
1620,194027,106.25158463981923,5.176186157226563,862.6976928710938
1621,194147,120.57285018382967,5.839431884765625,973.2386474609375
1622,194267,129.61473616709037,6.253175537109375,1042.1959228515625
1623,194387,118.18365438304897,5.73131103515625,955.218505859375
1624,194507,119.56706819879969,5.793412719726563,965.5687866210938
1625,194627,121.49826756884319,5.884649047851562,980.7748413085938
1626,194747,123.64557628694435,5.979501342773437,996.5835571289062
1627,194867,121.13368868077526,5.863504760742187,977.2507934570312
1628,194987,119.56951441022628,5.796012451171875,966.0020751953125
1629,195107,118.43077053212014,5.740280639648438,956.7134399414062
1630,195227,117.59890111768327,5.6974464111328125,949.5744018554688
1631,195347,115.99870366944948,5.63289111328125,938.815185546875
1632,195467,123.89697143260585,5.989257568359375,998.2095947265625
1633,195587,125.82651031587663,6.079543212890625,1013.2572021484375
1634,195707,122.8476668857152,5.939793823242187,989.9656372070312
1635,195827,120.03276319359529,5.813669311523437,968.9448852539062
1636,195947,127.37821348913089,6.147951416015625,1024.6585693359375
1637,196067,130.4365252020615,6.283899169921875,1047.3165283203125
1638,196187,120.07169074821576,5.818748657226562,969.7914428710938
1639,196307,112.0036915479313,5.445301025390625,907.5501708984375
1640,196427,116.60133442546807,5.660051879882812,943.3419799804688
1641,196547,124.32953057008277,6.013840942382813,1002.3068237304688
1642,196667,118.1938900908608,5.72909033203125,954.848388671875
1643,196787,117.17039963426578,5.680633666992187,946.7722778320312
1644,196907,125.52767696259805,6.064494140625,1010.7490234375
1645,197027,125.11680966414548,6.046693359375,1007.7822265625
1646,197147,117.37860069737268,5.689974975585938,948.3291625976562
1647,197267,124.66020714991318,6.02901123046875,1004.835205078125
1648,197387,116.42906452980837,5.647331909179687,941.2219848632812
1649,197507,115.46502162854583,5.606449951171875,934.4083251953125
1650,197627,124.56533424894963,6.0292177734375,1004.86962890625
1651,197747,120.95033760706465,5.855406005859375,975.9010009765625
1652,197867,126.87073233239755,6.128644775390625,1021.4407958984375
1653,197987,121.68439228233879,5.88789990234375,981.316650390625
1654,198107,119.60121121783467,5.794643920898437,965.7739868164062
1655,198227,123.24527415994464,5.961079833984375,993.5133056640625
1656,198347,111.24005538396938,5.40996826171875,901.661376953125
1657,198467,125.8622114609996,6.087427368164063,1014.5712280273438
1658,198587,123.29937135555494,5.960152587890625,993.3587646484375
1659,198707,126.92354139000471,6.132137329101562,1022.0228881835938
1660,198827,119.02476624988597,5.76535986328125,960.893310546875
1661,198947,120.94278543393104,5.856744506835938,976.1240844726562
1662,199067,113.76695900057219,5.530202270507813,921.7003784179688
1663,199187,120.32190727029061,5.82922705078125,971.537841796875
1664,199307,125.11262648429333,6.048940795898438,1008.1567993164062
1665,199427,122.0454004686287,5.911273315429687,985.2122192382812
1666,199547,118.2175272326518,5.731118041992188,955.1863403320312
1667,199667,116.04863455965992,5.6326754150390625,938.7792358398438
1668,199787,112.26921853522214,5.461010375976563,910.1683959960938
1669,199907,121.56431658995913,5.882364990234375,980.3941650390625
1670,200027,112.29693722192943,5.46184716796875,910.307861328125
1671,200147,120.48623168536014,5.833595947265625,972.2659912109375
1672,200267,127.04457927849339,6.1371826171875,1022.86376953125
1673,200387,128.65477141362305,6.213421142578125,1035.5701904296875
1674,200507,116.82014456605988,5.667258178710937,944.5430297851562
1675,200627,124.37691084520768,6.011648071289063,1001.9413452148438
1676,200747,119.71992009174647,5.804520263671875,967.4200439453125
1677,200867,118.20445606879889,5.725872802734375,954.3121337890625
1678,200987,126.53573248141791,6.109203735351563,1018.2006225585938
1679,201107,121.8826454222701,5.901269897460938,983.5449829101562
1680,201227,115.2084489551259,5.594003540039062,932.3339233398438
1681,201347,129.80679227556755,6.26035986328125,1043.393310546875
1682,201467,124.87394796756097,6.034817138671875,1005.8028564453125
1683,201587,119.44934296090781,5.787614135742188,964.6023559570312
1684,201707,117.55772540540335,5.702716918945312,950.4528198242188
1685,201827,113.2642676898536,5.504286987304687,917.3811645507812
1686,201947,118.88347108088118,5.762657958984375,960.4429931640625
1687,202067,115.22589866639635,5.6003642578125,933.39404296875
1688,202187,118.7096772208609,5.754594360351563,959.0990600585938
1689,202307,120.96173754564205,5.858611450195313,976.4352416992188
1690,202427,123.35412964683671,5.965259765625,994.2099609375
1691,202547,119.79633821336057,5.80520654296875,967.534423828125
1692,202667,122.49948427963514,5.9270771484375,987.84619140625
1693,202787,116.83580837594057,5.668547973632813,944.7579956054688
1694,202907,119.62682403327324,5.795589111328125,965.9315185546875
1695,203027,116.47384039344732,5.6529041748046875,942.1506958007812
1696,203147,121.27160901049008,5.871943725585938,978.6572875976562
1697,203267,124.75965914597317,6.032268310546875,1005.3780517578125
1698,203387,122.00796387879974,5.906849853515625,984.4749755859375
1699,203507,125.37484948189194,6.056715087890625,1009.4525146484375
1700,203627,127.16480643073648,6.139427490234375,1023.2379150390625
1701,203747,122.4261832939595,5.928478271484375,988.0797119140625
1702,203867,116.70169532571674,5.663997802734375,943.9996337890625
1703,203987,116.30137436816061,5.64346142578125,940.576904296875
1704,204107,122.991814000385,5.955131103515625,992.5218505859375
1705,204227,115.84580943426869,5.626130493164062,937.6884155273438
1706,204347,124.75597851588434,6.030200317382812,1005.0333862304688
1707,204467,120.18174649668437,5.820173583984375,970.0289306640625
1708,204587,112.02366684402242,5.451491821289062,908.5819702148438
1709,204707,118.92393194672667,5.761196044921875,960.1993408203125
1710,204827,126.77634544323286,6.119108642578125,1019.8514404296875
1711,204947,124.03301877330284,6.001806518554687,1000.3010864257812
1712,205067,121.2845519774676,5.872408447265625,978.7347412109375
1713,205187,120.9032278041783,5.854685668945312,975.7809448242188
1714,205307,123.8001292681603,5.994000732421875,999.0001220703125
1715,205427,118.1211226082555,5.72233740234375,953.722900390625
1716,205547,119.7155975871451,5.802140991210938,967.0234985351562
1717,205667,123.50680284234794,5.975711059570313,995.9518432617188
1718,205787,116.77276578129081,5.669538940429687,944.9231567382812
1719,205907,117.08513189520197,5.677928100585937,946.3213500976562
1720,206027,118.62839282035615,5.750980224609375,958.4967041015625
1721,206147,113.90639504237394,5.535655151367187,922.6091918945312
1722,206267,114.99965138957401,5.5886630859375,931.44384765625
1723,206387,117.21476656659499,5.686264526367188,947.7107543945312
1724,206507,122.09091327202408,5.907189697265625,984.5316162109375
1725,206627,119.54058215043199,5.791490844726562,965.2484741210938
1726,206747,124.77815194400763,6.03126416015625,1005.210693359375
1727,206867,119.30177474951185,5.78150244140625,963.583740234375
1728,206987,119.2474983551019,5.786621337890625,964.4368896484375
1729,207107,120.79869827326934,5.855016723632812,975.8361206054688
1730,207227,120.9361238488899,5.862209106445312,977.0348510742188
1731,207347,120.38874391390023,5.833559326171875,972.2598876953125
1732,207467,115.7409173886991,5.617994384765625,936.3323974609375
1733,207587,127.18374372754414,6.1496982421875,1024.94970703125
1734,207707,115.4741072995314,5.608873901367187,934.8123168945312
1735,207827,122.27334323602297,5.92113134765625,986.855224609375
1736,207947,118.40825297118481,5.74866650390625,958.111083984375
1737,208067,118.98762405282503,5.767777221679688,961.2962036132812
1738,208187,120.64137101253644,5.846909912109375,974.4849853515625
1739,208307,114.09273817841027,5.54632470703125,924.387451171875
1740,208427,123.66986907747966,5.983985595703125,997.3309326171875
1741,208547,117.58374051412292,5.709325561523437,951.5542602539062
1742,208667,123.61645864555159,5.977624877929688,996.2708129882812
1743,208787,116.02294638373884,5.632041137695312,938.6735229492188
1744,208907,119.9442407426358,5.811862426757813,968.6437377929688
1745,209027,122.5887818179169,5.9373145751953125,989.5524291992188
1746,209147,122.38872740581527,5.923759643554687,987.2932739257812
1747,209267,124.70106535032775,6.032429443359375,1005.4049072265625
1748,209387,122.02065085958945,5.907701293945313,984.6168823242188
1749,209507,125.979607395115,6.080238647460938,1013.3731079101562
1750,209627,120.92530859718372,5.858489868164063,976.4149780273438
1751,209747,121.44803673244247,5.882232421875,980.3720703125
1752,209867,117.33253703845314,5.687721313476563,947.9535522460938
1753,209987,119.54438226156383,5.793116821289063,965.5194702148438
1754,210107,119.63162630362781,5.798808837890625,966.4681396484375
1755,210227,123.49627877495348,5.9740751953125,995.67919921875
1756,210347,120.95663274721414,5.8648271484375,977.47119140625
1757,210467,121.53953604358009,5.883470947265625,980.5784912109375
1758,210587,122.65875663260803,5.935036376953125,989.1727294921875
1759,210707,119.28922429285954,5.783202026367188,963.8670043945312
1760,210827,117.44677890906951,5.699589111328125,949.9315185546875
1761,210947,120.9297161898146,5.855293579101563,975.8822631835938
1762,211067,119.15540831060065,5.776530029296875,962.7550048828125
1763,211187,121.10925436584799,5.861761596679687,976.9602661132812
1764,211307,112.9755963027855,5.49566455078125,915.944091796875
1765,211427,116.99797554406231,5.674681274414063,945.7802124023438
1766,211547,114.84443439721464,5.582657958984375,930.4429931640625
1767,211667,119.65603546103462,5.798491333007813,966.4152221679688
1768,211787,119.43408154818358,5.790064453125,965.0107421875
1769,211907,130.23795909612275,6.283505859375,1047.2509765625
1770,212027,118.83170189953739,5.763357421875,960.5595703125
1771,212147,119.63784863679716,5.800801025390625,966.8001708984375
1772,212267,115.36917886878189,5.6037041015625,933.95068359375
1773,212387,121.22875218449094,5.872400024414063,978.7333374023438
1774,212507,116.89117508756452,5.678381103515625,946.3968505859375
1775,212627,124.54661521986978,6.023655029296875,1003.9425048828125
1776,212747,118.69320868058863,5.753871459960937,958.9785766601562
1777,212867,117.09564040454444,5.68128662109375,946.881103515625
1778,212987,121.53825363182025,5.889631713867187,981.6052856445312
1779,213107,123.46612120578985,5.972880249023437,995.4800415039062
1780,213227,118.61605174072908,5.7517283935546875,958.6213989257812
1781,213347,123.91688892456258,5.989066772460937,998.1777954101562
1782,213467,122.72654626248456,5.9413341064453125,990.2223510742188
1783,213587,119.46724697420686,5.789147827148438,964.8579711914062
1784,213707,119.70140577308521,5.798044189453125,966.3406982421875
1785,213827,115.9018377933298,5.624028442382812,937.3380737304688
1786,213947,122.75297095432703,5.93766943359375,989.611572265625
1787,214067,118.13820477819269,5.726971069335938,954.4951782226562
1788,214187,117.05092251631717,5.67732568359375,946.220947265625
1789,214307,112.29698110249858,5.458088745117188,909.6814575195312
1790,214427,121.47375434942988,5.8793232421875,979.88720703125
1791,214547,123.21816212753893,5.954647705078125,992.4412841796875
1792,214667,118.96999877870888,5.76671044921875,961.118408203125
1793,214787,119.2381337547331,5.776223510742187,962.7039184570312
1794,214907,122.74563003148191,5.941723388671875,990.2872314453125
1795,215027,124.12928485010212,5.99947998046875,999.913330078125
1796,215147,117.63346190864107,5.699132446289062,949.8554077148438
1797,215267,119.27643050639996,5.774169799804688,962.3616333007812
1798,215387,116.08436353375653,5.635628540039063,939.2714233398438
1799,215507,125.5966223633707,6.06935302734375,1011.558837890625
1800,215627,123.21094271902976,5.95666845703125,992.778076171875
1801,215747,116.21819187995995,5.638958129882813,939.8263549804688
1802,215867,115.2973976264336,5.599661865234375,933.2769775390625
1803,215987,117.47873727603063,5.697481201171875,949.5802001953125
1804,216107,126.6242505842356,6.116930786132812,1019.4884643554688
1805,216227,126.4221817267218,6.1050787353515625,1017.5131225585938
1806,216347,124.3806772389401,6.01195751953125,1001.992919921875
1807,216467,118.20660384494154,5.730970458984375,955.1617431640625
1808,216587,124.84700150537606,6.034529663085937,1005.7549438476562
1809,216707,120.44890624017965,5.830619018554687,971.7698364257812
1810,216827,119.98727526151183,5.812004516601562,968.6674194335938
1811,216947,124.43073528851608,6.017502319335938,1002.9170532226562
1812,217067,112.53509815092046,5.47121484375,911.869140625
1813,217187,116.42486533813928,5.6487626953125,941.46044921875
1814,217307,113.22400775069997,5.50466455078125,917.444091796875
1815,217427,119.02742203602004,5.768660522460937,961.4434204101562
1816,217547,122.49557887568571,5.927022216796875,987.8370361328125
1817,217667,123.15828543996227,5.957232788085937,992.8721313476562
1818,217787,128.37959362123078,6.193253173828125,1032.2088623046875
1819,217907,118.89307907767545,5.75849853515625,959.749755859375
1820,218027,121.98085485943926,5.903555786132812,983.9259643554688
1821,218147,121.34383075984893,5.87147607421875,978.579345703125
1822,218267,112.9616544798493,5.489402709960937,914.9004516601562
1823,218387,113.5427934602767,5.519005004882812,919.8341674804688
1824,218507,122.74363018314553,5.9373984375,989.56640625
1825,218627,116.69416517297907,5.661446411132813,943.5744018554688
1826,218747,121.70316814599164,5.88915380859375,981.525634765625
1827,218867,120.65739880031228,5.84254833984375,973.758056640625
1828,218987,111.71801646939886,5.43196435546875,905.327392578125
1829,219107,119.69849038163797,5.7973447265625,966.22412109375
1830,219227,122.99362246405961,5.950078125,991.6796875
1831,219347,123.62547354585422,5.975530883789062,995.9218139648438
1832,219467,117.51253397654298,5.698460083007813,949.7433471679688
1833,219587,124.68001408845453,6.031886352539063,1005.3143920898438
1834,219707,121.88347598511488,5.89942236328125,983.237060546875
1835,219827,116.50135405132698,5.65152978515625,941.921630859375
1836,219947,125.00019993104527,6.040874633789063,1006.8124389648438
1837,220067,121.09699064561438,5.865636474609375,977.6060791015625
1838,220187,126.8328603295827,6.123443115234375,1020.5738525390625
1839,220307,118.78660085538911,5.756108642578125,959.3514404296875
1840,220427,120.30018397262731,5.824512084960937,970.7520141601562
1841,220547,120.92752161571237,5.851385375976562,975.2308959960938
1842,220667,120.28689861012893,5.82869091796875,971.448486328125
1843,220787,116.67403784195363,5.659079956054687,943.1799926757812
1844,220907,125.32993807232923,6.06112060546875,1010.186767578125
1845,221027,121.54632465848175,5.885407836914062,980.9013061523438
1846,221147,117.75440202726887,5.71285107421875,952.141845703125
1847,221267,117.15890169629844,5.680014770507812,946.6691284179688
1848,221387,118.6958669718023,5.7465205078125,957.75341796875
1849,221507,124.37570926528211,6.0065679931640625,1001.0946655273438
1850,221627,125.12598536322969,6.04316162109375,1007.193603515625
1851,221747,117.57938012174556,5.701355346679687,950.2258911132812
1852,221867,118.709316957067,5.74954541015625,958.257568359375
1853,221987,121.960342773454,5.900249633789063,983.3749389648438
1854,222107,118.63320338076159,5.75257763671875,958.762939453125
1855,222227,118.89316362243348,5.763841186523438,960.6401977539062
1856,222347,121.94826569467699,5.896267456054687,982.7112426757812
1857,222467,116.24011954674017,5.632755981445312,938.7926635742188
1858,222587,114.92343626975116,5.58421435546875,930.702392578125
1859,222707,119.63528171104454,5.7934764404296875,965.5794067382812
1860,222827,120.00014479030422,5.816397583007812,969.3995971679688
1861,222947,115.89982459597988,5.6244638671875,937.41064453125
1862,223067,121.77276760038536,5.891890869140625,981.9818115234375
1863,223187,120.78793563241425,5.843757202148438,973.9595336914062
1864,223307,121.10960938547616,5.859361450195313,976.5602416992188
1865,223427,120.78600792889695,5.842446166992188,973.7410278320312
1866,223547,105.60688169765632,5.1532093505859375,858.8682250976562
1867,223667,123.5027720897275,5.968575439453125,994.7625732421875
1868,223787,124.98054385706844,6.03569384765625,1005.948974609375
1869,223907,123.1020305933384,5.951023681640625,991.8372802734375
1870,224027,124.5478808826465,6.016532958984375,1002.7554931640625
1871,224147,119.85822299766289,5.80458984375,967.431640625
1872,224267,119.91848969220257,5.805075439453125,967.5125732421875
1873,224387,122.70328520659726,5.9348525390625,989.14208984375
1874,224507,118.4200239235408,5.735505249023437,955.9175415039062
1875,224627,120.28237838008906,5.828511474609375,971.4185791015625
1876,224747,123.82876004618349,5.987004272460937,997.8340454101562
1877,224867,117.55798610732359,5.696958251953125,949.4930419921875
1878,224987,124.8666536231661,6.031914184570312,1005.3190307617188
1879,225107,118.47409680334556,5.741889404296875,956.9815673828125
1880,225227,127.53725404041411,6.1511689453125,1025.19482421875
1881,225347,114.30989798586043,5.546640380859375,924.4400634765625
1882,225467,118.02629995953355,5.721403564453125,953.5672607421875
1883,225587,117.9629209599748,5.716987060546875,952.8311767578125
1884,225707,128.48442612049053,6.202524169921875,1033.7540283203125
1885,225827,118.33725818798881,5.73931787109375,956.552978515625
1886,225947,113.12037611019562,5.494367431640625,915.7279052734375
1887,226067,123.7139802783617,5.9828162841796875,997.1360473632812
1888,226187,119.77551208038382,5.798818725585938,966.4697875976562
1889,226307,130.13291172770127,6.27529541015625,1045.882568359375
1890,226427,122.26907011525253,5.91668994140625,986.114990234375
1891,226547,118.47824383240466,5.738899291992188,956.4832153320312
1892,226667,125.14811910346415,6.046534790039063,1007.7557983398438
1893,226787,127.34477142727248,6.144,1024.0
1894,226907,115.48997927038961,5.599098266601563,933.1830444335938
1895,227027,118.5846666078418,5.743212890625,957.2021484375
1896,227147,115.70033213372156,5.615944702148438,935.9907836914062
1897,227267,114.79511036324338,5.572613159179688,928.7688598632812
1898,227387,124.06679255661804,5.999066528320313,999.8444213867188
1899,227507,119.00743469043238,5.765135375976563,960.8558959960938
1900,227627,119.44996979232977,5.790347900390625,965.0579833984375
1901,227747,114.0591165373914,5.544375732421875,924.0626220703125
1902,227867,122.57269558125351,5.931223754882812,988.5372924804688
1903,227987,123.51440849351133,5.972164306640625,995.3607177734375
1904,228107,114.38414574149327,5.554317626953125,925.7196044921875
1905,228227,118.21219981742048,5.726358764648437,954.3931274414062
1906,228347,120.76309273894596,5.844207641601563,974.0346069335938
1907,228467,115.81001495489579,5.6196617431640625,936.6102905273438
1908,228587,117.93012881297864,5.714372680664063,952.3954467773438
1909,228707,119.46900165748988,5.7874013671875,964.56689453125
1910,228827,126.3745384255623,6.106082153320313,1017.6803588867188
1911,228947,125.66920756282983,6.074040893554687,1012.3401489257812
1912,229067,115.6532078879985,5.608740966796875,934.7901611328125
1913,229187,121.26021629756755,5.869632568359375,978.2720947265625
1914,229307,121.90486262052886,5.897481811523438,982.9136352539062
1915,229427,127.97913820625615,6.1763349609375,1029.38916015625
1916,229547,119.87652646414102,5.805005126953125,967.5008544921875
1917,229667,114.16058754698011,5.547045776367187,924.5076293945312
1918,229787,121.10409727478903,5.862078369140625,977.0130615234375
1919,229907,124.45109220082485,6.017310791015625,1002.8851318359375
1920,230027,118.08572848471428,5.71879248046875,953.132080078125
1921,230147,119.49338197150597,5.7901373291015625,965.0228881835938
1922,230267,118.74068692925027,5.755908325195312,959.3180541992188
1923,230387,120.9921051214778,5.857761474609375,976.2935791015625
1924,230507,125.8693387822533,6.0800595703125,1013.34326171875
1925,230627,120.87940118240866,5.849657592773437,974.9429321289062
1926,230747,120.2989251935297,5.819939208984375,969.9898681640625
1927,230867,123.8696212343102,5.987218505859375,997.8697509765625
1928,230987,113.71913595605572,5.521891479492187,920.3152465820312
1929,231107,129.02180863846127,6.221139404296875,1036.8565673828125
1930,231227,116.4166273618688,5.642048950195313,940.3414916992188
1931,231347,120.05771348673686,5.814433227539062,969.0722045898438
1932,231467,118.55491771568353,5.739150512695312,956.5250854492188
1933,231587,121.5949299021769,5.880814819335938,980.1358032226562
1934,231707,120.03712259745113,5.808992065429687,968.1653442382812
1935,231827,125.58048761453186,6.069758056640625,1011.6263427734375
1936,231947,110.22497522865375,5.358573852539062,893.0956420898438
1937,232067,124.78623517154965,6.0290859375,1004.84765625
1938,232187,115.66305708427731,5.6097696533203125,934.9616088867188
1939,232307,120.88963106700953,5.848779052734375,974.7965087890625
1940,232427,129.40339810331068,6.24099609375,1040.166015625
1941,232547,121.94026045872326,5.895195190429687,982.5325317382812
1942,232667,123.17638901035593,5.9565,992.75
1943,232787,117.6012792714053,5.701487182617187,950.2478637695312
1944,232907,127.47915653769564,6.154282470703125,1025.7137451171875
1945,233027,121.15650155302656,5.8593720703125,976.56201171875
1946,233147,122.10631184934284,5.904824340820313,984.1373901367188
1947,233267,128.98286240873685,6.2182529296875,1036.37548828125
1948,233387,119.64779104913504,5.790881103515625,965.1468505859375
1949,233507,113.89577022478517,5.52594287109375,920.990478515625
1950,233627,131.61211860501143,6.340594482421875,1056.7657470703125
1951,233747,118.54656229854642,5.7457078857421875,957.6179809570312
1952,233867,117.78320572261026,5.708262451171875,951.3770751953125
1953,233987,120.68771926667728,5.839109985351563,973.1849975585938
1954,234107,124.84547135503445,6.0348662109375,1005.81103515625
1955,234227,113.15056014154197,5.495906982421875,915.9844970703125
1956,234347,114.3687019643932,5.547833129882813,924.6388549804688
1957,234467,124.54605800606315,6.015515258789063,1002.5858764648438
1958,234587,116.63502332470343,5.6555419921875,942.59033203125
1959,234707,120.314405883228,5.823926513671875,970.6544189453125
1960,234827,119.36355230533236,5.78148193359375,963.580322265625
1961,234947,114.35755980614083,5.551614624023437,925.2691040039062
1962,235067,119.78506118215529,5.797298950195312,966.2164916992188
1963,235187,122.64011485130251,5.9277890625,987.96484375
1964,235307,123.42207604522592,5.969604125976563,994.9340209960938
1965,235427,118.92077341209131,5.760678955078125,960.1131591796875
1966,235547,124.44484175368713,6.012586303710938,1002.0977172851562
1967,235667,123.28614307988644,5.958542358398438,993.0903930664062
1968,235787,126.84706977241393,6.121975708007812,1020.3292846679688
1969,235907,121.32624486231802,5.869601440429688,978.2669067382812
1970,236027,112.66935890188168,5.4765908203125,912.76513671875
1971,236147,123.63085473521366,5.975039428710938,995.8399047851562
1972,236267,123.23638031212221,5.959201904296875,993.2003173828125
1973,236387,123.1677381983059,5.956796630859375,992.7994384765625
1974,236507,118.49271291477383,5.73941455078125,956.569091796875
1975,236627,117.91481762849133,5.721061157226562,953.5101928710938
1976,236747,126.69848600865777,6.11855712890625,1019.759521484375
1977,236867,126.8835514106199,6.124348754882813,1020.7247924804688
1978,236987,121.44047544850949,5.873854248046875,978.9757080078125
1979,237107,114.55728763710688,5.5604794921875,926.74658203125
1980,237227,120.29640091312228,5.818315795898437,969.7192993164062
1981,237347,122.50452436236361,5.925380493164062,987.5634155273438
1982,237467,119.08648864401522,5.767520874023438,961.2534790039062
1983,237587,119.35941519602588,5.779038208007813,963.1730346679688
1984,237707,120.3587562082141,5.825109741210937,970.8516235351562
1985,237827,118.35019959912879,5.7321448974609375,955.3574829101562
1986,237947,120.43300407192675,5.830374389648438,971.7290649414062
1987,238067,114.91593076270203,5.577424072265625,929.5706787109375
1988,238187,122.55663011640684,5.92443896484375,987.406494140625
1989,238307,122.40424982719358,5.915805908203125,985.9676513671875
1990,238427,122.51490778323138,5.922986938476562,987.1644897460938
1991,238547,124.27233122079295,6.00397998046875,1000.663330078125
1992,238667,117.4629385123921,5.690688354492187,948.4480590820312
1993,238787,113.32798707797136,5.499781860351563,916.6303100585938
1994,238907,125.56229254366698,6.0612421875,1010.20703125
1995,239027,122.8396015907709,5.934611206054687,989.1018676757812
1996,239147,123.47516182354155,5.96765625,994.609375
1997,239267,120.95302598481452,5.8549998779296875,975.8333129882812
1998,239387,117.06673238281746,5.671978637695313,945.3297729492188
1999,239507,125.13818719393254,6.0414583740234375,1006.9097290039062
2000,239627,126.45045277229809,6.106301879882812,1017.7169799804688
2001,239747,125.65767303810932,6.067208862304687,1011.2014770507812
2002,239867,127.05458317250162,6.1315374755859375,1021.9229125976562
2003,239987,125.54125180942401,6.062385131835938,1010.3975219726562
2004,240107,121.99713365371846,5.901485961914062,983.5809936523438
2005,240227,121.43665439551079,5.873254760742188,978.8757934570312
2006,240347,126.15378024597383,6.09092578125,1015.154296875
2007,240467,122.18678315158203,5.911988891601562,985.3314819335938
2008,240587,120.80064679631307,5.845941650390625,974.3236083984375
2009,240707,126.62997978695793,6.11025,1018.375
2010,240827,121.87009016897984,5.8933505859375,982.22509765625
2011,240947,122.61385500500263,5.932094604492187,988.6824340820312
2012,241067,119.65149557793481,5.7909305419921875,965.1550903320312
2013,241187,117.43981375573168,5.69207080078125,948.678466796875
2014,241307,122.64667310382548,5.928331787109375,988.0552978515625
2015,241427,122.29416097952291,5.9109462890625,985.15771484375
2016,241547,117.35683195530416,5.684622802734375,947.4371337890625
2017,241667,119.77732951041763,5.7929710693359375,965.4951782226562
2018,241787,120.91857089270707,5.856261840820313,976.0436401367188
2019,241907,119.74119215769285,5.793016479492188,965.5027465820312
2020,242027,113.2388395538454,5.497853393554688,916.3088989257812
2021,242147,125.48835831690354,6.0652357177734375,1010.8726196289062
2022,242267,120.27126514376036,5.826458129882813,971.0763549804688
2023,242387,118.71414177992882,5.747099487304688,957.8499145507812
2024,242507,120.04815915613555,5.809559326171875,968.2598876953125
2025,242627,117.77230943678057,5.7045047607421875,950.7507934570312
2026,242747,121.63606786199244,5.880559204101562,980.0932006835938
2027,242867,124.45139306045118,6.009074340820312,1001.5123901367188
2028,242987,124.65409175460259,6.021120849609375,1003.5201416015625
2029,243107,116.81789756377782,5.659465576171875,943.2442626953125
2030,243227,126.56657822618223,6.1089715576171875,1018.1619262695312
2031,243347,118.01044655335534,5.715234741210938,952.5391235351562
2032,243467,117.41224551643131,5.689022827148437,948.1704711914062
2033,243587,125.49977260854394,6.060816650390625,1010.1361083984375
2034,243707,122.08435600339001,5.90220556640625,983.700927734375
2035,243827,120.618793241379,5.836465209960937,972.7442016601562
2036,243947,117.88641747973656,5.708865234375,951.4775390625
2037,244067,120.84811605470635,5.851142211914063,975.1903686523438
2038,244187,123.55421732525573,5.972768920898438,995.4614868164062
2039,244307,125.32533444877501,6.054414184570312,1009.0690307617188
2040,244427,123.10656621362773,5.949837158203125,991.6395263671875
2041,244547,123.75026934926454,5.98194580078125,996.990966796875
2042,244667,127.84137173096721,6.16845703125,1028.076171875
2043,244787,126.92844390860287,6.135387451171875,1022.5645751953125
2044,244907,118.88468862730363,5.757918823242187,959.6531372070312
2045,245027,127.43394846281615,6.147854736328125,1024.6424560546875
2046,245147,122.3584475322525,5.917428588867187,986.2380981445312
2047,245267,126.04289538409543,6.08541796875,1014.236328125
2048,245387,121.92435976356721,5.89291845703125,982.153076171875
2049,245507,120.05076049289093,5.81031591796875,968.385986328125
2050,245627,118.93952357021585,5.756200561523437,959.3667602539062
2051,245747,125.68095548943015,6.068850219726563,1011.4750366210938
2052,245867,129.44457486628824,6.240025634765625,1040.0042724609375
2053,245987,126.94885806065028,6.127515380859375,1021.2525634765625
2054,246107,120.08417920641065,5.812977905273438,968.8296508789062
2055,246227,121.48852974662607,5.879171997070313,979.8619995117188
2056,246347,128.42250286747608,6.19518603515625,1032.531005859375
2057,246467,124.53399850649595,6.0231910400390625,1003.8651733398438
2058,246587,126.47079548329305,6.103752685546875,1017.2921142578125
2059,246707,127.42119646785747,6.14864794921875,1024.774658203125
2060,246827,119.78964766083695,5.796531372070312,966.0885620117188
2061,246947,123.48624763272102,5.965707275390625,994.2845458984375
2062,247067,120.16615192627583,5.8157578125,969.29296875
2063,247187,123.91674406256692,5.982520751953125,997.0867919921875
2064,247307,117.92000649254318,5.715792846679688,952.6321411132812
2065,247427,118.17652999349436,5.726240844726562,954.3734741210938
2066,247547,127.823283488666,6.16477294921875,1027.462158203125
2067,247667,130.52865156486598,6.290449951171875,1048.4083251953125
2068,247787,127.89337398256541,6.170542236328125,1028.4237060546875
2069,247907,116.40413219850828,5.648071655273437,941.3452758789062
2070,248027,124.73320640740391,6.028587158203125,1004.7645263671875
2071,248147,117.54686243566044,5.694653686523438,949.1089477539062
2072,248267,120.72462047643188,5.841960205078125,973.6600341796875
2073,248387,122.58679246989142,5.927926025390625,987.9876708984375
2074,248507,126.2107945366727,6.099473876953125,1016.5789794921875
2075,248627,124.42325557306971,6.011599365234375,1001.9332275390625
2076,248747,130.40399543519882,6.28457666015625,1047.429443359375
2077,248867,119.40397461133696,5.7894964599609375,964.9160766601562
2078,248987,128.06136025336693,6.179622802734375,1029.9371337890625
2079,249107,127.13792648307653,6.138509033203125,1023.0848388671875
2080,249227,124.70429911187077,6.027944091796875,1004.6573486328125
2081,249347,127.45792745837593,6.155930419921875,1025.9884033203125
2082,249467,124.92892512007742,6.030680053710937,1005.1133422851562
2083,249587,126.69917080815515,6.120116455078125,1020.0194091796875
2084,249707,127.51627559609787,6.1535244140625,1025.58740234375
2085,249827,124.1306901120539,6.000263671875,1000.0439453125
2086,249947,115.01777209807005,5.58188232421875,930.313720703125
2087,250067,120.18153885158154,5.818278076171875,969.7130126953125
2088,250187,124.73486454119976,6.026510009765625,1004.4183349609375
2089,250307,121.01279631900374,5.853804565429687,975.6340942382812
2090,250427,120.26256791298349,5.826360717773437,971.0601196289062
2091,250547,133.3829088965585,6.420687744140625,1070.1146240234375
2092,250667,122.87477477433004,5.940463256835938,990.0772094726562
2093,250787,120.29641424612487,5.82240673828125,970.401123046875
2094,250907,125.97037736950307,6.07841015625,1013.068359375
2095,251027,114.44358918015143,5.55281982421875,925.469970703125
2096,251147,123.9187087703103,5.9853603515625,997.56005859375
2097,251267,124.94607238900528,6.030393676757813,1005.0656127929688
2098,251387,128.80345866988785,6.209146728515625,1034.8577880859375
2099,251507,117.2968325864804,5.68415478515625,947.359130859375
2100,251627,116.17627583056422,5.631585205078125,938.5975341796875
2101,251747,115.82916414053594,5.614514282226563,935.7523803710938
2102,251867,121.97145683729777,5.900185180664063,983.3641967773438
2103,251987,126.08124635033556,6.094197143554688,1015.6995239257812
2104,252107,126.79796753884922,6.122135009765625,1020.3558349609375
2105,252227,121.17120615091069,5.867781372070312,977.9635620117188
2106,252347,119.65427943693784,5.790893920898437,965.1489868164062
2107,252467,124.31940009008795,6.006498046875,1001.0830078125
2108,252587,125.9665445920081,6.082784545898438,1013.7974243164062
2109,252707,123.78396460787913,5.981566772460938,996.9277954101562
2110,252827,122.23354122399007,5.914875,985.8125
2111,252947,118.48875074395757,5.738114501953125,956.3524169921875
2112,253067,120.38278067713784,5.824390869140625,970.7318115234375
2113,253187,132.1305989245728,6.3626220703125,1060.43701171875
2114,253307,119.59986870697065,5.790088256835937,965.0147094726562
2115,253427,126.82654003528606,6.1197923583984375,1019.9653930664062
2116,253547,126.01501582333495,6.083435668945312,1013.9059448242188
2117,253667,118.63402278390973,5.7432579345703125,957.2096557617188
2118,253787,115.06953016311769,5.584810913085938,930.8018188476562
2119,253907,121.69910493626301,5.884514282226562,980.7523803710938
2120,254027,119.79761513453755,5.798968505859375,966.4947509765625
2121,254147,124.98478479567697,6.035304565429687,1005.8840942382812
2122,254267,131.59764777913642,6.33629150390625,1056.048583984375
2123,254387,116.48517008555667,5.6464453125,941.07421875
2124,254507,119.69377815892882,5.797030151367188,966.1716918945312
2125,254627,123.74849770359472,5.976629150390625,996.1048583984375
2126,254747,118.42648552528313,5.74056005859375,956.760009765625
2127,254867,118.52990286037097,5.742195190429688,957.0325317382812
2128,254987,118.34279061432477,5.72717431640625,954.529052734375
2129,255107,125.48799755111983,6.067490478515625,1011.2484130859375
2130,255227,125.7276893186039,6.076216552734375,1012.7027587890625
2131,255347,120.04231378451698,5.813639282226562,968.9398803710938
2132,255467,128.73632357001563,6.208115478515625,1034.6859130859375
2133,255587,123.32062994492051,5.963955322265625,993.9925537109375
2134,255707,132.961294374215,6.40454443359375,1067.424072265625
2135,255827,119.82462827879137,5.796592163085937,966.0986938476562
2136,255947,118.24881364003394,5.725200439453125,954.2000732421875
2137,256067,122.31652889466577,5.911020263671875,985.1700439453125
2138,256187,121.57853586759549,5.878052124023437,979.6753540039062
2139,256307,125.58478829927563,6.065032836914063,1010.8388061523438
2140,256427,123.58646874736705,5.97087158203125,995.145263671875
2141,256547,122.69635040751291,5.930585083007813,988.4308471679688
2142,256667,119.08770498552056,5.76598681640625,960.997802734375
2143,256787,122.23717845576358,5.910996459960938,985.1660766601562
2144,256907,118.69893152431914,5.746988525390625,957.8314208984375
2145,257027,122.99375839092816,5.946354125976563,991.0590209960938
2146,257147,117.25912122318925,5.676106567382813,946.0177612304688
2147,257267,121.02250730570947,5.8517479248046875,975.2913208007812
2148,257387,130.886086221596,6.3035009765625,1050.58349609375
2149,257507,127.34078172825669,6.14193017578125,1023.655029296875
2150,257627,122.73697388660209,5.9309234619140625,988.4872436523438
2151,257747,126.24451709762377,6.094217651367187,1015.7029418945312
2152,257867,124.51919968000841,6.01407275390625,1002.345458984375
2153,257987,130.17803346503734,6.2773623046875,1046.22705078125
2154,258107,123.21161894594592,5.958351196289063,993.0585327148438
2155,258227,125.28002190958469,6.0486123046875,1008.10205078125
2156,258347,127.7862953762619,6.1649501953125,1027.49169921875
2157,258467,117.01514224267453,5.66938037109375,944.896728515625
2158,258587,116.5617503161141,5.654927124023438,942.4878540039062
2159,258707,125.30367273015483,6.046198974609375,1007.6998291015625
2160,258827,127.29446752702626,6.1422359619140625,1023.7059936523438
2161,258947,126.28660489549101,6.098371215820313,1016.3952026367188
2162,259067,116.83197135131448,5.664461791992188,944.0769653320312
2163,259187,120.8185761651416,5.840415893554687,973.4026489257812
2164,259307,129.1034232493301,6.227448486328125,1037.9080810546875
2165,259427,124.63342693630031,6.020429077148438,1003.4048461914062
2166,259547,118.2904408996631,5.7372978515625,956.21630859375
2167,259667,128.62052717651682,6.202582763671875,1033.7637939453125
2168,259787,120.83104583072219,5.84614013671875,974.356689453125
2169,259907,117.9681757463683,5.7157177734375,952.61962890625
2170,260027,121.43652282844684,5.871904907226562,978.6508178710938
2171,260147,124.91540302119759,6.035826049804688,1005.9710083007812
2172,260267,116.3414349571144,5.643021240234375,940.5035400390625
2173,260387,124.97317215170521,6.034930297851562,1005.8217163085938
2174,260507,126.30049812197528,6.095908447265625,1015.9847412109375
2175,260627,120.8621165692085,5.84657666015625,974.429443359375
2176,260747,124.79613664545778,6.025235595703125,1004.2059326171875
2177,260867,119.0691847384289,5.770466674804688,961.7444458007812
2178,260987,124.0365897574512,5.994128173828125,999.0213623046875
2179,261107,121.78246037157265,5.8857861328125,980.96435546875
2180,261227,129.72376755635733,6.2546982421875,1042.44970703125
2181,261347,123.84169020528142,5.979781494140625,996.6302490234375
2182,261467,120.8134981721883,5.843906982421875,973.9844970703125
2183,261587,121.58318965916546,5.881066772460938,980.1777954101562
2184,261707,125.13031469032975,6.044455810546875,1007.4093017578125
2185,261827,116.68748812263227,5.6583720703125,943.06201171875
2186,261947,119.42390272822394,5.780848388671875,963.4747314453125
2187,262067,129.13832563478948,6.2299541015625,1038.32568359375
2188,262187,124.56745104317966,6.0189111328125,1003.15185546875
2189,262307,124.80429343376531,6.0317578125,1005.29296875
2190,262427,118.86488761653762,5.759147827148437,959.8579711914062
2191,262547,123.96647538786532,5.987841430664062,997.9735717773438
2192,262667,120.62589143829443,5.836629272460938,972.7715454101562
2193,262787,127.03185462944033,6.130827758789063,1021.8046264648438
2194,262907,125.52943722566044,6.056385498046875,1009.3975830078125
2195,263027,121.61093243137802,5.878995849609375,979.8326416015625
2196,263147,123.43692035099079,5.968090576171875,994.6817626953125
2197,263267,121.16967759509069,5.865542724609375,977.5904541015625
2198,263387,125.95093085047036,6.07849951171875,1013.083251953125
2199,263507,123.86312550503159,5.986119873046875,997.6866455078125
2200,263627,131.6270140223277,6.3401953125,1056.69921875
2201,263747,130.3807639453426,6.2857470703125,1047.62451171875
2202,263867,128.13715226834483,6.18482958984375,1030.804931640625
2203,263987,133.15914637833663,6.410222900390625,1068.3704833984375
2204,264107,120.3931680567859,5.825493896484375,970.9156494140625
2205,264227,120.81487138422943,5.844787719726562,974.1312866210938
2206,264347,120.73346286781116,5.838630249023438,973.1050415039062
2207,264467,130.99377712978793,6.306021240234375,1051.0035400390625
2208,264587,122.93857900718116,5.94279638671875,990.466064453125
2209,264707,118.87845154464517,5.7607353515625,960.12255859375
2210,264827,121.10000587569021,5.859258178710937,976.5430297851562
2211,264947,124.54418097963094,6.017043090820312,1002.8405151367188
2212,265067,118.98457315300799,5.761304077148438,960.2173461914062
2213,265187,116.53201916254648,5.6475721435546875,941.2620239257812
2214,265307,126.07199744387663,6.080493896484375,1013.4156494140625
2215,265427,117.14514007412215,5.678038330078125,946.3397216796875
2216,265547,125.37001732647481,6.055103759765625,1009.1839599609375
2217,265667,120.0315346285033,5.8148173828125,969.13623046875
2218,265787,133.23771440099756,6.414722900390625,1069.1204833984375
2219,265907,127.47989726059582,6.145888916015625,1024.3148193359375
2220,266027,120.33804271249215,5.825083374023437,970.8472290039062
2221,266147,117.12269818667595,5.679692138671875,946.6153564453125
2222,266267,122.54937360508258,5.925477172851562,987.5795288085938
2223,266387,122.77773232371364,5.93440283203125,989.067138671875
2224,266507,120.34042927138523,5.823649658203125,970.6082763671875
2225,266627,122.92559235301133,5.9410989990234375,990.1831665039062
2226,266747,124.49651701859668,6.012010620117188,1002.0017700195312
2227,266867,120.9779899561747,5.8509697265625,975.16162109375
2228,266987,122.10260100941876,5.902852294921875,983.8087158203125
2229,267107,115.1202540312525,5.584971313476562,930.8285522460938
2230,267227,122.73521109639717,5.93302294921875,988.837158203125
2231,267347,125.34361310911727,6.052135986328125,1008.6893310546875
2232,267467,118.45875550650224,5.73797314453125,956.328857421875
2233,267587,115.66878539173514,5.608065673828125,934.6776123046875
2234,267707,131.3436666631674,6.331984130859375,1055.3306884765625
2235,267827,127.71691808672148,6.161381103515625,1026.8968505859375
2236,267947,122.130231576789,5.904175415039062,984.0292358398438
2237,268067,125.14811689937325,6.044080078125,1007.3466796875
2238,268187,122.28052172650223,5.91482373046875,985.803955078125
2239,268307,125.67256141424606,6.06793505859375,1011.322509765625
2240,268427,116.33504210751529,5.637030029296875,939.5050048828125
2241,268547,119.612597318106,5.786772583007813,964.4620971679688
2242,268667,125.98212559961534,6.081986938476563,1013.6644897460938
2243,268787,134.00515387860625,6.447815185546875,1074.6358642578125
2244,268907,119.5609015863115,5.785043334960937,964.1738891601562
2245,269027,116.42685862328037,5.644282836914062,940.7138061523438
2246,269147,126.01206609212781,6.082010375976562,1013.6683959960938
2247,269267,120.67766452647223,5.8375133056640625,972.9188842773438
2248,269387,122.83939470032438,5.937346801757813,989.5578002929688
2249,269507,120.69940340547795,5.8427581787109375,973.7930297851562
2250,269627,123.04826595574123,5.946123046875,991.0205078125
2251,269747,120.04223244859674,5.8098995361328125,968.3165893554688
2252,269867,124.44651519714819,6.009743041992188,1001.6238403320312
2253,269987,123.10930723470099,5.94509033203125,990.848388671875
2254,270107,123.53184315548069,5.970410888671875,995.0684814453125
2255,270227,120.23056451870698,5.817053466796875,969.5089111328125
2256,270347,123.6732357708234,5.977601440429687,996.2669067382812
2257,270467,128.3124386140612,6.191080078125,1031.8466796875
2258,270587,122.97691116779203,5.94429638671875,990.716064453125
2259,270707,130.28341171903284,6.27791162109375,1046.318603515625
2260,270827,126.76190029290137,6.121811645507813,1020.3019409179688
2261,270947,134.31376566036727,6.46979443359375,1078.299072265625
2262,271067,126.19559194981971,6.0906357421875,1015.10595703125
2263,271187,131.70393379748194,6.341820556640625,1056.9700927734375
2264,271307,128.8158416556663,6.213216064453125,1035.5360107421875
2265,271427,123.06523669063466,5.950695190429688,991.7825317382812
2266,271547,117.25974100346625,5.6832451171875,947.20751953125
2267,271667,120.17269330331756,5.8176463623046875,969.6077270507812
2268,271787,130.77860866038088,6.300998291015625,1050.1663818359375
2269,271907,129.4501699765403,6.243608642578125,1040.6014404296875
2270,272027,123.57775334531449,5.968793334960938,994.7988891601562
2271,272147,124.33326374046973,6.004641357421875,1000.7735595703125
2272,272267,121.25582811855234,5.863808349609375,977.3013916015625
2273,272387,124.62523104976326,6.018646728515625,1003.1077880859375
2274,272507,128.06366241703222,6.183777099609375,1030.6295166015625
2275,272627,124.3862666881582,6.004476928710938,1000.7461547851562
2276,272747,129.70255426694513,6.2499931640625,1041.66552734375
2277,272867,124.93602716572437,6.034906127929688,1005.8176879882812
2278,272987,128.53520510232661,6.199888916015625,1033.3148193359375
2279,273107,126.83995473009861,6.121985595703125,1020.3309326171875
2280,273227,123.85027607869918,5.988979248046875,998.1632080078125
2281,273347,121.21410347812994,5.86211865234375,977.019775390625
2282,273467,122.64652079540737,5.929475463867187,988.2459106445312
2283,273587,128.1872570472912,6.184278076171875,1030.7130126953125
2284,273707,120.17255888733641,5.81640087890625,969.400146484375
2285,273827,125.48775973622047,6.0601087646484375,1010.0181274414062
2286,273947,120.16195959966426,5.813523193359375,968.9205322265625
2287,274067,124.101761028718,5.997319702148437,999.5532836914062
2288,274187,121.56192142269444,5.8785556640625,979.75927734375
2289,274307,127.02093880928126,6.131362060546875,1021.8936767578125
2290,274427,128.90048068225644,6.21084375,1035.140625
2291,274547,126.59947678366962,6.116173828125,1019.3623046875
2292,274667,124.10192837407415,5.996469360351562,999.4115600585938
2293,274787,117.51689413283803,5.693028442382812,948.8380737304688
2294,274907,123.71109411506907,5.982828735351562,997.1381225585938
2295,275027,120.29702621029458,5.823181274414062,970.5302124023438
2296,275147,126.99796827540746,6.132212036132812,1022.0353393554688
2297,275267,121.1050110145467,5.86028759765625,976.714599609375
2298,275387,129.59647012883,6.24951708984375,1041.586181640625
2299,275507,123.419267237659,5.9688427734375,994.80712890625
2300,275627,119.83874629033562,5.801479614257812,966.9132690429688
2301,275747,126.32399293970636,6.10026708984375,1016.711181640625
2302,275867,126.32454185549322,6.09555322265625,1015.925537109375
2303,275987,125.25381588182296,6.0508154296875,1008.46923828125
2304,276107,123.09573770773264,5.954460571289062,992.4100952148438
2305,276227,122.52348482572661,5.922548217773437,987.0913696289062
2306,276347,120.60933334550097,5.837230590820313,972.8717651367188
2307,276467,128.04837425159218,6.182994873046875,1030.4991455078125
2308,276587,121.71415294572228,5.883511962890625,980.5853271484375
2309,276707,121.40037775102121,5.875553100585938,979.2588500976562
2310,276827,122.43465152753134,5.91443701171875,985.739501953125
2311,276947,115.91277536214895,5.621750610351563,936.9584350585938
2312,277067,126.78658403108552,6.1178477783203125,1019.6412963867188
2313,277187,119.64032059360375,5.7908642578125,965.14404296875
2314,277307,126.02862123506007,6.085235595703125,1014.2059326171875
2315,277427,121.31943775851208,5.87073193359375,978.455322265625
2316,277547,125.58882286152293,6.069149047851562,1011.5248413085938
2317,277667,129.31940744561157,6.24057861328125,1040.096435546875
2318,277787,122.49263114395026,5.9218465576171875,986.9744262695312
2319,277907,125.42178246170728,6.060639404296875,1010.1065673828125
2320,278027,122.9986972145989,5.945358764648438,990.8931274414062
2321,278147,127.25231476615187,6.140663818359375,1023.4439697265625
2322,278267,121.28685918572127,5.86580859375,977.634765625
2323,278387,124.9507334416231,6.03547119140625,1005.911865234375
2324,278507,127.55249043866561,6.15377490234375,1025.629150390625
2325,278627,119.48831851439053,5.7839765625,963.99609375
2326,278747,116.94267299422108,5.672966674804687,945.4944458007812
2327,278867,124.13776376029573,5.997524780273437,999.5874633789062
2328,278987,122.63692665600566,5.931883666992188,988.6472778320312
2329,279107,118.62046892463158,5.748856567382813,958.1427612304688
2330,279227,118.47830188934384,5.739017944335938,956.5029907226562
2331,279347,126.53188509392058,6.105990234375,1017.6650390625
2332,279467,126.42084789846527,6.100323486328125,1016.7205810546875
2333,279587,125.35947613481702,6.0547587890625,1009.12646484375
2334,279707,125.68157269139141,6.068479614257813,1011.4132690429688
2335,279827,128.3459442991327,6.1913935546875,1031.89892578125
2336,279947,124.32341382984379,6.008687255859375,1001.4478759765625
2337,280067,116.92430897825687,5.669910278320312,944.9850463867188
2338,280187,118.2471800410137,5.728250244140625,954.7083740234375
2339,280307,123.20207102616392,5.955247924804688,992.5413208007812
2340,280427,128.26134448776043,6.186626953125,1031.1044921875
2341,280547,122.10995153015014,5.906527587890625,984.4212646484375
2342,280667,128.89846299589644,6.2180712890625,1036.34521484375
2343,280787,124.27813971163833,6.0059443359375,1000.99072265625
2344,280907,120.66273015445547,5.843878051757812,973.9796752929688
2345,281027,124.97980872403397,6.041266845703125,1006.8778076171875
2346,281147,124.37023964254321,6.005132080078125,1000.8553466796875
2347,281267,123.24962019167992,5.95860205078125,993.100341796875
2348,281387,123.01509357843433,5.944840209960938,990.8067016601562
2349,281507,119.30555497661035,5.7811475830078125,963.5245971679688
2350,281627,122.0285566987196,5.905342163085938,984.2236938476562
2351,281747,122.57184335696596,5.9278154296875,987.96923828125
2352,281867,120.99918131355514,5.85736962890625,976.228271484375
2353,281987,123.21370209709791,5.954366455078125,992.3944091796875
2354,282107,122.95405389813787,5.94727734375,991.212890625
2355,282227,136.31679762893486,6.5571650390625,1092.86083984375
2356,282347,128.52930292796245,6.200593505859375,1033.4322509765625
2357,282467,120.43886430839754,5.8287744140625,971.46240234375
2358,282587,128.31988665200882,6.194666748046875,1032.4444580078125
2359,282707,120.74750062956541,5.840148193359375,973.3580322265625
2360,282827,117.88764161669943,5.716608764648438,952.7681274414062
2361,282947,114.90609131849358,5.571685180664063,928.6141967773438
2362,283067,130.67697755273528,6.29736328125,1049.560546875
2363,283187,126.0315295402109,6.0914736328125,1015.24560546875
2364,283307,126.9715942306226,6.1283983154296875,1021.3997192382812
2365,283427,123.08296985445988,5.94997998046875,991.663330078125
2366,283547,119.63208429892589,5.793349365234375,965.5582275390625
2367,283667,124.54143915121543,6.014036865234375,1002.3394775390625
2368,283787,125.51648530839611,6.064459350585937,1010.7432250976562
2369,283907,116.14221218251848,5.6336953125,938.94921875
2370,284027,127.37160000028322,6.147834228515625,1024.6390380859375
2371,284147,131.6999258326347,6.347203125,1057.8671875
2372,284267,123.77286320200673,5.983504760742187,997.2507934570312
2373,284387,125.3904222259165,6.053113037109375,1008.8521728515625
2374,284507,129.0235708043999,6.22040625,1036.734375
2375,284627,124.16326293386854,6.003678955078125,1000.6131591796875
2376,284747,117.96779896631956,5.7176689453125,952.94482421875
2377,284867,120.05348992437081,5.813785034179688,968.9641723632812
2378,284987,120.46829954989367,5.8356998291015625,972.6166381835938
2379,285107,126.20499463388245,6.095287719726563,1015.8812866210938
2380,285227,130.81772638918858,6.307317626953125,1051.2196044921875
2381,285347,123.3057619702801,5.964615234375,994.1025390625
2382,285467,119.96958901875153,5.812579467773437,968.7632446289062
2383,285587,122.71476591762163,5.93326611328125,988.877685546875
2384,285707,126.17876289477681,6.09219287109375,1015.365478515625
2385,285827,128.2406370719863,6.18083203125,1030.138671875
2386,285947,120.10328488831377,5.811377197265625,968.5628662109375
2387,286067,122.3013275866206,5.918021850585937,986.3369750976562
2388,286187,120.41173443007543,5.828511108398438,971.4185180664062
2389,286307,123.59940533077629,5.975649169921875,995.9415283203125
2390,286427,123.06435421444863,5.948197998046875,991.3663330078125
2391,286547,121.5863895920107,5.883964965820312,980.6608276367188
2392,286667,121.07993835766418,5.861145629882812,976.8576049804688
2393,286787,122.38273510406053,5.914245483398438,985.7075805664062
2394,286907,124.29422940676228,6.002134643554688,1000.3557739257812
2395,287027,121.42586098045506,5.878131225585937,979.6885375976562
2396,287147,130.2511906199599,6.2785810546875,1046.43017578125
2397,287267,119.60110394425118,5.788765502929688,964.7942504882812
2398,287387,113.58362515773274,5.515682006835937,919.2803344726562
2399,287507,122.68722192531207,5.9351260986328125,989.1876831054688
2400,287627,118.93456569583793,5.76040283203125,960.067138671875
2401,287747,122.50076384104247,5.927705200195312,987.9508666992188
2402,287867,120.54460549583439,5.83497802734375,972.496337890625
2403,287987,121.88910523791199,5.896472534179687,982.7454223632812
2404,288107,126.39511965298004,6.1012027587890625,1016.8671264648438
2405,288227,122.53954399982543,5.925318969726563,987.5531616210938
2406,288347,129.38869905028332,6.23841943359375,1039.736572265625
2407,288467,125.9692029374431,6.0805338134765625,1013.4223022460938
2408,288587,118.6973577726512,5.7534228515625,958.90380859375
2409,288707,125.75531333377941,6.074117431640625,1012.3529052734375
2410,288827,124.69512699150641,6.02545166015625,1004.241943359375
2411,288947,111.13653087511005,5.402631225585938,900.4385375976562
2412,289067,122.18929202131706,5.908827026367187,984.8045043945312
2413,289187,124.00818658042317,5.993796752929687,998.9661254882812
2414,289307,121.28541247534895,5.869289428710937,978.2149047851562
2415,289427,124.92583425428279,6.0378746337890625,1006.3124389648438
2416,289547,119.67223174864512,5.79838916015625,966.398193359375
2417,289667,117.72397957688062,5.7049892578125,950.83154296875
2418,289787,123.9270541863587,5.990417358398438,998.4028930664062
2419,289907,125.94808013976984,6.081131469726563,1013.5219116210938
2420,290027,119.31518325224248,5.775154174804688,962.5256958007812
2421,290147,129.06289989276422,6.2239951171875,1037.33251953125
2422,290267,121.20608363823803,5.86083837890625,976.806396484375
2423,290387,132.16575231250584,6.36845361328125,1061.408935546875
2424,290507,126.11177848934568,6.089774047851562,1014.9623413085938
2425,290627,126.9391768475374,6.12457763671875,1020.762939453125
2426,290747,131.7087402711606,6.346124267578125,1057.6873779296875
2427,290867,115.28397600546579,5.59350732421875,932.251220703125
2428,290987,126.68198861120685,6.1143907470703125,1019.0651245117188
2429,291107,128.65898806061733,6.2084443359375,1034.74072265625
2430,291227,124.44907048302582,6.0166995849609375,1002.7832641601562
2431,291347,132.0332378133277,6.3583095703125,1059.71826171875
2432,291467,126.48276533004456,6.109352416992188,1018.2254028320312
2433,291587,122.84466264464865,5.94160546875,990.267578125
2434,291707,122.97179937770161,5.940581909179688,990.0969848632812
2435,291827,122.76834590013647,5.9322626953125,988.71044921875
2436,291947,117.00123607103181,5.680657104492187,946.7761840820312
2437,292067,123.30359438054056,5.960061767578125,993.3436279296875
2438,292187,129.49891406808987,6.245852783203125,1040.9754638671875
2439,292307,129.30033013884906,6.23386669921875,1038.977783203125
2440,292427,119.65286010952735,5.795085205078125,965.8475341796875
2441,292547,130.43921255038705,6.29002734375,1048.337890625
2442,292667,119.82838971897573,5.811510864257812,968.5851440429688
2443,292787,121.5127365990707,5.877510131835938,979.5850219726562
2444,292907,128.17725922124527,6.185507080078125,1030.9178466796875
2445,293027,122.90470965797363,5.942393188476562,990.3988647460938
2446,293147,124.18114579635404,6.0005643310546875,1000.0940551757812
2447,293267,126.62736045554553,6.114139892578125,1019.0233154296875
2448,293387,125.49211909788457,6.063359619140625,1010.5599365234375
2449,293507,123.30957574901167,5.963574096679688,993.9290161132812
2450,293627,129.35053869954945,6.235449462890625,1039.2415771484375
2451,293747,128.9786821620186,6.223037841796875,1037.1729736328125
2452,293867,130.82144376891608,6.30495849609375,1050.826416015625
2453,293987,123.5425005298819,5.971537353515625,995.2562255859375
2454,294107,117.38470532798232,5.6936927490234375,948.9487915039062
2455,294227,128.7497356269123,6.210437255859375,1035.0728759765625
2456,294347,132.21547826134127,6.36702685546875,1061.171142578125
2457,294467,121.38277770491621,5.8746317138671875,979.1052856445312
2458,294587,119.93941584057825,5.807211547851563,967.8685913085938
2459,294707,123.99287866160248,5.993925659179688,998.9876098632812
2460,294827,125.214305446309,6.04935791015625,1008.226318359375
2461,294947,124.33077702389537,6.005801147460938,1000.9668579101562
2462,295067,127.16678404245798,6.137455078125,1022.9091796875
2463,295187,125.35358567657092,6.054213134765625,1009.0355224609375
2464,295307,124.4460544334339,6.014771118164062,1002.4618530273438
2465,295427,126.33213280406287,6.099150512695313,1016.5250854492188
2466,295547,128.7343945308217,6.210844482421875,1035.1407470703125
2467,295667,133.44558449583096,6.42570849609375,1070.951416015625
2468,295787,124.77002663603172,6.028419067382813,1004.7365112304688
2469,295907,120.03048667819621,5.806895141601562,967.8158569335938
2470,296027,119.55011270568914,5.7878441162109375,964.6406860351562
2471,296147,126.64826533831742,6.1163818359375,1019.39697265625
2472,296267,120.67388819338719,5.842810546875,973.8017578125
2473,296387,122.55667159728804,5.92512451171875,987.520751953125
2474,296507,122.43130803398273,5.922054931640625,987.0091552734375
2475,296627,117.39930293633326,5.693712524414062,948.9520874023438
2476,296747,120.82398747012435,5.847046142578125,974.5076904296875
2477,296867,126.86409741018046,6.125909545898438,1020.9849243164062
2478,296987,116.72232995823222,5.66266259765625,943.777099609375
2479,297107,118.09091995641194,5.72647119140625,954.411865234375
2480,297227,119.58311454503098,5.7868095703125,964.46826171875
2481,297347,120.25141788112289,5.821977905273437,970.3296508789062
2482,297467,127.27681572084805,6.143687255859375,1023.9478759765625
2483,297587,125.21508174025811,6.051479736328125,1008.5799560546875
2484,297707,119.83454571581647,5.8034776611328125,967.2462768554688
2485,297827,125.26056504115186,6.0477403564453125,1007.9567260742188
2486,297947,117.7412875402928,5.705827880859375,950.9713134765625
2487,298067,115.2181663304308,5.593437744140625,932.2396240234375
2488,298187,120.06187454586504,5.816926391601562,969.4877319335938
2489,298307,123.37370600360191,5.963414428710937,993.9024047851562
2490,298427,123.15216641434631,5.9566234130859375,992.7705688476562
2491,298547,126.82529377396119,6.1280321044921875,1021.3386840820312
2492,298667,129.67821335692253,6.24954345703125,1041.590576171875
2493,298787,123.59221537057147,5.975306762695313,995.8844604492188
2494,298907,120.91805156011975,5.849006469726563,974.8344116210938
2495,299027,120.94399967788964,5.8487958984375,974.79931640625
2496,299147,127.758117004787,6.16247900390625,1027.079833984375
2497,299267,120.90891047331384,5.85030615234375,975.051025390625
2498,299387,125.88881265508532,6.079056884765625,1013.1761474609375
2499,299507,121.98010474066736,5.90148193359375,983.580322265625
2500,299627,128.5752819745375,6.203468994140625,1033.9114990234375
2501,299747,124.32227739865158,6.005872192382813,1000.9786987304688
2502,299867,127.61217195941008,6.159799072265625,1026.6331787109375
2503,299987,123.6705614302474,5.977868774414063,996.3114624023438
2504,300107,125.01238149985811,6.040133422851563,1006.6889038085938
2505,300227,122.82174506840754,5.937815185546875,989.6358642578125
2506,300347,123.5330785837614,5.972756469726563,995.4594116210938
2507,300467,126.69357623902827,6.117647094726562,1019.6078491210938
2508,300587,122.26288528240244,5.91396533203125,985.660888671875
2509,300707,124.90820208932266,6.039916625976563,1006.6527709960938
2510,300827,131.7203832036553,6.347781005859375,1057.9635009765625
2511,300947,125.18602459368276,6.046780151367187,1007.7966918945312
2512,301067,116.25567184424774,5.638102294921875,939.6837158203125
2513,301187,124.31897520397371,6.007852294921875,1001.3087158203125
2514,301307,122.83386242198222,5.939130249023438,989.8550415039062
2515,301427,128.171028532285,6.1860849609375,1031.01416015625
2516,301547,120.98593101828486,5.858437133789063,976.4061889648438
2517,301667,128.34029809016593,6.193071533203125,1032.1785888671875
2518,301787,124.13852838408187,6.004588256835937,1000.7647094726562
2519,301907,126.6309625986166,6.115803588867188,1019.3005981445312
2520,302027,123.06095169012934,5.948663452148438,991.4439086914062
2521,302147,119.84380096903492,5.80245263671875,967.075439453125
2522,302267,127.1056987627739,6.137281127929688,1022.8801879882812
2523,302387,118.52900578385763,5.742766845703125,957.1278076171875
2524,302507,130.1709360706198,6.273837890625,1045.6396484375
2525,302627,121.29440856758809,5.872312866210938,978.7188110351562
2526,302747,133.14984154257428,6.4104931640625,1068.41552734375
2527,302867,120.38891293651636,5.828166137695312,971.3610229492188
2528,302987,126.94555608058499,6.127534790039062,1021.2557983398438
2529,303107,123.97348264127075,5.991943725585937,998.6572875976562
2530,303227,125.81838304032549,6.080435668945312,1013.4059448242188
2531,303347,125.4644227155699,6.059202392578125,1009.8670654296875
2532,303467,124.36490715023344,6.011748413085938,1001.9580688476562
2533,303587,123.12742042091239,5.9497049560546875,991.6174926757812
2534,303707,123.56918518895284,5.970572387695312,995.0953979492188
2535,303827,129.02881507931704,6.224310791015625,1037.3851318359375
2536,303947,126.59077639144036,6.1133701171875,1018.89501953125
2537,304067,126.66014617423355,6.1176170654296875,1019.6028442382812
2538,304187,129.32643690078945,6.244222412109375,1040.7037353515625
2539,304307,121.17796226325422,5.869409545898438,978.2349243164062
2540,304427,129.02172525826322,6.2257294921875,1037.62158203125
2541,304547,122.0842745223557,5.904510864257812,984.0851440429688
2542,304667,123.41544302214506,5.966858276367187,994.4763793945312
2543,304787,128.3468428245763,6.19135693359375,1031.892822265625
2544,304907,122.49138471632287,5.925633544921875,987.6055908203125
2545,305027,123.098169392713,5.954721313476562,992.4535522460938
2546,305147,117.07095029143085,5.678139404296875,946.3565673828125
2547,305267,119.89870616956038,5.80694970703125,967.824951171875
2548,305387,131.84386773607145,6.351689208984375,1058.6148681640625
2549,305507,126.49309489356375,6.109650512695312,1018.2750854492188
2550,305627,126.85446010492518,6.124415405273438,1020.7359008789062
2551,305747,128.65136487247344,6.20864794921875,1034.774658203125
2552,305867,124.57725142851527,6.023918334960937,1003.9863891601562
2553,305987,124.80147477591242,6.03115576171875,1005.192626953125
2554,306107,120.20724179957597,5.81841064453125,969.735107421875
2555,306227,125.68661888301014,6.072000732421875,1012.0001220703125
2556,306347,127.11898558715595,6.137800048828125,1022.9666748046875
2557,306467,123.63672115578346,5.976823974609375,996.1373291015625
2558,306587,125.52894086083545,6.061724853515625,1010.2874755859375
2559,306707,122.840429598625,5.937853637695312,989.6422729492188
2560,306827,118.49437861264745,5.740213989257812,956.7023315429688
2561,306947,126.27967711779293,6.099560302734375,1016.5933837890625
2562,307067,122.86598118251909,5.94361376953125,990.602294921875
2563,307187,128.36386807541712,6.192364013671875,1032.0606689453125
2564,307307,121.72249789524932,5.889826904296875,981.6378173828125
2565,307427,124.24182741114147,6.001005249023438,1000.1675415039062
2566,307547,119.93452620347851,5.805519287109375,967.5865478515625
2567,307667,125.7025344266584,6.070962158203125,1011.8270263671875
2568,307787,126.4936084209339,6.107429809570313,1017.9049682617188
2569,307907,129.20820550038331,6.234603515625,1039.1005859375
2570,308027,122.08861904531652,5.90687109375,984.478515625
2571,308147,105.55791888331956,5.150019653320313,858.3366088867188
2572,308267,122.55860654347447,5.92842919921875,988.071533203125
2573,308387,123.74221235469254,5.984158447265625,997.3597412109375
2574,308507,123.94234506472145,5.987568603515625,997.9281005859375
2575,308627,123.47107166440469,5.969238647460937,994.8731079101562
2576,308747,128.45938057731243,6.1989990234375,1033.16650390625
2577,308867,122.12733709284086,5.908821533203125,984.8035888671875
2578,308987,126.90165119379098,6.124685302734375,1020.7808837890625
2579,309107,124.08805533182043,5.9970069580078125,999.5011596679688
2580,309227,126.5699917557606,6.112727416992188,1018.7879028320312
2581,309347,126.23890476663175,6.099221557617187,1016.5369262695312
2582,309467,123.23839748139049,5.962861083984375,993.8101806640625
2583,309587,121.68066919369076,5.888135375976563,981.3558959960938
2584,309707,119.39362322277584,5.78203564453125,963.672607421875
2585,309827,132.07257701521354,6.3653876953125,1060.89794921875
2586,309947,127.25887572601991,6.14167236328125,1023.612060546875
2587,310067,118.27745102410627,5.730574584960937,955.0957641601562
2588,310187,120.51685671232963,5.833137817382813,972.1896362304688
2589,310307,125.99956868596959,6.08463427734375,1014.105712890625
2590,310427,130.65718114814067,6.29502978515625,1049.171630859375
2591,310547,128.4451851745074,6.20077734375,1033.462890625
2592,310667,129.54582791044484,6.248911376953125,1041.4852294921875
2593,310787,124.00329105251521,5.993971801757812,998.9953002929688
2594,310907,116.08539716603212,5.633801147460938,938.9668579101562
2595,311027,126.427108230599,6.104878784179688,1017.4797973632812
2596,311147,129.1947934005527,6.230419189453125,1038.4031982421875
2597,311267,121.50137193068815,5.8791826171875,979.86376953125
2598,311387,120.50830633785804,5.835416748046875,972.5694580078125
2599,311507,132.1302207887972,6.36717626953125,1061.196044921875
2600,311627,122.24597705845544,5.9097659912109375,984.9609985351562
2601,311747,135.03010815949125,6.50226416015625,1083.710693359375
2602,311867,124.50553147222261,6.015979614257812,1002.6632690429688
2603,311987,122.78534494048446,5.936779907226563,989.4633178710938
2604,312107,115.49395386784892,5.6047880859375,934.13134765625
2605,312227,122.58845005734904,5.929034912109375,988.1724853515625
2606,312347,126.18845369475997,6.094646484375,1015.7744140625
2607,312467,124.2016350497271,6.003493286132812,1000.5822143554688
2608,312587,120.57003487501332,5.838001098632812,973.0001831054688
2609,312707,127.60716645490106,6.15800830078125,1026.334716796875
2610,312827,123.30355742498543,5.961420043945313,993.5700073242188
2611,312947,123.46865185035448,5.965213256835938,994.2022094726562
2612,313067,118.32110127479177,5.728592651367188,954.7654418945312
2613,313187,127.11089748656526,6.137750244140625,1022.9583740234375
2614,313307,125.11409758677618,6.046248046875,1007.7080078125
2615,313427,131.90157337227305,6.358939453125,1059.8232421875
2616,313547,123.11690507203836,5.956203002929687,992.7005004882812
2617,313667,119.34235562753047,5.781180541992187,963.5300903320312
2618,313787,128.0887014373764,6.178963623046875,1029.8272705078125
2619,313907,120.27023421112497,5.827188720703125,971.1981201171875
2620,314027,122.06433343572425,5.904689208984375,984.1148681640625
2621,314147,128.78561683491606,6.214013671875,1035.6689453125
2622,314267,124.99234464066942,6.040184692382812,1006.6974487304688
2623,314387,116.01718120572902,5.627307495117187,937.8845825195312
2624,314507,122.28571414235014,5.916964965820313,986.1608276367188
2625,314627,121.18920104271689,5.863049194335938,977.1748657226562
2626,314747,125.61446497117385,6.0652001953125,1010.86669921875
2627,314867,129.99250412879599,6.270601318359375,1045.1002197265625
2628,314987,120.31636669749506,5.82697998046875,971.163330078125
2629,315107,118.44412890298715,5.736988037109375,956.1646728515625
2630,315227,129.32933978684534,6.23684912109375,1039.474853515625
2631,315347,123.88920980759188,5.992390502929688,998.7317504882812
2632,315467,125.30835316801158,6.054860595703125,1009.1434326171875
2633,315587,119.50491413339824,5.7877437744140625,964.6239624023438
2634,315707,126.79126823168184,6.120460327148438,1020.0767211914062
2635,315827,122.47398175469718,5.920048461914062,986.6747436523438
2636,315947,118.09366087067846,5.722499267578125,953.7498779296875
2637,316067,126.27831109212514,6.09761865234375,1016.269775390625
2638,316187,121.13378860962459,5.864291381835938,977.3818969726562
2639,316307,118.40186731645721,5.73824267578125,956.373779296875
2640,316427,130.5077369189726,6.29328955078125,1048.881591796875
2641,316547,130.82047190621884,6.308045654296875,1051.3409423828125
2642,316667,131.89097964213994,6.354221923828125,1059.0369873046875
2643,316787,126.86622450648704,6.122524291992187,1020.4207153320312
2644,316907,125.63387450410549,6.066946655273438,1011.1577758789062
2645,317027,123.31328848870751,5.961176147460938,993.5293579101562
2646,317147,129.46469756399438,6.241941650390625,1040.3236083984375
2647,317267,125.16971916901632,6.044162109375,1007.3603515625
2648,317387,121.75606784612825,5.892515258789063,982.0858764648438
2649,317507,120.21585818511744,5.819946899414062,969.9911499023438
2650,317627,124.44852239539445,6.014459838867188,1002.4099731445312
2651,317747,123.33825084494927,5.963382934570313,993.8971557617188
2652,317867,114.34118864690308,5.550691040039062,925.1151733398438
2653,317987,123.05936078321906,5.94523095703125,990.871826171875
2654,318107,114.58423817105292,5.56057763671875,926.762939453125
2655,318227,125.98719951679132,6.087158203125,1014.5263671875
2656,318347,118.588894267385,5.744303100585937,957.3838500976562
2657,318467,121.24204182836186,5.869442504882812,978.2404174804688
2658,318587,121.78369393621611,5.8923489990234375,982.0581665039062
2659,318707,121.66768706275816,5.885206787109375,980.8677978515625
2660,318827,122.68927942887552,5.934203979492188,989.0339965820312
2661,318947,128.94362764042586,6.2180009765625,1036.33349609375
2662,319067,123.72408871750179,5.97953759765625,996.589599609375
2663,319187,124.12914016214062,6.000072875976563,1000.0121459960938
2664,319307,129.76053685048547,6.26108349609375,1043.513916015625
2665,319427,128.51000982918322,6.20271240234375,1033.785400390625
2666,319547,120.66987589970046,5.840708862304687,973.4514770507812
2667,319667,126.59345323214973,6.111791748046875,1018.6319580078125
2668,319787,121.15401866037587,5.86416357421875,977.360595703125
2669,319907,120.74841635178649,5.8425263671875,973.75439453125
2670,320027,125.75865976940838,6.073090209960937,1012.1817016601562
2671,320147,125.13767952743875,6.049386474609375,1008.2310791015625
2672,320267,126.24360200659875,6.091976806640625,1015.3294677734375
2673,320387,122.91773925137751,5.944544677734375,990.7574462890625
2674,320507,120.99403266087235,5.856327392578125,976.0545654296875
2675,320627,127.42846128691141,6.151215087890625,1025.2025146484375
2676,320747,136.98537162292098,6.587816162109375,1097.9693603515625
2677,320867,120.02371725756105,5.810688720703125,968.4481201171875
2678,320987,122.33498615908978,5.919199951171875,986.5333251953125
2679,321107,124.65446303434634,6.022658935546875,1003.7764892578125
2680,321227,131.30511973326102,6.3239443359375,1053.99072265625
2681,321347,119.70523456410008,5.798362426757812,966.3937377929688
2682,321467,133.33733637177116,6.420763916015625,1070.1273193359375
2683,321587,129.63325334257732,6.252416748046875,1042.0694580078125
2684,321707,127.12830197151654,6.135843017578125,1022.6405029296875
2685,321827,118.39008473432625,5.737458618164062,956.2431030273438
2686,321947,119.68881321061932,5.797283203125,966.2138671875
2687,322067,125.05257959428279,6.041691650390625,1006.9486083984375
2688,322187,130.03289696617577,6.27042626953125,1045.071044921875
2689,322307,120.31651636198822,5.8291256103515625,971.5209350585938
2690,322427,125.13198528623214,6.045133666992188,1007.5222778320312
2691,322547,129.2154724550827,6.227858642578125,1037.9764404296875
2692,322667,127.55097449719564,6.1526044921875,1025.43408203125
2693,322787,126.43197131247827,6.1072353515625,1017.87255859375
2694,322907,117.8377930938512,5.7109365234375,951.82275390625
2695,323027,126.04098562774544,6.086272338867188,1014.3787231445312
2696,323147,124.88713735213757,6.038377807617188,1006.3963012695312
2697,323267,123.70623905962012,5.9762156982421875,996.0359497070312
2698,323387,121.83142187996036,5.894571166992187,982.4285278320312
2699,323507,121.07214997815784,5.856974853515625,976.1624755859375
2700,323627,125.17740363263847,6.046296752929687,1007.7161254882812
2701,323747,131.5654789650795,6.340465576171875,1056.7442626953125
2702,323867,128.80218465558514,6.21196142578125,1035.326904296875
2703,323987,127.54069165738194,6.156890625,1026.1484375
2704,324107,128.7408449771148,6.214789306640625,1035.7982177734375
2705,324227,129.45967817335452,6.24548876953125,1040.914794921875
2706,324347,125.1478409793436,6.049165283203125,1008.1942138671875
2707,324467,127.50623268312924,6.15255322265625,1025.425537109375
2708,324587,134.98290907867417,6.494244140625,1082.3740234375
2709,324707,125.45094296530553,6.0620006103515625,1010.3334350585938
2710,324827,120.75640392444222,5.842223876953125,973.7039794921875
2711,324947,129.73244572291043,6.255025634765625,1042.5042724609375
2712,325067,125.41115159268172,6.060629150390625,1010.1048583984375
2713,325187,128.46664167021808,6.1937373046875,1032.28955078125
2714,325307,124.59534515872691,6.0224501953125,1003.74169921875
2715,325427,122.48870381566155,5.920143676757813,986.6906127929688
2716,325547,125.0754627432773,6.041593872070313,1006.9323120117188
2717,325667,130.6299668833311,6.295576171875,1049.2626953125
2718,325787,125.40940954183492,6.057740112304687,1009.6233520507812
2719,325907,122.76076548817217,5.9380078125,989.66796875
2720,326027,127.29478091877199,6.144894287109375,1024.1490478515625
2721,326147,124.1956633669673,6.002742919921875,1000.4571533203125
2722,326267,126.58935449482414,6.112750122070312,1018.7916870117188
2723,326387,116.83025096713357,5.666356201171875,944.3927001953125
2724,326507,121.6489281195181,5.88739013671875,981.231689453125
2725,326627,133.75113265364996,6.4366640625,1072.77734375
2726,326747,125.11981626332769,6.041613647460937,1006.9356079101562
2727,326867,128.7471197424626,6.211226806640625,1035.2044677734375
2728,326987,125.80877667774607,6.077712524414062,1012.9520874023438
2729,327107,127.7792468569786,6.165755126953125,1027.6258544921875
2730,327227,119.21851122126466,5.775510864257813,962.5851440429688
2731,327347,122.67529439696528,5.9351436767578125,989.1906127929688
2732,327467,124.17380836026828,6.0063365478515625,1001.0560913085938
2733,327587,129.2499632650637,6.234995361328125,1039.1658935546875
2734,327707,122.08565952905754,5.906963745117188,984.4939575195312
2735,327827,124.49516525261849,6.014935913085938,1002.4893188476562
2736,327947,124.46512594252114,6.017467895507813,1002.9113159179688
2737,328067,129.56207120614525,6.247571044921875,1041.2618408203125
2738,328187,119.6105067703335,5.791134887695312,965.1891479492188
2739,328307,126.85925287316914,6.123922485351563,1020.6537475585938
2740,328427,125.16909719300381,6.048364379882813,1008.0607299804688
2741,328547,135.4973046045742,6.518282958984375,1086.3804931640625
2742,328667,124.8012245251671,6.027019409179688,1004.5032348632812
2743,328787,126.8714661558819,6.125468994140625,1020.9114990234375
2744,328907,118.73710150989069,5.751125244140625,958.5208740234375
2745,329027,121.08211919558288,5.855865234375,975.9775390625
2746,329147,124.56118537542031,6.021082763671875,1003.5137939453125
2747,329267,125.2772152503595,6.0501470947265625,1008.3578491210938
2748,329387,123.66131530857308,5.980814208984375,996.8023681640625
2749,329507,123.57226511165014,5.970193725585937,995.0322875976562
2750,329627,123.55854709606835,5.975968505859375,995.9947509765625
2751,329747,115.13706077345414,5.590108520507813,931.6847534179688
2752,329867,130.14549866115,6.278425048828125,1046.4041748046875
2753,329987,118.17070175661203,5.72256005859375,953.760009765625
2754,330107,127.86177985885527,6.169998779296875,1028.3331298828125
2755,330227,123.70701719883978,5.983453125,997.2421875
2756,330347,126.92775491225781,6.127252807617188,1021.2088012695312
2757,330467,133.89387878863613,6.447629150390625,1074.6048583984375
2758,330587,132.41057975479987,6.379944580078125,1063.3240966796875
2759,330707,130.54260444918813,6.290911376953125,1048.4852294921875
2760,330827,129.65634538664548,6.249747802734375,1041.6246337890625
2761,330947,125.85608885797201,6.076493408203125,1012.7489013671875
2762,331067,122.00948672794455,5.899868408203125,983.3114013671875
2763,331187,126.81041021104957,6.12353759765625,1020.589599609375
2764,331307,130.00528068349294,6.264503173828125,1044.0838623046875
2765,331427,129.8216655184525,6.259017333984375,1043.1695556640625
2766,331547,121.85666607881997,5.895617065429687,982.6028442382812
2767,331667,127.01897577539746,6.134173828125,1022.3623046875
2768,331787,115.71177819316097,5.6137060546875,935.61767578125
2769,331907,121.88496482345376,5.89203515625,982.005859375
2770,332027,122.64113155446289,5.93283544921875,988.805908203125
2771,332147,127.44632322729743,6.15336767578125,1025.561279296875
2772,332267,128.52883099443545,6.202824462890625,1033.8040771484375
2773,332387,124.2381912677305,6.004953735351562,1000.8256225585938
2774,332507,124.49324440138857,6.0131510009765625,1002.1918334960938
2775,332627,122.95971627013323,5.944540283203125,990.7567138671875
2776,332747,125.65570022077664,6.064427490234375,1010.7379150390625
2777,332867,129.42619460315169,6.244833984375,1040.8056640625
2778,332987,123.66446157870982,5.978021850585938,996.3369750976562
2779,333107,128.43836221151432,6.195706787109375,1032.6177978515625
2780,333227,133.36650278593686,6.423448974609375,1070.5748291015625
2781,333347,121.19171280889547,5.864504150390625,977.4173583984375
2782,333467,124.18790056140332,6.0024287109375,1000.40478515625
2783,333587,117.62979637052403,5.698934692382813,949.8224487304688
2784,333707,128.17544598862906,6.1849189453125,1030.81982421875
2785,333827,120.69990669986403,5.83851123046875,973.085205078125
2786,333947,131.81210251311714,6.350574462890625,1058.4290771484375
2787,334067,121.35769161667743,5.8733994140625,978.89990234375
2788,334187,118.91996664711078,5.762931884765625,960.4886474609375
2789,334307,118.54832141580636,5.748812255859375,958.1353759765625
2790,334427,134.51157953812105,6.475904296875,1079.3173828125
2791,334547,120.71840567105184,5.842358642578125,973.7264404296875
2792,334667,120.44013396227547,5.8293046875,971.55078125
2793,334787,128.33436545210105,6.190259765625,1031.7099609375
2794,334907,128.14021531751084,6.178906494140625,1029.8177490234375
2795,335027,126.22799918089672,6.095484008789063,1015.9140014648438
2796,335147,124.62353616448524,6.017512573242188,1002.9187622070312
2797,335267,129.65559823358845,6.2562216796875,1042.70361328125
2798,335387,128.07039050406283,6.177814453125,1029.6357421875
2799,335507,128.14661864524422,6.178229736328125,1029.7049560546875
2800,335627,133.14384339185705,6.408037353515625,1068.0062255859375
2801,335747,127.47429621173224,6.15319775390625,1025.532958984375
2802,335867,127.10153223609262,6.139015869140625,1023.1693115234375
2803,335987,125.6481155995374,6.071295043945312,1011.8825073242188
2804,336107,136.62275933794405,6.57063720703125,1095.106201171875
2805,336227,122.4930166993174,5.92617333984375,987.695556640625
2806,336347,121.17744753285251,5.8642598876953125,977.3766479492188
2807,336467,115.1929452431713,5.594058837890625,932.3431396484375
2808,336587,112.93410511251605,5.486331298828125,914.3885498046875
2809,336707,119.944009736768,5.80774951171875,967.958251953125
2810,336827,125.16708611435031,6.045589599609375,1007.5982666015625
2811,336947,125.03148016989732,6.037212158203125,1006.2020263671875
2812,337067,130.882251177112,6.308882080078125,1051.4803466796875
2813,337187,133.86505706047052,6.44520849609375,1074.201416015625
2814,337307,128.23027539466693,6.187910888671875,1031.3184814453125
2815,337427,124.54908302124662,6.016788208007813,1002.7980346679688
2816,337547,121.6056451510912,5.880788818359375,980.1314697265625
2817,337667,125.52582250859194,6.063651123046875,1010.6085205078125
2818,337787,135.22805105559746,6.5043984375,1084.06640625
2819,337907,131.9717816049563,6.35247509765625,1058.745849609375
2820,338027,123.15849095101112,5.9530616455078125,992.1769409179688
2821,338147,123.76729815869305,5.980617919921875,996.7696533203125
2822,338267,132.76093385180238,6.38764453125,1064.607421875
2823,338387,121.5886071420668,5.880025634765625,980.0042724609375
2824,338507,121.50659445975067,5.874298461914062,979.0497436523438
2825,338627,123.22616398964585,5.957858642578125,992.9764404296875
2826,338747,122.46591061842965,5.922096313476563,987.0160522460938
2827,338867,130.2007770142983,6.277888916015625,1046.3148193359375
2828,338987,126.15627124467242,6.091235229492187,1015.2058715820312
2829,339107,123.69048742232255,5.979599487304688,996.5999145507812
2830,339227,123.68772444103354,5.981778442382812,996.9630737304688
2831,339347,126.50152020656016,6.1080472412109375,1018.0078735351562
2832,339467,133.11084211533654,6.408486328125,1068.0810546875
2833,339587,131.7463823003197,6.34515966796875,1057.526611328125
2834,339707,131.74641058978798,6.349604736328125,1058.2674560546875
2835,339827,120.17260756119354,5.817916259765625,969.6527099609375
2836,339947,129.3551364957071,6.2385908203125,1039.76513671875
2837,340067,122.88621921744137,5.940873413085938,990.1455688476562
2838,340187,123.80172832304488,5.983791137695312,997.2985229492188
2839,340307,131.01907934582184,6.31470703125,1052.451171875
2840,340427,125.3448071250129,6.054942260742187,1009.1570434570312
2841,340547,129.69979209306783,6.251753173828125,1041.9588623046875
2842,340667,125.89424661754852,6.0763154296875,1012.71923828125
2843,340787,127.50799016975881,6.1508525390625,1025.14208984375
2844,340907,128.59386373104903,6.205717529296875,1034.2862548828125
2845,341027,122.6394952713527,5.929836547851562,988.3060913085938
2846,341147,127.5208885101723,6.15465087890625,1025.775146484375
2847,341267,120.90557356234525,5.85094189453125,975.156982421875
2848,341387,126.06089169308699,6.082005249023437,1013.6675415039062
2849,341507,122.4699563230796,5.924625732421875,987.4376220703125
2850,341627,125.993672271317,6.085330078125,1014.2216796875
2851,341747,131.69095026888596,6.3448623046875,1057.47705078125
2852,341867,122.55687851266237,5.922052368164063,987.0087280273438
2853,341987,126.73702113546635,6.117029296875,1019.5048828125
2854,342107,128.4467536894502,6.196899169921875,1032.8165283203125
2855,342227,134.40126579207384,6.470599365234375,1078.4332275390625
2856,342347,119.3292929016093,5.777219970703125,962.8699951171875
2857,342467,130.19341638409398,6.276106201171875,1046.0177001953125
2858,342587,130.58183422294152,6.295130859375,1049.1884765625
2859,342707,129.6331319057178,6.255659912109375,1042.6099853515625
2860,342827,123.36018278120574,5.962130493164063,993.6884155273438
2861,342947,125.53822850627968,6.059834838867188,1009.9724731445312
2862,343067,121.6387322509208,5.882257690429688,980.3762817382812
2863,343187,114.19960464098449,5.5422213134765625,923.7035522460938
2864,343307,128.09875125778078,6.1789892578125,1029.83154296875
2865,343427,129.8960290643373,6.26048291015625,1043.413818359375
2866,343547,124.62645146920968,6.01982373046875,1003.303955078125
2867,343667,124.39489828909949,6.00905126953125,1001.508544921875
2868,343787,129.0810655487893,6.221277099609375,1036.8795166015625
2869,343907,126.80889887770358,6.119280029296875,1019.8800048828125
2870,344027,123.37932183502254,5.963605590820313,993.9342651367188
2871,344147,127.1040982188632,6.129646362304688,1021.6077270507812
2872,344267,131.64827901853278,6.33791015625,1056.318359375
2873,344387,126.92880397974352,6.125622802734375,1020.9371337890625
2874,344507,123.47442327131611,5.966331298828125,994.3885498046875
2875,344627,131.16208386331473,6.319431884765625,1053.2386474609375
2876,344747,121.26164081137306,5.868723266601562,978.1205444335938
2877,344867,115.0696088533637,5.5814534912109375,930.2422485351562
2878,344987,120.71783457395259,5.842109985351563,973.6849975585938
2879,345107,126.96152023025061,6.12488671875,1020.814453125
2880,345227,130.0475541152147,6.270333984375,1045.0556640625
2881,345347,126.42356828461021,6.100114379882813,1016.6857299804688
2882,345467,121.35008318931088,5.867448120117188,977.9080200195312
2883,345587,126.8105203286338,6.1190185546875,1019.83642578125
2884,345707,120.8974168420703,5.849193969726563,974.8656616210938
2885,345827,129.81868449254242,6.260794189453125,1043.4656982421875
2886,345947,119.57818485851557,5.787026733398437,964.5044555664062
2887,346067,121.09340585031777,5.856954711914063,976.1591186523438
2888,346187,123.50160454696147,5.970653686523438,995.1089477539062
2889,346307,127.87060168570045,6.1707216796875,1028.45361328125
2890,346427,126.43202196694745,6.106553100585938,1017.7588500976562
2891,346547,134.10101362193,6.452624267578125,1075.4373779296875
2892,346667,129.28687511314695,6.233246337890625,1038.8743896484375
2893,346787,122.82950608960766,5.941421630859375,990.2369384765625
2894,346907,123.43007745919384,5.96300244140625,993.833740234375
2895,347027,124.49111987854533,6.015030029296875,1002.5050048828125
2896,347147,126.5317833691935,6.1072880859375,1017.88134765625
2897,347267,126.68642288305684,6.110432739257813,1018.4054565429688
2898,347387,123.62772671063928,5.97622265625,996.037109375
2899,347507,123.93968779372322,5.990497192382812,998.4161987304688
2900,347627,123.55392867629556,5.9706793212890625,995.1132202148438
2901,347747,127.30873543036779,6.139948974609375,1023.3248291015625
2902,347867,131.28314835255838,6.322549072265625,1053.7581787109375
2903,347987,126.45270871128443,6.104344116210937,1017.3906860351562
2904,348107,129.0314562303229,6.223207763671875,1037.2012939453125
2905,348227,129.5100694869153,6.242086669921875,1040.3477783203125
2906,348347,130.14406547241003,6.27215185546875,1045.358642578125
2907,348467,132.673492334561,6.388389404296875,1064.7315673828125
2908,348587,114.33166514974246,5.547864624023438,924.6441040039062
2909,348707,125.07606473199252,6.044038696289062,1007.3397827148438
2910,348827,127.77200669663239,6.16640478515625,1027.734130859375
2911,348947,121.91357777077157,5.896125366210938,982.6875610351562
2912,349067,122.91038132517156,5.943880737304688,990.6467895507812
2913,349187,124.98083920349487,6.035573364257813,1005.9288940429688
2914,349307,120.84672421735456,5.849527221679687,974.9212036132812
2915,349427,121.95581298261217,5.898207641601562,983.0346069335938
2916,349547,121.22474685937435,5.867726440429688,977.9544067382812
2917,349667,134.86090770319512,6.485923828125,1080.9873046875
2918,349787,128.42857492439705,6.193437744140625,1032.2396240234375
2919,349907,131.80115675457392,6.352734375,1058.7890625
2920,350027,130.7420300642439,6.300802001953125,1050.1336669921875
2921,350147,130.13714866525896,6.273295166015625,1045.5491943359375
2922,350267,126.02324421994226,6.082278076171875,1013.7130126953125
2923,350387,129.54780170032626,6.24270849609375,1040.451416015625
2924,350507,122.75587972951465,5.934279418945312,989.0465698242188
2925,350627,123.99789041727595,5.987651733398438,997.9419555664062
2926,350747,127.24362765092386,6.137062133789063,1022.8436889648438
2927,350867,121.29400144725318,5.8674580078125,977.90966796875
2928,350987,126.05376559183789,6.084967895507813,1014.1613159179688
2929,351107,120.00696625098335,5.805613037109375,967.6021728515625
2930,351227,126.73923240663957,6.116197265625,1019.3662109375
2931,351347,126.41680268362916,6.100317260742187,1016.7195434570312
2932,351467,124.55604402188123,6.0149036865234375,1002.4839477539062
2933,351587,122.06928197030498,5.901277221679687,983.5462036132812
2934,351707,124.68264716320095,6.0216302490234375,1003.6050415039062
2935,351827,132.0941005700847,6.363941162109375,1060.6568603515625
2936,351947,129.75841921703162,6.255693603515625,1042.6156005859375
2937,352067,137.81930331985166,6.623967041015625,1103.9945068359375
2938,352187,130.07486440479636,6.26814111328125,1044.690185546875
2939,352307,127.5821450874443,6.15455859375,1025.759765625
2940,352427,121.88793121050591,5.890532958984375,981.7554931640625
2941,352547,125.13905101232967,6.04496044921875,1007.493408203125
2942,352667,120.6125774387781,5.832756225585937,972.1260375976562
2943,352787,124.22887173144439,6.0014234619140625,1000.2372436523438
2944,352907,124.58905369237588,6.020952392578125,1003.4920654296875
2945,353027,128.53048722954662,6.197556884765625,1032.9261474609375
2946,353147,132.8135977385717,6.393627685546875,1065.6046142578125
2947,353267,126.57084455375004,6.106188720703125,1017.6981201171875
2948,353387,120.69452844203845,5.8373258056640625,972.8876342773438
2949,353507,126.92929624756177,6.1259351806640625,1020.9891967773438
2950,353627,129.2852527497729,6.230299072265625,1038.3831787109375
2951,353747,125.4914169346183,6.060767944335938,1010.1279907226562
2952,353867,129.64862931723007,6.252113525390625,1042.0189208984375
2953,353987,125.7334737021122,6.068132080078125,1011.3553466796875
2954,354107,122.7907112712584,5.937905639648437,989.6509399414062
2955,354227,138.2348029756849,6.642557373046875,1107.0928955078125
2956,354347,123.50001500000694,5.968640625,994.7734375
2957,354467,131.1666341905676,6.319342529296875,1053.2237548828125
2958,354587,129.1906865755567,6.226773193359375,1037.7955322265625
2959,354707,125.5332017211757,6.0638642578125,1010.64404296875
2960,354827,127.84026571650631,6.16382666015625,1027.304443359375
2961,354947,118.5174947440378,5.744458740234375,957.4097900390625
2962,355067,122.55889583204416,5.926905395507813,987.8175659179688
2963,355187,124.2046270444873,6.0025484619140625,1000.4247436523438
2964,355307,123.1856809396651,5.954361328125,992.3935546875
2965,355427,133.38420763011567,6.4154736328125,1069.24560546875
2966,355547,133.573299883361,6.431968505859375,1071.9947509765625
2967,355667,128.8846791437921,6.2162109375,1036.03515625
2968,355787,129.7037496673358,6.250271484375,1041.7119140625
2969,355907,127.09803554266342,6.131972900390625,1021.9954833984375
2970,356027,130.61964442228125,6.295808349609375,1049.3013916015625
2971,356147,125.31046123753941,6.051132934570313,1008.5221557617188
2972,356267,126.112398597464,6.085425659179688,1014.2376098632812
2973,356387,129.51140648120776,6.24342919921875,1040.571533203125
2974,356507,133.12373843352958,6.412885986328125,1068.8143310546875
2975,356627,121.06600047446746,5.857597412109375,976.2662353515625
2976,356747,129.6102817362226,6.251262451171875,1041.8770751953125
2977,356867,129.14693040643468,6.225661376953125,1037.6102294921875
2978,356987,132.20285071150224,6.36877294921875,1061.462158203125
2979,357107,119.76672965422506,5.796340576171875,966.0567626953125
2980,357227,130.86039663584324,6.306525146484375,1051.0875244140625
2981,357347,130.2954450704579,6.2783232421875,1046.38720703125
2982,357467,119.29181410680322,5.777730834960938,962.9551391601562
2983,357587,122.21499062878732,5.912556884765625,985.4261474609375
2984,357707,120.67897699284612,5.835919189453125,972.6531982421875
2985,357827,125.79248692978267,6.074521728515625,1012.4202880859375
2986,357947,127.36921980893256,6.1429552001953125,1023.8258666992188
2987,358067,128.28287195606137,6.187216552734375,1031.2027587890625
2988,358187,123.733421206798,5.98372998046875,997.288330078125
2989,358307,131.61288403296948,6.339418212890625,1056.5697021484375
2990,358427,127.2729662946096,6.137421752929687,1022.9036254882812
2991,358547,120.30124361387516,5.826885131835938,971.1475219726562
2992,358667,125.46767841645962,6.060193725585938,1010.0322875976562
2993,358787,129.61367932294908,6.2471865234375,1041.19775390625
2994,358907,124.31835088073204,6.0078409423828125,1001.3068237304688
2995,359027,132.11136835261482,6.361768798828125,1060.2947998046875
2996,359147,125.40283874262968,6.054544189453125,1009.0906982421875
2997,359267,125.52659090839114,6.057777465820313,1009.6295776367188
2998,359387,128.2556694234441,6.1864013671875,1031.06689453125
2999,359507,133.14414527336436,6.406423095703125,1067.7371826171875
3000,359627,130.04604800526263,6.266458740234375,1044.4097900390625
3001,359747,122.68252002890742,5.933285522460937,988.8809204101562
3002,359867,123.06340939768383,5.947361572265625,991.2269287109375
3003,359987,132.79368078564897,6.39365625,1065.609375
3004,360107,127.05598118982051,6.1294716796875,1021.57861328125
3005,360227,123.64926708407353,5.973657348632813,995.6095581054688
3006,360347,128.50390383166402,6.20021630859375,1033.369384765625
3007,360467,131.95045966197807,6.354025634765625,1059.0042724609375
3008,360587,126.77871571613716,6.116282592773437,1019.3804321289062
3009,360707,132.14809282993275,6.365524658203125,1060.9207763671875
3010,360827,126.99325298925406,6.121708374023438,1020.2847290039062
3011,360947,136.48823097097687,6.563306396484375,1093.8843994140625
3012,361067,133.21622899111827,6.4156611328125,1069.27685546875
3013,361187,127.45309229760312,6.14435595703125,1024.059326171875
3014,361307,128.92714218915813,6.21721435546875,1036.202392578125
3015,361427,138.76304625757967,6.66477392578125,1110.795654296875
3016,361547,123.35462377345,5.959371826171875,993.2286376953125
3017,361667,129.79842823169275,6.256072998046875,1042.6788330078125
3018,361787,126.13097972184198,6.090183837890625,1015.0306396484375
3019,361907,126.69612031775964,6.1122216796875,1018.70361328125
3020,362027,130.8713483466533,6.30730517578125,1051.217529296875
3021,362147,126.75144017474055,6.11559814453125,1019.266357421875
3022,362267,122.00031063296318,5.902481689453125,983.7469482421875
3023,362387,129.42755643111028,6.240205810546875,1040.0343017578125
3024,362507,124.12616748222518,5.997933471679688,999.6555786132812
3025,362627,130.85499930176633,6.3012568359375,1050.20947265625
3026,362747,130.9623658702063,6.307939453125,1051.3232421875
3027,362867,127.10138345123679,6.132493286132813,1022.0822143554688
3028,362987,128.8880040433457,6.212478515625,1035.4130859375
3029,363107,126.29123585444142,6.091802490234375,1015.3004150390625
3030,363227,126.31190221501055,6.09437841796875,1015.729736328125
3031,363347,128.21263450136883,6.17958544921875,1029.930908203125
3032,363467,127.66055607853171,6.163281005859375,1027.2135009765625
3033,363587,129.92149028091228,6.25876025390625,1043.126708984375
3034,363707,128.51562757525775,6.197080078125,1032.8466796875
3035,363827,129.6188310082428,6.2478251953125,1041.30419921875
3036,363947,129.31643752070912,6.23225244140625,1038.708740234375
3037,364067,126.04145874084995,6.08347119140625,1013.911865234375
3038,364187,127.61482326856675,6.152927490234375,1025.4879150390625
3039,364307,128.43586345056286,6.19127783203125,1031.879638671875
3040,364427,125.5191852313515,6.061442504882812,1010.2404174804688
3041,364547,126.96130629752572,6.12901318359375,1021.502197265625
3042,364667,133.68359857368654,6.4282353515625,1071.37255859375
3043,364787,138.3106461367278,6.6455419921875,1107.59033203125
3044,364907,126.22784004519994,6.089525756835937,1014.9209594726562
3045,365027,124.44976267607716,6.008648803710938,1001.4414672851562
3046,365147,125.1598755807612,6.0406256103515625,1006.7709350585938
3047,365267,129.12867939621674,6.224061767578125,1037.3436279296875
3048,365387,122.34824626005366,5.911055053710937,985.1758422851562
3049,365507,133.73613075906383,6.43328173828125,1072.213623046875
3050,365627,134.18577496999401,6.458354736328125,1076.3924560546875
3051,365747,121.94640457225286,5.8962030029296875,982.7005004882812
3052,365867,124.54848279201398,6.015870483398437,1002.6450805664062
3053,365987,132.23051171452988,6.368385498046875,1061.3975830078125
3054,366107,125.04295346406444,6.040313232421875,1006.7188720703125
3055,366227,133.97721175530586,6.447410888671875,1074.5684814453125
3056,366347,124.3509333973539,6.00790576171875,1001.317626953125
3057,366467,127.85346428976275,6.1649765625,1027.49609375
3058,366587,127.96306152074645,6.1713544921875,1028.55908203125
3059,366707,124.04273300557702,5.992662231445313,998.7770385742188
3060,366827,123.54425325456641,5.9691881103515625,994.8646850585938
3061,366947,126.30355566024538,6.09551806640625,1015.919677734375
3062,367067,121.54750739937114,5.875282470703125,979.2137451171875
3063,367187,127.57597727242066,6.150756591796875,1025.1260986328125
3064,367307,130.37678922326603,6.2835849609375,1047.26416015625
3065,367427,125.34841220051268,6.0498837890625,1008.31396484375
3066,367547,132.20101101126892,6.363658447265625,1060.6097412109375
3067,367667,119.93961325138473,5.804998901367187,967.4998168945312
3068,367787,126.84838016144855,6.117450805664062,1019.5751342773438
3069,367907,124.50022044565213,6.0108486328125,1001.80810546875
3070,368027,125.8540894045357,6.07072265625,1011.787109375
3071,368147,130.66532492099606,6.293484375,1048.9140625
3072,368267,126.07651312091588,6.082513916015625,1013.7523193359375
3073,368387,116.92206422234986,5.664012451171875,944.0020751953125
3074,368507,129.71310290597964,6.25495458984375,1042.492431640625
3075,368627,131.8019371659111,6.345435791015625,1057.5726318359375
3076,368747,128.5072073655562,6.19005615234375,1031.676025390625
3077,368867,137.3924430376607,6.605432373046875,1100.9053955078125
3078,368987,124.82086751944146,6.031310302734375,1005.2183837890625
3079,369107,125.25547333905746,6.046485717773438,1007.7476196289062
3080,369227,127.99998437819853,6.1736484375,1028.94140625
3081,369347,127.91427084939737,6.165753662109375,1027.6256103515625
3082,369467,135.3579040006586,6.511852294921875,1085.3087158203125
3083,369587,122.79682391866734,5.935088012695313,989.1813354492188
3084,369707,124.04548684525096,5.993679931640625,998.9466552734375
3085,369827,126.00933826256141,6.082509155273438,1013.7515258789062
3086,369947,134.1087901563383,6.455066162109375,1075.8443603515625
3087,370067,126.40129986052209,6.098673706054687,1016.4456176757812
3088,370187,133.18446048050242,6.41437060546875,1069.061767578125
3089,370307,124.52320346250637,6.014555419921875,1002.4259033203125
3090,370427,126.2962861575217,6.09554296875,1015.923828125
3091,370547,136.53838379925617,6.561166259765625,1093.5277099609375
3092,370667,130.8719644774706,6.307060546875,1051.1767578125
3093,370787,126.97272156178883,6.124690063476563,1020.7816772460938
3094,370907,129.6674900740265,6.247721923828125,1041.2869873046875
3095,371027,133.25032593641578,6.412023193359375,1068.6705322265625
3096,371147,123.41768484912016,5.959754150390625,993.2923583984375
3097,371267,127.0916670622493,6.126799438476563,1021.1332397460938
3098,371387,129.65328110020704,6.247857421875,1041.3095703125
3099,371507,122.34041704306173,5.914210327148438,985.7017211914062
3100,371627,126.08453270544832,6.083708129882813,1013.9513549804688
3101,371747,131.47556812245085,6.332520263671875,1055.4200439453125
3102,371867,123.51763590133885,5.966927490234375,994.4879150390625
3103,371987,124.02716388664228,5.989139282226563,998.1898803710938
3104,372107,126.10717772908535,6.08250732421875,1013.751220703125
3105,372227,125.18168728785966,6.042780395507813,1007.1300659179688
3106,372347,124.92128845938704,6.029517700195313,1004.9196166992188
3107,372467,126.48308995188104,6.102561767578125,1017.0936279296875
3108,372587,123.9191494978341,5.98434814453125,997.391357421875
3109,372707,119.79506314314528,5.794984130859375,965.8306884765625
3110,372827,130.14887280124688,6.26795654296875,1044.659423828125
3111,372947,122.13086180288732,5.90246630859375,983.744384765625
3112,373067,130.84535993129438,6.30140771484375,1050.234619140625
3113,373187,133.02847682441734,6.401659423828125,1066.9432373046875
3114,373307,132.39221993168607,6.373398193359375,1062.2330322265625
3115,373427,129.44867348344147,6.23883984375,1039.806640625
3116,373547,119.1085870795579,5.7621474609375,960.35791015625
3117,373667,124.93398819579889,6.031457885742188,1005.2429809570312
3118,373787,126.32457093115892,6.091318359375,1015.2197265625
3119,373907,122.11640035040296,5.902519409179687,983.7532348632812
3120,374027,134.2886191257314,6.45968115234375,1076.613525390625
3121,374147,130.82641431250775,6.2969853515625,1049.49755859375
3122,374267,125.88058428288306,6.073089111328125,1012.1815185546875
3123,374387,127.99597938445842,6.174703857421875,1029.1173095703125
3124,374507,125.35684317263744,6.050279663085938,1008.3799438476562
3125,374627,122.79353079789412,5.931404296875,988.5673828125
3126,374747,131.55409544186523,6.34073291015625,1056.788818359375
3127,374867,118.70539744194204,5.745552612304688,957.5921020507812
3128,374987,120.81723541272757,5.83774365234375,972.957275390625
3129,375107,120.06466348138838,5.809885620117187,968.3142700195312
3130,375227,131.03522167419698,6.30933544921875,1051.555908203125
3131,375347,124.36449025451758,6.003504272460938,1000.5840454101562
3132,375467,125.95754363102289,6.076374755859375,1012.7291259765625
3133,375587,123.89678239466699,5.9855859375,997.59765625
3134,375707,131.09317612691848,6.31294921875,1052.158203125
3135,375827,130.1883492355313,6.2719189453125,1045.31982421875
3136,375947,128.6801708767206,6.20113330078125,1033.522216796875
3137,376067,124.87346210328016,6.027229614257813,1004.5382690429688
3138,376187,129.6050970519699,6.2456220703125,1040.93701171875
3139,376307,130.82745788729412,6.301226806640625,1050.2044677734375
3140,376427,126.4497681809595,6.099579345703125,1016.5965576171875
3141,376547,127.74299584171922,6.160067138671875,1026.6778564453125
3142,376667,130.5343871606055,6.28728076171875,1047.880126953125
3143,376787,127.59639284072335,6.15273046875,1025.455078125
3144,376907,130.23690623853406,6.273087890625,1045.5146484375
3145,377027,131.36946502417885,6.326510009765625,1054.4183349609375
3146,377147,138.31963522106037,6.64245703125,1107.076171875
3147,377267,132.46735787788788,6.376948974609375,1062.8248291015625
3148,377387,130.8507636846374,6.298483154296875,1049.7471923828125
3149,377507,122.43672100197846,5.917231567382813,986.2052612304688
3150,377627,120.64296116659946,5.837243408203125,972.8739013671875
3151,377747,122.0099107352431,5.89654541015625,982.757568359375
3152,377867,127.43652833698938,6.145020263671875,1024.1700439453125
3153,377987,131.21531401862438,6.317515869140625,1052.9193115234375
3154,378107,133.78321702584952,6.4380087890625,1073.00146484375
3155,378227,123.83289713744875,5.97861767578125,996.436279296875
3156,378347,124.25125143799508,5.997579345703125,999.5965576171875
3157,378467,128.23247467424295,6.1828154296875,1030.46923828125
3158,378587,123.71552726825425,5.974224609375,995.7041015625
3159,378707,130.10250951467663,6.266023681640625,1044.3372802734375
3160,378827,124.25331553794842,5.998456420898438,999.7427368164062
3161,378947,130.21289289917908,6.277156494140625,1046.1927490234375
3162,379067,123.89700304462636,5.98099072265625,996.831787109375
3163,379187,126.65184661150103,6.109128662109375,1018.1881103515625
3164,379307,129.3533657812302,6.232593017578125,1038.7655029296875
3165,379427,122.44995256686907,5.922362182617188,987.0603637695312
3166,379547,131.9718340973307,6.35530224609375,1059.217041015625
3167,379667,128.94557928833217,6.214844970703125,1035.8074951171875
3168,379787,128.08132240217023,6.174550048828125,1029.0916748046875
3169,379907,132.66453708369392,6.384911865234375,1064.1519775390625
3170,380027,132.50318593546712,6.379803955078125,1063.3006591796875
3171,380147,123.3468740223491,5.953946044921875,992.3243408203125
3172,380267,128.44330401887544,6.189588134765625,1031.5980224609375
3173,380387,125.52252573429806,6.055041870117187,1009.1736450195312
3174,380507,128.54982396509928,6.20022802734375,1033.371337890625
3175,380627,130.04355820627268,6.265239990234375,1044.2066650390625
3176,380747,125.91935818663752,6.076463012695313,1012.7438354492188
3177,380867,121.86244148390871,5.8852529296875,980.87548828125
3178,380987,122.60077471840334,5.925944091796875,987.6573486328125
3179,381107,127.5887516156846,6.151308837890625,1025.2181396484375
3180,381227,123.60602133105445,5.969423583984375,994.9039306640625
3181,381347,129.63309477171362,6.243388916015625,1040.5648193359375
3182,381467,128.57174789041778,6.20035546875,1033.392578125
3183,381587,117.53167978364498,5.694150146484375,949.0250244140625
3184,381707,119.95015388453997,5.805361083984375,967.5601806640625
3185,381827,128.72721069125794,6.209335693359375,1034.8892822265625
3186,381947,128.96721476853872,6.21971630859375,1036.619384765625
3187,382067,122.56062231428523,5.91966943359375,986.611572265625
3188,382187,122.23266558416186,5.908847900390625,984.8079833984375
3189,382307,134.51765402968869,6.468931640625,1078.1552734375
3190,382427,126.14387984900137,6.08743798828125,1014.572998046875
3191,382547,133.2562103703172,6.41115380859375,1068.525634765625
3192,382667,129.5068018611106,6.24016552734375,1040.027587890625
3193,382787,125.54090346956093,6.060791015625,1010.1318359375
3194,382907,123.51549950379845,5.96652099609375,994.420166015625
3195,383027,128.57259814514805,6.19220654296875,1032.034423828125
3196,383147,125.59361628579373,6.056997436523438,1009.4995727539062
3197,383267,130.6136706200424,6.29230224609375,1048.717041015625
3198,383387,126.41809947957854,6.097459350585938,1016.2432250976562
3199,383507,124.6315549381794,6.020245971679688,1003.3743286132812
3200,383627,127.08265989499091,6.1292310791015625,1021.5385131835938
3201,383747,124.15220175142457,5.992555297851562,998.7592163085938
3202,383867,126.59684137567548,6.107889404296875,1017.9815673828125
3203,383987,121.10493260600548,5.855306762695313,975.8844604492188
3204,384107,130.04585944957822,6.2635634765625,1043.92724609375
3205,384227,130.1732532002912,6.271676513671875,1045.2794189453125
3206,384347,122.33432300371541,5.913067749023438,985.5112915039062
3207,384467,128.2736275255299,6.183015380859375,1030.5025634765625
3208,384587,127.11000332466874,6.132001831054687,1022.0003051757812
3209,384707,126.85586838519941,6.11657080078125,1019.428466796875
3210,384827,130.504442172988,6.28808642578125,1048.014404296875
3211,384947,131.32866451716433,6.322031982421875,1053.6719970703125
3212,385067,127.23193799363561,6.134559814453125,1022.4266357421875
3213,385187,135.22263646691974,6.499957763671875,1083.3262939453125
3214,385307,127.03409872170492,6.125876220703125,1020.9793701171875
3215,385427,132.84813303849447,6.39373681640625,1065.622802734375
3216,385547,117.50796167848932,5.695042236328125,949.1737060546875
3217,385667,127.45190316938357,6.146795654296875,1024.4659423828125
3218,385787,122.69023945062071,5.933555053710937,988.9258422851562
3219,385907,132.6229070594429,6.383531982421875,1063.9219970703125
3220,386027,129.45859552985482,6.236442626953125,1039.4071044921875
3221,386147,125.33919562017304,6.051929077148437,1008.6548461914062
3222,386267,133.1091914799224,6.40349560546875,1067.249267578125
3223,386387,126.92769036827163,6.126816284179688,1021.1360473632812
3224,386507,126.75985806632296,6.11230224609375,1018.717041015625
3225,386627,122.04575787622653,5.901293701171875,983.5489501953125
3226,386747,123.35091751559477,5.960693481445312,993.4489135742188
3227,386867,134.37119939330637,6.45968701171875,1076.614501953125
3228,386987,122.38985949801906,5.911550537109375,985.2584228515625
3229,387107,131.7536565809644,6.34411669921875,1057.352783203125
3230,387227,130.30764703575,6.278615478515625,1046.4359130859375
3231,387347,132.53763730916052,6.379714599609375,1063.2857666015625
3232,387467,124.486438352894,6.014912841796875,1002.4854736328125
3233,387587,138.3575879529007,6.646395263671875,1107.7325439453125
3234,387707,126.75921872856097,6.114447143554687,1019.0745239257812
3235,387827,130.2924209446359,6.276003662109375,1046.0006103515625
3236,387947,120.64839887859902,5.838000366210937,973.0000610351562
3237,388067,127.99244218586844,6.173612548828125,1028.9354248046875
3238,388187,130.01545672526225,6.26281787109375,1043.802978515625
3239,388307,129.38785012255724,6.23471044921875,1039.118408203125
3240,388427,128.0877081191123,6.179846923828125,1029.9744873046875
3241,388547,127.1131491969047,6.1300927734375,1021.68212890625
3242,388667,126.22304193650831,6.088048461914062,1014.6747436523438
3243,388787,127.69647745763463,6.158233154296875,1026.3721923828125
3244,388907,129.9269091894589,6.2598046875,1043.30078125
3245,389027,129.14347841922677,6.223872802734375,1037.3121337890625
3246,389147,129.08689266096073,6.2216748046875,1036.94580078125
3247,389267,121.73015970216395,5.880649291992188,980.1082153320312
3248,389387,122.06380282741196,5.89933447265625,983.222412109375
3249,389507,122.88492798337478,5.937313110351562,989.5521850585938
3250,389627,128.49691923217785,6.1916572265625,1031.94287109375
3251,389747,136.07794024235488,6.53722412109375,1089.537353515625
3252,389867,120.13469753166108,5.8084522705078125,968.0753784179688
3253,389987,134.61050508173366,6.474646728515625,1079.1077880859375
3254,390107,130.61896747384606,6.288755859375,1048.1259765625
3255,390227,127.35253110798013,6.138474243164063,1023.0790405273438
3256,390347,131.22492256511364,6.317048583984375,1052.8414306640625
3257,390467,129.039428818251,6.219700927734375,1036.6168212890625
3258,390587,124.71435335812323,6.021658447265625,1003.6097412109375
3259,390707,124.2915870717247,5.997915893554688,999.6526489257812
3260,390827,125.38558408502375,6.047774780273437,1007.9624633789062
3261,390947,130.6291632479129,6.29052392578125,1048.420654296875
3262,391067,125.65071778526425,6.060565795898437,1010.0942993164062
3263,391187,128.49978193217214,6.194722412109375,1032.4537353515625
3264,391307,131.62637060918712,6.336715576171875,1056.1192626953125
3265,391427,122.52247886690132,5.924723510742187,987.4539184570312
3266,391547,132.89671360118535,6.394313232421875,1065.7188720703125
3267,391667,134.96911745920062,6.488025146484375,1081.3375244140625
3268,391787,124.95646332734907,6.03287548828125,1005.479248046875
3269,391907,128.0311475456156,6.17415087890625,1029.025146484375
3270,392027,121.0915484803759,5.856637573242187,976.1062622070312
3271,392147,141.7123069707934,6.798380859375,1133.0634765625
3272,392267,128.07367988398994,6.173197265625,1028.8662109375
3273,392387,129.79828650911116,6.25365673828125,1042.276123046875
3274,392507,125.89801535147696,6.074297607421875,1012.3829345703125
3275,392627,124.91896417313761,6.03033544921875,1005.055908203125
3276,392747,122.66243940305051,5.926239624023437,987.7066040039062
3277,392867,131.78507271151975,6.345803466796875,1057.6339111328125
3278,392987,130.9243817225748,6.306038818359375,1051.0064697265625
3279,393107,131.18980028059724,6.3144697265625,1052.41162109375
3280,393227,132.6762939357569,6.383800048828125,1063.9666748046875
3281,393347,128.60115588251702,6.193866943359375,1032.3111572265625
3282,393467,129.2251964829415,6.224912109375,1037.4853515625
3283,393587,128.07052067474805,6.17056201171875,1028.427001953125
3284,393707,125.49366583851088,6.0579766845703125,1009.6627807617188
3285,393827,133.00450306671195,6.399339111328125,1066.5565185546875
3286,393947,128.8484237758431,6.205680908203125,1034.2801513671875
3287,394067,128.9050465479035,6.21042333984375,1035.070556640625
3288,394187,140.22339377257754,6.72763330078125,1121.272216796875
3289,394307,123.9656385693411,5.984763061523437,997.4605102539062
3290,394427,130.7644202970536,6.29080810546875,1048.468017578125
3291,394547,133.64378168268786,6.426509033203125,1071.0848388671875
3292,394667,127.71117821140938,6.1557216796875,1025.95361328125
3293,394787,128.45431803663357,6.1871455078125,1031.19091796875
3294,394907,131.86751919851778,6.3475810546875,1057.93017578125
3295,395027,127.22083608816095,6.135606079101563,1022.6010131835938
3296,395147,135.07434866859887,6.491782470703125,1081.9637451171875
3297,395267,126.24074727777342,6.08633935546875,1014.389892578125
3298,395387,136.94806662930688,6.578798583984375,1096.4664306640625
3299,395507,124.2451301691311,5.996508911132812,999.4181518554688
3300,395627,132.42570924775936,6.371603759765625,1061.9339599609375
3301,395747,124.3660786682209,6.003889526367187,1000.6482543945312
3302,395867,120.35668211064359,5.822946166992187,970.4910278320312
3303,395987,121.72559621213279,5.880292236328125,980.0487060546875
3304,396107,134.86952741597847,6.48321240234375,1080.535400390625
3305,396227,130.44404828072368,6.284350341796875,1047.3917236328125
3306,396347,126.54158754793873,6.101487670898438,1016.9146118164062
3307,396467,122.19367874787463,5.902806518554687,983.8010864257812
3308,396587,133.21348380358805,6.40985302734375,1068.308837890625
3309,396707,121.76765025073198,5.885253295898438,980.8755493164062
3310,396827,124.18699856860435,5.993219970703125,998.8699951171875
3311,396947,124.56869234610524,6.009472778320313,1001.5787963867188
3312,397067,132.09990885678997,6.3598154296875,1059.96923828125
3313,397187,131.14668999871657,6.31339013671875,1052.231689453125
3314,397307,127.1735043150245,6.1334073486328125,1022.2345581054688
3315,397427,127.02958643529192,6.12489404296875,1020.815673828125
3316,397547,125.93213636910238,6.074381469726562,1012.3969116210938
3317,397667,131.59677242772332,6.338041259765625,1056.3402099609375
3318,397787,121.26298736846461,5.86283349609375,977.138916015625
3319,397907,124.96256262508342,6.030482666015625,1005.0804443359375
3320,398027,125.87003319357412,6.070203002929688,1011.7005004882812
3321,398147,125.30071493746131,6.04359814453125,1007.266357421875
3322,398267,128.236976927944,6.179138671875,1029.8564453125
3323,398387,120.93273429967874,5.844003662109375,974.0006103515625
3324,398507,121.88093184710789,5.888738159179687,981.4563598632812
3325,398627,128.91809589674773,6.210793212890625,1035.1322021484375
3326,398747,134.61754804012523,6.47258935546875,1078.764892578125
3327,398867,129.78219646232074,6.2537548828125,1042.29248046875
3328,398987,123.35354177434961,5.956821899414063,992.8036499023438
3329,399107,126.87957280362781,6.11370556640625,1018.950927734375
3330,399227,128.96132028868766,6.2086787109375,1034.77978515625
3331,399347,136.97712691777954,6.58287158203125,1097.145263671875
3332,399467,124.4473662299319,6.005895629882812,1000.9826049804688
3333,399587,123.93350489106517,5.9814693603515625,996.9115600585938
3334,399707,122.48960855906141,5.916454833984375,986.0758056640625
3335,399827,134.23439010512496,6.46068603515625,1076.781005859375
3336,399947,128.1145739967804,6.1792353515625,1029.87255859375
3337,400067,130.56027696729052,6.286313232421875,1047.7188720703125
3338,400187,133.53828858578237,6.42486767578125,1070.811279296875
3339,400307,122.55324981137684,5.921856079101563,986.9760131835938
3340,400427,122.99230186715185,5.937244262695312,989.5407104492188
3341,400547,128.89101222767593,6.2142041015625,1035.70068359375
3342,400667,123.1656539993307,5.949020874023438,991.5034790039062
3343,400787,119.21270758019347,5.764312133789063,960.7186889648438
3344,400907,124.31533454162356,5.999757202148437,999.9595336914062
3345,401027,120.99220633137021,5.8514501953125,975.24169921875
3346,401147,137.2481328843898,6.591834228515625,1098.6390380859375
3347,401267,123.40888849093153,5.963737426757812,993.9562377929688
3348,401387,124.06382607453911,5.990929321289062,998.4882202148438
3349,401507,129.41576761258554,6.2364638671875,1039.41064453125
3350,401627,130.41795201670655,6.282333984375,1047.0556640625
3351,401747,134.0318315096408,6.44956494140625,1074.927490234375
3352,401867,129.8717868673103,6.257633056640625,1042.9388427734375
3353,401987,124.7916407882532,6.02178076171875,1003.630126953125
3354,402107,123.07233788739282,5.943621826171875,990.6036376953125
3355,402227,136.50833451619167,6.56435888671875,1094.059814453125
3356,402347,122.8785058946572,5.937245361328125,989.5408935546875
3357,402467,127.26572535799508,6.137095458984375,1022.8492431640625
3358,402587,126.68500397557042,6.108440551757813,1018.0734252929688
3359,402707,133.07724873125196,6.407685791015625,1067.9476318359375
3360,402827,121.09648578993406,5.856866821289063,976.1444702148438
3361,402947,138.95173984684433,6.6709423828125,1111.82373046875
3362,403067,127.79476495101191,6.159853271484375,1026.6422119140625
3363,403187,126.510088112998,6.103608032226562,1017.2680053710938
3364,403307,132.1040892143157,6.357056396484375,1059.5093994140625
3365,403427,130.92244557391243,6.30678515625,1051.130859375
3366,403547,119.11421944169396,5.763541625976562,960.5902709960938
3367,403667,130.04080216789004,6.266203857421875,1044.3673095703125
3368,403787,126.99260065517461,6.12388623046875,1020.647705078125
3369,403907,131.5192142345841,6.332197998046875,1055.3663330078125
3370,404027,124.71167226146622,6.020605224609375,1003.4342041015625
3371,404147,126.62324725120828,6.10920703125,1018.201171875
3372,404267,128.24226866446944,6.182031005859375,1030.3385009765625
3373,404387,119.04311963722944,5.755757446289063,959.2929077148438
3374,404507,122.47922474487315,5.917593383789063,986.2655639648438
3375,404627,132.5830101365259,6.38380517578125,1063.967529296875
3376,404747,131.4751986644515,6.329882080078125,1054.9803466796875
3377,404867,117.43140376514768,5.686616088867187,947.7693481445312
3378,404987,128.85971992904487,6.20740869140625,1034.568115234375
3379,405107,127.73249952653038,6.16274267578125,1027.123779296875
3380,405227,131.63576154504156,6.338688720703125,1056.4481201171875
3381,405347,127.3773388983138,6.142982666015625,1023.8304443359375
3382,405467,131.01040800357833,6.306509765625,1051.0849609375
3383,405587,121.84733838957848,5.8908101806640625,981.8016967773438
3384,405707,128.78179341452358,6.208810546875,1034.8017578125
3385,405827,127.02330636058925,6.132762451171875,1022.1270751953125
3386,405947,134.6717382664826,6.47393408203125,1078.989013671875
3387,406067,128.54637401145237,6.19940625,1033.234375
3388,406187,127.74011637837802,6.162598388671875,1027.0997314453125
3389,406307,130.2335828225363,6.277111083984375,1046.1851806640625
3390,406427,127.36427901917324,6.140438232421875,1023.4063720703125
3391,406547,126.23876932214546,6.088373657226563,1014.7289428710938
3392,406667,124.73390059795379,6.020864501953125,1003.4774169921875
3393,406787,123.18030994917724,5.950208129882813,991.7013549804688
3394,406907,129.59339533173693,6.2453671875,1040.89453125
3395,407027,134.05420865144936,6.44835791015625,1074.726318359375
3396,407147,123.57769627433892,5.96976416015625,994.960693359375
3397,407267,128.71327865561636,6.2044365234375,1034.07275390625
3398,407387,127.23303128981449,6.135882934570312,1022.6471557617188
3399,407507,126.26072672523523,6.088524169921875,1014.7540283203125
3400,407627,128.96555616412806,6.214409912109375,1035.7349853515625
3401,407747,121.22730501672623,5.858731567382812,976.4552612304688
3402,407867,126.40688857251746,6.097881591796875,1016.3135986328125
3403,407987,125.70280276634688,6.065222900390625,1010.8704833984375
3404,408107,124.34613151312365,6.0062625732421875,1001.0437622070312
3405,408227,129.73113008588155,6.25338427734375,1042.230712890625
3406,408347,126.65064528064555,6.10962451171875,1018.270751953125
3407,408467,125.09986237409824,6.04093505859375,1006.822509765625
3408,408587,124.07853831961569,5.992677978515625,998.7796630859375
3409,408707,123.98325062506504,5.98925390625,998.208984375
3410,408827,128.98981415680876,6.2196357421875,1036.60595703125
3411,408947,125.2170398770528,6.0409306640625,1006.82177734375
3412,409067,131.05176754360818,6.313852294921875,1052.3087158203125
3413,409187,123.96665506241104,5.982607177734375,997.1011962890625
3414,409307,124.46164773077513,6.0085294189453125,1001.4215698242188
3415,409427,135.61141232730728,6.520726318359375,1086.7877197265625
3416,409547,129.53268053287857,6.24582421875,1040.970703125
3417,409667,123.17226010164627,5.951262451171875,991.8770751953125
3418,409787,133.06337847553743,6.40882177734375,1068.136962890625
3419,409907,131.55118154484074,6.332350341796875,1055.3917236328125
3420,410027,125.85804692792374,6.0749677734375,1012.49462890625
3421,410147,125.1818721343293,6.042205810546875,1007.0343017578125
3422,410267,133.94127604554393,6.440972900390625,1073.4954833984375
3423,410387,126.64235619470588,6.108833129882813,1018.1388549804688
3424,410507,122.96568127619014,5.941710205078125,990.2850341796875
3425,410627,121.80860603190354,5.886923583984375,981.1539306640625
3426,410747,133.78706323252607,6.438005126953125,1073.0008544921875
3427,410867,123.94449558918524,5.986442138671875,997.7403564453125
3428,410987,120.74359982832098,5.840949462890625,973.4915771484375
3429,411107,129.83955109061267,6.256330078125,1042.7216796875
3430,411227,124.23292475308338,5.997877075195312,999.6461791992188
3431,411347,125.63625966690766,6.061245483398437,1010.2075805664062
3432,411467,125.80783631299741,6.0659619140625,1010.99365234375
3433,411587,120.30888854149968,5.820019409179688,970.0032348632812
3434,411707,127.79178048921423,6.1630634765625,1027.17724609375
3435,411827,125.53851523440811,6.056700439453125,1009.4500732421875
3436,411947,130.11374160092635,6.269896728515625,1044.9827880859375
3437,412067,125.54603441822192,6.0626766357421875,1010.4461059570312
3438,412187,119.95781537107219,5.804299438476563,967.3832397460938
3439,412307,127.46627558642851,6.146095458984375,1024.3492431640625
3440,412427,129.2955925482216,6.230338623046875,1038.3897705078125
3441,412547,127.5678041009713,6.14963818359375,1024.939697265625
3442,412667,130.25331640912682,6.2738935546875,1045.64892578125
3443,412787,130.26715562188838,6.2743037109375,1045.71728515625
3444,412907,131.1312930952558,6.312727294921875,1052.1212158203125
3445,413027,121.65142958456038,5.878159790039063,979.6932983398438
3446,413147,128.74649428028252,6.208159423828125,1034.6932373046875
3447,413267,123.83072074905246,5.976897216796875,996.1495361328125
3448,413387,126.03698295310043,6.081358520507813,1013.5597534179688
3449,413507,122.94778488360458,5.939025512695313,989.8375854492188
3450,413627,129.37974770565575,6.239227294921875,1039.8712158203125
3451,413747,124.96730629167467,6.035294311523438,1005.8823852539062
3452,413867,131.70130190234772,6.344076416015625,1057.3460693359375
3453,413987,128.24338248796326,6.182867431640625,1030.4779052734375
3454,414107,127.76414454068276,6.15756005859375,1026.260009765625
3455,414227,129.49714676286698,6.23931005859375,1039.885009765625
3456,414347,140.32411229480442,6.73377392578125,1122.295654296875
3457,414467,123.98809053722636,5.9855595703125,997.59326171875
3458,414587,128.3412130312411,6.187686767578125,1031.2811279296875
3459,414707,123.12045386488023,5.944742431640625,990.7904052734375
3460,414827,119.52270198691966,5.782739135742188,963.7898559570312
3461,414947,131.6256617638185,6.335652099609375,1055.9420166015625
3462,415067,125.55453538797559,6.056197265625,1009.3662109375
3463,415187,121.30742997705322,5.863046630859375,977.1744384765625
3464,415307,120.36884814190469,5.822659057617187,970.4431762695312
3465,415427,128.04084578278284,6.17771923828125,1029.619873046875
3466,415547,121.88809205386187,5.89484326171875,982.473876953125
3467,415667,128.57656522258512,6.1989580078125,1033.15966796875
3468,415787,128.99699906605608,6.2172421875,1036.20703125
3469,415907,126.3996834236297,6.095999633789062,1015.9999389648438
3470,416027,125.48069431685994,6.056158081054687,1009.3596801757812
3471,416147,125.01402772906573,6.035714721679687,1005.9524536132812
3472,416267,129.26676494892436,6.228276123046875,1038.0460205078125
3473,416387,126.29801536802162,6.092106079101563,1015.3510131835938
3474,416507,124.31287150365566,6.004373291015625,1000.7288818359375
3475,416627,125.7188387820476,6.069825439453125,1011.6375732421875
3476,416747,126.6644357866859,6.109628173828125,1018.2713623046875
3477,416867,129.71134342350015,6.249829833984375,1041.6383056640625
3478,416987,129.2399970198494,6.221895263671875,1036.9825439453125
3479,417107,124.90847385179978,6.028908325195313,1004.8180541992188
3480,417227,121.65548156772594,5.881413940429687,980.2356567382812
3481,417347,134.51464063034516,6.470452880859375,1078.4088134765625
3482,417467,129.99258201789064,6.262776123046875,1043.7960205078125
3483,417587,129.03589520851403,6.216734619140625,1036.1224365234375
3484,417707,128.44414282246757,6.192022705078125,1032.0037841796875
3485,417827,127.68519653201024,6.15714404296875,1026.190673828125
3486,417947,131.9164930666769,6.34849951171875,1058.083251953125
3487,418067,120.8901666059995,5.848420532226562,974.7367553710938
3488,418187,132.11825769854198,6.36055224609375,1060.092041015625
3489,418307,129.84537701753624,6.2529814453125,1042.16357421875
3490,418427,130.22025227914827,6.27645849609375,1046.076416015625
3491,418547,125.89099627896891,6.076874633789062,1012.8124389648438
3492,418667,127.73053549313977,6.160219482421875,1026.7032470703125
3493,418787,125.3190808015464,6.045139526367188,1007.5232543945312
3494,418907,129.37383706148006,6.23170166015625,1038.616943359375
3495,419027,126.36399941369473,6.100255737304687,1016.7092895507812
3496,419147,127.49978650511262,6.147787353515625,1024.6312255859375
3497,419267,132.1614217191362,6.359857177734375,1059.9761962890625
3498,419387,132.29197544567265,6.37036669921875,1061.727783203125
3499,419507,134.266768813501,6.457336669921875,1076.2227783203125
3500,419627,124.41794413066884,6.009652221679688,1001.6087036132812
3501,419747,127.97698404771361,6.167722412109375,1027.9537353515625
3502,419867,121.9200262926058,5.8946982421875,982.44970703125
3503,419987,126.86286925275547,6.119379638671875,1019.8966064453125
3504,420107,131.3758515181484,6.321506103515625,1053.5843505859375
3505,420227,131.97104678890506,6.35106591796875,1058.510986328125
3506,420347,123.62841051918446,5.969586547851563,994.9310913085938
3507,420467,128.1818070512377,6.1804833984375,1030.08056640625
3508,420587,127.9252110631055,6.1691279296875,1028.18798828125
3509,420707,125.03223054023108,6.03400927734375,1005.668212890625
3510,420827,123.6273350533072,5.970447143554687,995.0745239257812
3511,420947,129.16223667395204,6.22107421875,1036.845703125
3512,421067,129.3178114066156,6.229827392578125,1038.3045654296875
3513,421187,130.1970475418076,6.27197021484375,1045.328369140625
3514,421307,124.13452430844475,5.99325146484375,998.875244140625
3515,421427,126.18327543261684,6.08911083984375,1014.851806640625
3516,421547,128.9164708037031,6.212760498046875,1035.4600830078125
3517,421667,127.1633695314666,6.132713012695312,1022.1188354492188
3518,421787,130.349135773865,6.27810498046875,1046.350830078125
3519,421907,129.80543476617004,6.256102294921875,1042.6837158203125
3520,422027,133.67034796196629,6.4280244140625,1071.33740234375
3521,422147,125.14318986788209,6.040198608398438,1006.6997680664062
3522,422267,124.43853072023751,6.010788940429688,1001.7981567382812
3523,422387,133.3905531925015,6.4172080078125,1069.53466796875
3524,422507,128.8682613598774,6.21357568359375,1035.595947265625
3525,422627,123.22741378296152,5.9560283203125,992.67138671875
3526,422747,134.24085338237393,6.459003662109375,1076.5006103515625
3527,422867,134.44400776273585,6.465437255859375,1077.5728759765625
3528,422987,133.05719491290347,6.40536181640625,1067.560302734375
3529,423107,123.97129744539785,5.987725341796875,997.9542236328125
3530,423227,130.75018385110826,6.2994609375,1049.91015625
3531,423347,128.43389834554534,6.195298828125,1032.5498046875
3532,423467,136.23482737723344,6.55200439453125,1092.000732421875
3533,423587,126.5582401502274,6.103078857421875,1017.1798095703125
3534,423707,131.93782984660993,6.34909716796875,1058.182861328125
3535,423827,120.6807647774801,5.832696899414063,972.1161499023438
3536,423947,126.87296239172217,6.119969970703125,1019.9949951171875
3537,424067,126.52579529258912,6.104474487304688,1017.4124145507812
3538,424187,122.15417899665101,5.904566162109375,984.0943603515625
3539,424307,129.48261863752728,6.238597412109375,1039.7662353515625
3540,424427,129.79216967600613,6.2519677734375,1041.99462890625
3541,424547,129.62898333899278,6.24803466796875,1041.339111328125
3542,424667,132.15368559630718,6.35723583984375,1059.539306640625
3543,424787,127.04948177142896,6.1280244140625,1021.33740234375
3544,424907,121.12729878778129,5.859009887695312,976.5016479492188
3545,425027,133.32032067497792,6.41832568359375,1069.720947265625
3546,425147,128.09561758662176,6.177292236328125,1029.5487060546875
3547,425267,123.49794916507831,5.965162353515625,994.1937255859375
3548,425387,129.82757723732314,6.253718994140625,1042.2864990234375
3549,425507,122.13892526834994,5.90217333984375,983.695556640625
3550,425627,125.78676938175222,6.068028442382812,1011.3380737304688
3551,425747,127.8167729784499,6.162943359375,1027.1572265625
3552,425867,126.99322793295815,6.119959350585938,1019.9932250976562
3553,425987,130.38295436784387,6.281323974609375,1046.8873291015625
3554,426107,123.9265658936004,5.984764526367187,997.4607543945312
3555,426227,125.72362681970635,6.066332885742187,1011.0554809570312
3556,426347,135.17862896785687,6.5014248046875,1083.57080078125
3557,426467,120.72497490787536,5.835609741210938,972.6016235351562
3558,426587,128.72541293075005,6.203558349609375,1033.9263916015625
3559,426707,125.86438854613992,6.075475708007812,1012.5792846679688
3560,426827,126.33595996925983,6.0931728515625,1015.52880859375
3561,426947,128.04699747652165,6.1752509765625,1029.20849609375
3562,427067,121.06310271371291,5.854048461914062,975.6747436523438
3563,427187,124.57892327759473,6.014190673828125,1002.3651123046875
3564,427307,129.61553569050193,6.239841064453125,1039.9735107421875
3565,427427,119.98886036824243,5.802838256835938,967.1397094726562
3566,427547,132.70496583524906,6.385411376953125,1064.2352294921875
3567,427667,133.20613197584885,6.41018408203125,1068.364013671875
3568,427787,118.31331195084412,5.727732788085937,954.6221313476562
3569,427907,120.71050689308392,5.833972778320312,972.3287963867188
3570,428027,126.06606589634896,6.081423706054688,1013.5706176757812
3571,428147,127.57291041414157,6.152652099609375,1025.4420166015625
3572,428267,125.1855856503845,6.039697265625,1006.6162109375
3573,428387,128.40534179478698,6.19046337890625,1031.743896484375
3574,428507,126.51213354705939,6.101344482421875,1016.8907470703125
3575,428627,130.1323216561816,6.271166748046875,1045.1944580078125
3576,428747,127.51767375836214,6.1487900390625,1024.79833984375
3577,428867,125.90188319706562,6.070865112304688,1011.8108520507812
3578,428987,129.32078063523142,6.2284951171875,1038.08251953125
3579,429107,132.96811680892628,6.393494384765625,1065.5823974609375
3580,429227,128.7604540178813,6.20415087890625,1034.025146484375
3581,429347,129.67454909904768,6.246331787109375,1041.0552978515625
3582,429467,131.45921397828909,6.3301142578125,1055.01904296875
3583,429587,125.9498949675963,6.077919799804688,1012.9866333007812
3584,429707,135.56059283050246,6.513885498046875,1085.6475830078125
3585,429827,131.60834862411656,6.336610107421875,1056.1016845703125
3586,429947,132.67610392787213,6.38300830078125,1063.834716796875
3587,430067,128.86342264603508,6.213140625,1035.5234375
3588,430187,122.51657583192168,5.922276489257812,987.0460815429688
3589,430307,131.95665381533283,6.35453759765625,1059.089599609375
3590,430427,120.90628818064505,5.8444281005859375,974.0713500976562
3591,430547,128.5053423494911,6.193836181640625,1032.3060302734375
3592,430667,130.58171112676914,6.28907958984375,1048.179931640625
3593,430787,127.13130116210306,6.130571044921875,1021.7618408203125
3594,430907,125.04833005689684,6.032677001953125,1005.4461669921875
3595,431027,129.7996109338853,6.25323486328125,1042.205810546875
3596,431147,122.44189733919154,5.9103936767578125,985.0656127929688
3597,431267,125.74496938492888,6.064088745117187,1010.6814575195312
3598,431387,125.96011543869702,6.07859033203125,1013.098388671875
3599,431507,133.97172306995242,6.44499755859375,1074.166259765625
3600,431627,125.24120554434262,6.043573974609375,1007.2623291015625
3601,431747,132.0980798451751,6.3577001953125,1059.61669921875
3602,431867,129.28529324911727,6.227677734375,1037.9462890625
3603,431987,133.3279030994371,6.416029541015625,1069.3382568359375
3604,432107,134.58035045853202,6.469941650390625,1078.3236083984375
3605,432227,128.82547866399062,6.21004248046875,1035.007080078125
3606,432347,126.74652651422844,6.1133203125,1018.88671875
3607,432467,134.04407830377707,6.44708056640625,1074.513427734375
3608,432587,118.88819516263058,5.752957763671875,958.8262939453125
3609,432707,126.37255183280098,6.093825073242187,1015.6375122070312
3610,432827,129.90875080093076,6.2573349609375,1042.88916015625
3611,432947,130.1425223501993,6.271691162109375,1045.2818603515625
3612,433067,133.91549903513095,6.44518798828125,1074.197998046875
3613,433187,135.69439933612114,6.52347216796875,1087.245361328125
3614,433307,128.883823878689,6.209580322265625,1034.9300537109375
3615,433427,132.46238981674475,6.37894482421875,1063.157470703125
3616,433547,133.91646743015193,6.4426728515625,1073.77880859375
3617,433667,125.60332838148884,6.0615087890625,1010.25146484375
3618,433787,126.20578904886052,6.089654296875,1014.9423828125
3619,433907,119.74236714778179,5.79511083984375,965.851806640625
3620,434027,120.4445392132231,5.825507080078125,970.9178466796875
3621,434147,125.91004276322215,6.073188354492188,1012.1980590820312
3622,434267,130.61265848859378,6.287674072265625,1047.9456787109375
3623,434387,132.1879482270396,6.362195068359375,1060.3658447265625
3624,434507,134.96590366917366,6.492624755859375,1082.1041259765625
3625,434627,130.6229981436399,6.2940380859375,1049.00634765625
3626,434747,124.98944561017808,6.03353759765625,1005.589599609375
3627,434867,131.09084745613714,6.314991943359375,1052.4986572265625
3628,434987,121.10333437678358,5.855875854492187,975.9793090820312
3629,435107,124.28082023737322,6.001140747070313,1000.1901245117188
3630,435227,124.95381085045321,6.034068237304687,1005.6780395507812
3631,435347,130.21678279135358,6.272575927734375,1045.4293212890625
3632,435467,131.23563909240278,6.31922314453125,1053.203857421875
3633,435587,129.55642054965534,6.240312744140625,1040.0521240234375
3634,435707,132.0634419662824,6.357513427734375,1059.5855712890625
3635,435827,130.40818199867456,6.2818154296875,1046.96923828125
3636,435947,128.0069982206794,6.171497314453125,1028.5828857421875
3637,436067,135.25355896598563,6.5024443359375,1083.74072265625
3638,436187,122.94220250375503,5.939245239257812,989.8742065429688
3639,436307,125.64645198785934,6.059122924804687,1009.8538208007812
3640,436427,130.3352449953577,6.274683837890625,1045.7806396484375
3641,436547,135.71455562940403,6.52269873046875,1087.116455078125
3642,436667,128.60893507581892,6.202970947265625,1033.8284912109375
3643,436787,127.54583522582769,6.149058837890625,1024.8431396484375
3644,436907,128.67313094642074,6.20218359375,1033.697265625
3645,437027,127.81044266803254,6.1596240234375,1026.60400390625
3646,437147,121.8881984627144,5.891111572265625,981.8519287109375
3647,437267,129.1191865825224,6.218839599609375,1036.4732666015625
3648,437387,126.9677883090338,6.123660278320313,1020.6100463867188
3649,437507,121.7285790137223,5.8814208984375,980.23681640625
3650,437627,130.67608726308774,6.289994384765625,1048.3323974609375
3651,437747,125.47476216669934,6.055556762695312,1009.2594604492188
3652,437867,122.5723739861254,5.9227972412109375,987.1328735351562
3653,437987,128.16355316477657,6.176468994140625,1029.4114990234375
3654,438107,126.13765310643336,6.08410400390625,1014.017333984375
3655,438227,126.70697790819312,6.112259033203125,1018.7098388671875
3656,438347,122.54473230104803,5.92310595703125,987.184326171875
3657,438467,127.74673667596741,6.1602158203125,1026.70263671875
3658,438587,120.5484235878338,5.827212524414063,971.2020874023438
3659,438707,128.35594120389368,6.188657958984375,1031.4429931640625
3660,438827,129.15795582982102,6.22603857421875,1037.673095703125
3661,438947,120.46790485267994,5.82526025390625,970.876708984375
3662,439067,128.52359502740438,6.197176025390625,1032.8626708984375
3663,439187,127.18201759306524,6.1316337890625,1021.93896484375
3664,439307,137.39913417008884,6.600772705078125,1100.1287841796875
3665,439427,128.6399617017525,6.2023271484375,1033.72119140625
3666,439547,128.5917426666893,6.197152587890625,1032.8587646484375
3667,439667,117.43489889087004,5.686995849609375,947.8326416015625
3668,439787,123.74192277121993,5.979416381835938,996.5693969726562
3669,439907,123.86757936664475,5.982260375976563,997.0433959960938
3670,440027,124.48331816179537,6.01021142578125,1001.701904296875
3671,440147,126.07671344867812,6.083089965820313,1013.8483276367188
3672,440267,125.31745372478241,6.04872802734375,1008.121337890625
3673,440387,134.48099182297028,6.469107421875,1078.1845703125
3674,440507,122.03502467441318,5.89462353515625,982.437255859375
3675,440627,121.53658172707158,5.872736572265625,978.7894287109375
3676,440747,130.9847845471781,6.309819580078125,1051.6365966796875
3677,440867,127.00764618621106,6.123478271484375,1020.5797119140625
3678,440987,125.17034962562543,6.039563598632813,1006.5939331054688
3679,441107,130.3907455232812,6.284426513671875,1047.4044189453125
3680,441227,127.0697606000725,6.125587280273438,1020.9312133789062
3681,441347,126.17222576057759,6.087140258789063,1014.5233764648438
3682,441467,123.29958563356541,5.95833984375,993.056640625
3683,441587,122.74553643901012,5.933347412109375,988.8912353515625
3684,441707,128.45220240072666,6.1922783203125,1032.04638671875
3685,441827,123.01492252549458,5.940751831054688,990.1253051757812
3686,441947,124.45617127753249,6.008818359375,1001.4697265625
3687,442067,131.04124916543608,6.310584228515625,1051.7640380859375
3688,442187,128.00664853075713,6.17000537109375,1028.334228515625
3689,442307,132.13226643795613,6.359486572265625,1059.9144287109375
3690,442427,123.15463165386433,5.950658935546875,991.7764892578125
3691,442547,128.74264410697828,6.204949951171875,1034.1583251953125
3692,442667,126.01103731625392,6.083657958984375,1013.9429931640625
3693,442787,125.87421945293585,6.0753017578125,1012.55029296875
3694,442907,126.51561617845229,6.102101440429688,1017.0169067382812
3695,443027,123.69543334359534,5.97398291015625,995.663818359375
3696,443147,130.87568681684925,6.302770751953125,1050.4617919921875
3697,443267,115.23088877177217,5.582843994140625,930.4739990234375
3698,443387,127.00095981826288,6.12390087890625,1020.650146484375
3699,443507,133.5082679880239,6.42254296875,1070.423828125
3700,443627,128.74019151661807,6.206728271484375,1034.4547119140625
3701,443747,124.32288852575846,6.002835205078125,1000.4725341796875
3702,443867,127.96735206367897,6.16886279296875,1028.143798828125
3703,443987,129.2889802865834,6.22932568359375,1038.220947265625
3704,444107,128.55059161939866,6.195875244140625,1032.6458740234375
3705,444227,131.64338661654793,6.342044677734375,1057.0074462890625
3706,444347,129.82122440731808,6.25530029296875,1042.550048828125
3707,444467,136.79709068955253,6.574840576171875,1095.8067626953125
3708,444587,133.67614626289034,6.427913818359375,1071.3189697265625
3709,444707,122.85823935629833,5.938831787109375,989.8052978515625
3710,444827,132.42356748829525,6.37422802734375,1062.371337890625
3711,444947,126.81985559517172,6.114588500976563,1019.0980834960938
3712,445067,128.89214487407608,6.216079833984375,1036.0133056640625
3713,445187,125.16019802047875,6.041669677734375,1006.9449462890625
3714,445307,125.20627649564636,6.041163940429687,1006.8606567382812
3715,445427,125.59965086943416,6.06186181640625,1010.310302734375
3716,445547,119.71568298521686,5.79032080078125,965.053466796875
3717,445667,120.44627113857796,5.823228149414063,970.5380249023438
3718,445787,126.13451591219186,6.088310302734375,1014.7183837890625
3719,445907,120.20985757101815,5.814814819335938,969.1358032226562
3720,446027,127.59150846951428,6.155644775390625,1025.9407958984375
3721,446147,131.12187187542264,6.312721435546875,1052.1202392578125
3722,446267,129.6246473404175,6.24565869140625,1040.943115234375
3723,446387,130.8110842706292,6.29902880859375,1049.838134765625
3724,446507,123.9477038696481,5.987779907226562,997.9633178710938
3725,446627,127.89114732337532,6.168346435546875,1028.0577392578125
3726,446747,128.8736928790606,6.20998974609375,1034.998291015625
3727,446867,121.74084981075643,5.8819423828125,980.32373046875
3728,446987,124.88607733841468,6.029068359375,1004.8447265625
3729,447107,131.05727601297704,6.30904248046875,1051.507080078125
3730,447227,125.05922538766502,6.0370111083984375,1006.1685180664062
3731,447347,119.80912762545081,5.801344116210937,966.8906860351562
3732,447467,121.93658254735081,5.892604248046875,982.1007080078125
3733,447587,126.40871892809217,6.099377563476563,1016.5629272460938
3734,447707,120.36434794680184,5.820847045898438,970.1411743164062
3735,447827,129.51291076943312,6.24410302734375,1040.683837890625
3736,447947,125.37085476541743,6.0488609619140625,1008.1434936523438
3737,448067,126.63839171683448,6.109331176757813,1018.2218627929688
3738,448187,135.95313193258227,6.5350634765625,1089.17724609375
3739,448307,132.69249194516445,6.388409912109375,1064.7349853515625
3740,448427,130.48817494742374,6.28501171875,1047.501953125
3741,448547,126.14504544348088,6.085124267578125,1014.1873779296875
3742,448667,119.8585882995268,5.799034057617187,966.5056762695312
3743,448787,126.10773395867434,6.0841175537109375,1014.0195922851562
3744,448907,120.56841515210004,5.831206420898438,971.8677368164062
3745,449027,126.6175220038834,6.108483764648438,1018.0806274414062
3746,449147,129.5867632636401,6.245609619140625,1040.9349365234375
3747,449267,135.33816851740804,6.50773974609375,1084.623291015625
3748,449387,120.57823543717261,5.830666259765625,971.7777099609375
3749,449507,132.41025663204616,6.372146484375,1062.0244140625
3750,449627,124.40709851908586,6.003708251953125,1000.6180419921875
3751,449747,136.2552793699972,6.54898974609375,1091.498291015625
3752,449867,128.57050047355656,6.196406982421875,1032.7344970703125
3753,449987,122.13955036891278,5.903521362304687,983.9202270507812
3754,450107,135.24973979704322,6.500174560546875,1083.3624267578125
3755,450227,127.57494819792633,6.1507939453125,1025.13232421875
3756,450347,128.72951717391004,6.204257080078125,1034.0428466796875
3757,450467,130.22625281204967,6.27489990234375,1045.816650390625
3758,450587,133.74958583551847,6.4350029296875,1072.50048828125
3759,450707,126.85501128673229,6.118430419921875,1019.7384033203125
3760,450827,130.94887218763353,6.3030703125,1050.51171875
3761,450947,126.94984137629112,6.122908447265625,1020.4847412109375
3762,451067,132.56342705671824,6.3774521484375,1062.90869140625
3763,451187,134.36434250276147,6.464537109375,1077.4228515625
3764,451307,122.64685587752575,5.925038452148438,987.5064086914062
3765,451427,129.30231248035747,6.22899609375,1038.166015625
3766,451547,131.5194199629034,6.332458740234375,1055.4097900390625
3767,451667,134.46844643850707,6.46943115234375,1078.238525390625
3768,451787,123.92651054077534,5.982085327148438,997.0142211914062
3769,451907,124.42839507740575,6.008410034179687,1001.4016723632812
3770,452027,125.88325703444308,6.072858032226563,1012.1430053710938
3771,452147,130.98319206846915,6.305732666015625,1050.9554443359375
3772,452267,128.43320638827504,6.188996337890625,1031.4993896484375
3773,452387,125.4219374289857,6.048491088867188,1008.0818481445312
3774,452507,131.21231549272463,6.32071142578125,1053.451904296875
3775,452627,122.0483963856668,5.900891235351563,983.4818725585938
3776,452747,133.24170409608976,6.41120654296875,1068.534423828125
3777,452867,121.92840593603283,5.893260864257813,982.2101440429688
3778,452987,121.15225462629876,5.854728149414062,975.7880249023438
3779,453107,125.10002783841163,6.036603881835937,1006.1006469726562
3780,453227,129.0148067447462,6.216602783203125,1036.1004638671875
3781,453347,124.06443378515507,5.993798950195313,998.9664916992188
3782,453467,128.63939923646186,6.19804248046875,1033.007080078125
3783,453587,136.29016802718115,6.549849609375,1091.6416015625
3784,453707,126.80385439109607,6.116395385742187,1019.3992309570312
3785,453827,133.31436145467464,6.41456396484375,1069.093994140625
3786,453947,127.71678717799638,6.155738525390625,1025.9564208984375
3787,454067,128.77485114238146,6.2033642578125,1033.89404296875
3788,454187,125.08457997037539,6.039112060546875,1006.5186767578125
3789,454307,131.11479813093774,6.31130126953125,1051.883544921875
3790,454427,126.32550643725963,6.091330444335937,1015.2217407226562
3791,454547,128.9858386520395,6.2162314453125,1036.03857421875
3792,454667,127.89053311202814,6.16649560546875,1027.749267578125
3793,454787,122.65937046477691,5.923947143554687,987.3245239257812
3794,454907,129.81144232191798,6.253598876953125,1042.2664794921875
3795,455027,129.5073505826494,6.240305419921875,1040.0509033203125
3796,455147,133.19068065964393,6.4099423828125,1068.32373046875
3797,455267,119.9522435429313,5.801315185546875,966.8858642578125
3798,455387,128.92089053717532,6.210684814453125,1035.1141357421875
3799,455507,124.99230185624693,6.035904418945313,1005.9840698242188
3800,455627,125.74485112420982,6.066755126953125,1011.1258544921875
3801,455747,123.15164814232153,5.948096557617188,991.3494262695312
3802,455867,125.86997498593148,6.075196655273437,1012.5327758789062
3803,455987,128.94976714193288,6.21687744140625,1036.146240234375
3804,456107,118.09179552603788,5.714572998046875,952.4288330078125
3805,456227,133.71939026962193,6.435252685546875,1072.5421142578125
3806,456347,131.33834597243842,6.322701416015625,1053.7835693359375
3807,456467,128.50783940071028,6.193981201171875,1032.3302001953125
3808,456587,125.39061509705421,6.052591186523437,1008.7651977539062
3809,456707,124.71978637675637,6.022494873046875,1003.7491455078125
3810,456827,124.55920612468047,6.01264892578125,1002.108154296875
3811,456947,126.03410413932431,6.081835327148437,1013.6392211914062
3812,457067,129.54847873468208,6.2443564453125,1040.72607421875
3813,457187,133.34863236519044,6.41754345703125,1069.590576171875
3814,457307,136.05176771885766,6.54160986328125,1090.268310546875
3815,457427,133.20800034039397,6.410096923828125,1068.3494873046875
3816,457547,125.09751219867046,6.041534912109375,1006.9224853515625
3817,457667,123.88434081020654,5.986084350585937,997.6807250976562
3818,457787,127.7192379989044,6.160543212890625,1026.7572021484375
3819,457907,125.22018313291855,6.043600341796875,1007.2667236328125
3820,458027,131.44686527677314,6.332105712890625,1055.3509521484375
3821,458147,124.14099884599739,5.99852490234375,999.754150390625
3822,458267,118.63304330859641,5.743601440429687,957.2669067382812
3823,458387,126.07891401170764,6.081635375976562,1013.6058959960938
3824,458507,130.93042935994754,6.30229833984375,1050.383056640625
3825,458627,129.30444014374487,6.2347294921875,1039.12158203125
3826,458747,122.599160455949,5.922024536132812,987.0040893554688
3827,458867,137.9785769668487,6.6272958984375,1104.54931640625
3828,458987,132.82435632432916,6.39156591796875,1065.260986328125
3829,459107,131.2647587780009,6.320231689453125,1053.3719482421875
3830,459227,122.62807723217267,5.922306518554688,987.0510864257812
3831,459347,132.16722330430613,6.35883837890625,1059.806396484375
3832,459467,136.4511993852003,6.558040283203125,1093.0067138671875
3833,459587,125.54753628171305,6.061345092773437,1010.2241821289062
3834,459707,131.31227380013482,6.3206923828125,1053.44873046875
3835,459827,125.08155694150103,6.038946166992187,1006.4910278320312
3836,459947,132.60257977768208,6.3792919921875,1063.21533203125
3837,460067,128.67698640127972,6.199915283203125,1033.3192138671875
3838,460187,131.6700762708605,6.337446533203125,1056.2410888671875
3839,460307,127.03700219401847,6.127603271484375,1021.2672119140625
3840,460427,139.6201947851966,6.705829833984375,1117.6383056640625
3841,460547,132.15821069006006,6.361248779296875,1060.2081298828125
3842,460667,138.02559292546732,6.63028564453125,1105.047607421875
3843,460787,125.76554956888103,6.066926879882812,1011.1544799804688
3844,460907,136.85904777114382,6.578366455078125,1096.3944091796875
3845,461027,117.8162437189805,5.706855102539063,951.1425170898438
3846,461147,129.51009639939963,6.2371669921875,1039.52783203125
3847,461267,121.74748967903366,5.8793291015625,979.88818359375
3848,461387,126.94894774261539,6.122703002929687,1020.4505004882812
3849,461507,119.30844150848012,5.769871948242187,961.6453247070312
3850,461627,138.36258568807273,6.647404541015625,1107.9007568359375
3851,461747,130.47430719744688,6.284942138671875,1047.4903564453125
3852,461867,138.39511291471484,6.649809814453125,1108.3016357421875
3853,461987,135.72197034209782,6.52775244140625,1087.958740234375
3854,462107,122.91098757243152,5.937076904296875,989.5128173828125
3855,462227,134.6894221263462,6.47786572265625,1079.644287109375
3856,462347,126.81760132581445,6.115735473632813,1019.2892456054688
3857,462467,121.82221109983054,5.888385131835937,981.3975219726562
3858,462587,133.8301516282652,6.4398984375,1073.31640625
3859,462707,124.80870466456963,6.024985107421875,1004.1641845703125
3860,462827,131.9272611977404,6.355159423828125,1059.1932373046875
3861,462947,141.4570110656901,6.788436767578125,1131.4061279296875
3862,463067,128.04721111691626,6.17485693359375,1029.142822265625
3863,463187,123.61570999451932,5.972073852539062,995.3456420898438
3864,463307,132.19228186937107,6.36426708984375,1060.711181640625
3865,463427,127.44179356810041,6.14815869140625,1024.693115234375
3866,463547,127.78683384231401,6.160812744140625,1026.8021240234375
3867,463667,129.68815499367423,6.24967822265625,1041.613037109375
3868,463787,124.70206643038358,6.0193590087890625,1003.2265014648438
3869,463907,132.82894433208233,6.390116455078125,1065.0194091796875
3870,464027,129.26657749749785,6.23219677734375,1038.699462890625
3871,464147,128.83508565026162,6.203776611328125,1033.9627685546875
3872,464267,129.7780844558769,6.255670166015625,1042.6116943359375
3873,464387,123.74639474063552,5.974560791015625,995.7601318359375
3874,464507,118.15036042633716,5.71913671875,953.189453125
3875,464627,135.58383785069623,6.51953466796875,1086.589111328125
3876,464747,121.84657766061201,5.888955688476562,981.4926147460938
3877,464867,118.01412129417452,5.7140419921875,952.34033203125
3878,464987,125.14190843399841,6.0399803466796875,1006.6633911132812
3879,465107,124.63171913091625,6.01616455078125,1002.694091796875
3880,465227,133.75682017509533,6.432406494140625,1072.0677490234375
3881,465347,130.01700594171896,6.26253369140625,1043.755615234375
3882,465467,129.39708997297762,6.236217041015625,1039.3695068359375
3883,465587,124.89626354897418,6.032631958007813,1005.4386596679688
3884,465707,132.1989455973583,6.362697509765625,1060.4495849609375
3885,465827,132.65410969734734,6.38149951171875,1063.583251953125
3886,465947,128.66488704758294,6.200806640625,1033.4677734375
3887,466067,122.69344152068194,5.924841064453125,987.4735107421875
3888,466187,123.78894409680021,5.97508154296875,995.846923828125
3889,466307,126.8210540787794,6.119047485351563,1019.8412475585938
3890,466427,127.28479537359073,6.134536010742187,1022.4226684570312
3891,466547,124.9007045245659,6.029496826171875,1004.9161376953125
3892,466667,125.98961432334674,6.0793212890625,1013.22021484375
3893,466787,124.55965687175464,6.012517456054687,1002.0862426757812
3894,466907,139.13947289874372,6.6819345703125,1113.65576171875
3895,467027,126.03233047419275,6.08083154296875,1013.471923828125
3896,467147,135.1877025060118,6.502541748046875,1083.7569580078125
3897,467267,125.37475072555344,6.051061157226562,1008.5101928710938
3898,467387,131.96314829475372,6.35259521484375,1058.765869140625
3899,467507,130.18785367471617,6.271322021484375,1045.2203369140625
3900,467627,130.01897802878545,6.261892822265625,1043.6488037109375
3901,467747,119.83757220532732,5.797970581054687,966.3284301757812
3902,467867,126.42934783061773,6.097739135742187,1016.2898559570312
3903,467987,129.15156461401708,6.22233984375,1037.056640625
3904,468107,127.9805637427969,6.169446533203125,1028.2410888671875
3905,468227,127.99588422002165,6.170820556640625,1028.4700927734375
3906,468347,124.10155421989944,5.99302734375,998.837890625
3907,468467,128.85491995970716,6.208279541015625,1034.7132568359375
3908,468587,130.71305112749837,6.29559814453125,1049.266357421875
3909,468707,128.18673696467295,6.182173828125,1030.3623046875
3910,468827,131.25467480430515,6.320205322265625,1053.3675537109375
3911,468947,129.49223407281204,6.24228369140625,1040.380615234375
3912,469067,127.93672669807593,6.167612548828125,1027.9354248046875
3913,469187,128.5748858059931,6.197915771484375,1032.9859619140625
3914,469307,125.95799780960996,6.0715166015625,1011.91943359375
3915,469427,133.96134708706577,6.445168212890625,1074.1947021484375
3916,469547,127.35808591597458,6.14281494140625,1023.802490234375
3917,469667,128.07911671609628,6.174060791015625,1029.0101318359375
3918,469787,121.76864394712968,5.887317260742187,981.2195434570312
3919,469907,128.17254436254044,6.1788837890625,1029.81396484375
3920,470027,134.2470313125954,6.46031103515625,1076.718505859375
3921,470147,132.19041644606494,6.36521484375,1060.869140625
3922,470267,126.66833072973724,6.109002685546875,1018.1671142578125
3923,470387,127.72625566530238,6.1651962890625,1027.53271484375
3924,470507,123.4776662673735,5.9637213134765625,993.9535522460938
3925,470627,129.46186617544396,6.23972900390625,1039.954833984375
3926,470747,122.53594583802075,5.922236572265625,987.0394287109375
3927,470867,126.15577498673888,6.086185546875,1014.3642578125
3928,470987,124.84515357971551,6.024744140625,1004.1240234375
3929,471107,128.19824144165608,6.18001904296875,1030.003173828125
3930,471227,126.57638740503837,6.105519653320313,1017.5866088867188
3931,471347,134.45467648040062,6.470959716796875,1078.4932861328125
3932,471467,126.38648924183177,6.099153442382812,1016.5255737304688
3933,471587,128.0743315389516,6.17478662109375,1029.131103515625
3934,471707,120.52507293320558,5.832350463867187,972.0584106445312
3935,471827,128.6038084733847,6.19843798828125,1033.072998046875
3936,471947,125.2129278513777,6.044559814453125,1007.4266357421875
3937,472067,127.7914013096026,6.161451416015625,1026.9085693359375
3938,472187,133.02565058862038,6.3999287109375,1066.65478515625
3939,472307,123.50639511864377,5.965488647460938,994.2481079101562
3940,472427,127.18733837438572,6.134509643554687,1022.4182739257812
3941,472547,118.18512017993424,5.721122314453125,953.5203857421875
3942,472667,128.38141422187803,6.18291357421875,1030.485595703125
3943,472787,136.7334155810413,6.5719130859375,1095.31884765625
3944,472907,130.54487806408764,6.284955322265625,1047.4925537109375
3945,473027,126.45759391462526,6.100826293945312,1016.8043823242188
3946,473147,131.0798908594313,6.310037841796875,1051.6729736328125
3947,473267,132.98745609289855,6.40103173828125,1066.838623046875
3948,473387,120.45497386617548,5.82267333984375,970.445556640625
3949,473507,128.06594848608412,6.172590087890625,1028.7650146484375
3950,473627,127.495270115408,6.14668505859375,1024.447509765625
3951,473747,126.77688465486554,6.117092651367187,1019.5154418945312
3952,473867,129.41923964889412,6.235306640625,1039.2177734375
3953,473987,131.20467996873998,6.3198046875,1053.30078125
3954,474107,126.32125538245043,6.093024169921875,1015.5040283203125
3955,474227,129.84725991443514,6.257767822265625,1042.9613037109375
3956,474347,125.10705583204205,6.040496704101563,1006.7494506835938
3957,474467,130.33462164569096,6.278710693359375,1046.4517822265625
3958,474587,125.29933070774044,6.0522890625,1008.71484375
3959,474707,125.42634605306628,6.054243530273437,1009.0405883789062
3960,474827,129.5467808482958,6.2386494140625,1039.77490234375
3961,474947,123.97651171370154,5.986370727539063,997.7284545898438
3962,475067,128.32851064349612,6.185135009765625,1030.8558349609375
3963,475187,126.55774586138543,6.1041500244140625,1017.3583374023438
3964,475307,127.3117608916383,6.138570922851563,1023.0951538085938
3965,475427,131.11035406594152,6.313591552734375,1052.2652587890625
3966,475547,128.47659795431804,6.189561767578125,1031.5936279296875
3967,475667,127.66871853553727,6.159535400390625,1026.5892333984375
3968,475787,131.6298364022308,6.338843994140625,1056.4739990234375
3969,475907,134.7388843836195,6.477369140625,1079.5615234375
3970,476027,134.5759574656397,6.4717763671875,1078.62939453125
3971,476147,127.55806118001652,6.151056884765625,1025.1761474609375
3972,476267,135.80121172372645,6.527642578125,1087.9404296875
3973,476387,126.25346289576258,6.091378784179687,1015.2297973632812
3974,476507,130.0880449924058,6.26872265625,1044.787109375
3975,476627,128.47492154177505,6.19466162109375,1032.443603515625
3976,476747,130.6824547107472,6.2942783203125,1049.04638671875
3977,476867,134.0981451661455,6.4517138671875,1075.28564453125
3978,476987,126.06063135899917,6.0835751953125,1013.92919921875
3979,477107,121.18873108367839,5.860192749023438,976.6987915039062
3980,477227,128.81018701251526,6.2103486328125,1035.05810546875
3981,477347,127.32275943711056,6.138963500976563,1023.1605834960938
3982,477467,128.78651395700848,6.210377197265625,1035.0628662109375
3983,477587,129.60356754416003,6.24680859375,1041.134765625
3984,477707,126.94423920836425,6.120067749023438,1020.0112915039062
3985,477827,121.72333487998115,5.885445190429688,980.9075317382812
3986,477947,128.6329089106115,6.199645751953125,1033.2742919921875
3987,478067,129.3387866499374,6.232329345703125,1038.7215576171875
3988,478187,136.0093655793611,6.535496337890625,1089.2493896484375
3989,478307,127.44376651981797,6.145689697265625,1024.2816162109375
3990,478427,128.84670542573127,6.210791748046875,1035.1319580078125
3991,478547,123.20335303093233,5.95050732421875,991.751220703125
3992,478667,128.46090451001194,6.193631103515625,1032.2718505859375
3993,478787,128.90737907526136,6.213614501953125,1035.6024169921875
3994,478907,125.67938450869002,6.064062744140625,1010.6771240234375
3995,479027,128.26975811010874,6.183576416015625,1030.5960693359375
3996,479147,130.70234461279438,6.296906982421875,1049.4844970703125
3997,479267,125.0310965880643,6.03831005859375,1006.385009765625
3998,479387,121.89185967907865,5.891649169921875,981.9415283203125
3999,479507,127.90784976955445,6.165932373046875,1027.6553955078125
4000,479627,125.8728697417081,6.075439453125,1012.5732421875
4001,479747,118.98407590746133,5.75880322265625,959.800537109375
4002,479867,126.21257591489315,6.093022705078125,1015.5037841796875
4003,479987,131.6007921032865,6.338429443359375,1056.4049072265625
4004,480107,124.85668633354922,6.026315551757812,1004.3859252929688
4005,480227,126.33456534689341,6.097697021484375,1016.2828369140625
4006,480347,119.65453246078579,5.786838500976563,964.4730834960938
4007,480467,127.61618902071996,6.149681396484375,1024.9468994140625
4008,480587,125.78291753959695,6.071291015625,1011.8818359375
4009,480707,128.23429710501372,6.181781982421875,1030.2969970703125
4010,480827,119.33240459646724,5.774162841796875,962.3604736328125
4011,480947,129.08146132072028,6.2229931640625,1037.16552734375
4012,481067,128.06391656864264,6.17503857421875,1029.173095703125
4013,481187,128.63984572382753,6.199965087890625,1033.3275146484375
4014,481307,128.5527104805318,6.1957734375,1032.62890625
4015,481427,123.62467845407166,5.969250366210938,994.8750610351562
4016,481547,130.6378935179923,6.2912080078125,1048.53466796875
4017,481667,134.23516799245738,6.457932861328125,1076.3221435546875
4018,481787,127.55220091213553,6.14984033203125,1024.973388671875
4019,481907,127.62680806492588,6.156717041015625,1026.1195068359375
4020,482027,128.4298547702667,6.188356201171875,1031.3927001953125
4021,482147,128.90302453320783,6.20961474609375,1034.935791015625
4022,482267,122.87267752678196,5.935602905273438,989.2671508789062
4023,482387,126.39249041985038,6.09644677734375,1016.074462890625
4024,482507,121.11667139973221,5.855964477539063,975.9940795898438
4025,482627,129.86706335445527,6.25903857421875,1043.173095703125
4026,482747,127.62702297009103,6.158671142578125,1026.4451904296875
4027,482867,131.46974632969633,6.3293701171875,1054.89501953125
4028,482987,128.48272448428065,6.194107177734375,1032.3511962890625
4029,483107,124.3816954882987,6.003908935546875,1000.6514892578125
4030,483227,130.59949058995448,6.291897216796875,1048.6495361328125
4031,483347,127.59990451377288,6.154204833984375,1025.7008056640625
4032,483467,128.67892560953746,6.2019873046875,1033.66455078125
4033,483587,126.76033695975886,6.113886474609375,1018.9810791015625
4034,483707,123.42334586602723,5.961255249023438,993.5425415039062
4035,483827,131.0159102378094,6.31263427734375,1052.105712890625
4036,483947,130.86610847102926,6.304212890625,1050.7021484375
4037,484067,132.32224051421053,6.371649169921875,1061.9415283203125
4038,484187,135.00672752956166,6.4906962890625,1081.78271484375
4039,484307,128.70733304728378,6.204205810546875,1034.0343017578125
4040,484427,137.5829476490741,6.610499267578125,1101.7498779296875
4041,484547,122.04930326162875,5.898855834960938,983.1426391601562
4042,484667,129.38048304711998,6.233111572265625,1038.8519287109375
4043,484787,126.85624680348053,6.121944580078125,1020.3240966796875
4044,484907,123.02318122148982,5.947491577148438,991.2485961914062
4045,485027,131.45608069219762,6.329486572265625,1054.9144287109375
4046,485147,132.97492544310197,6.3995947265625,1066.59912109375
4047,485267,123.40017390872687,5.958946655273437,993.1577758789062
4048,485387,132.19138299624484,6.364119140625,1060.6865234375
4049,485507,117.98536717426589,5.712121948242188,952.0203247070312
4050,485627,121.4192606532788,5.873127685546875,978.8546142578125
4051,485747,128.50125692493157,6.196298583984375,1032.7164306640625
4052,485867,127.28682205433104,6.1395809326171875,1023.2634887695312
4053,485987,125.73183700505871,6.06619482421875,1011.032470703125
4054,486107,127.66779191377469,6.158763427734375,1026.4605712890625
4055,486227,133.45648629227276,6.421546875,1070.2578125
4056,486347,124.73981238340193,6.0226900634765625,1003.7816772460938
4057,486467,130.39642089717952,6.283004150390625,1047.1673583984375
4058,486587,130.32514098449388,6.27826904296875,1046.378173828125
4059,486707,123.61628165644203,5.967022338867188,994.5037231445312
4060,486827,133.08923377373026,6.3984169921875,1066.40283203125
4061,486947,123.959415142999,5.986899536132812,997.8165893554688
4062,487067,127.98433127485204,6.170262451171875,1028.3770751953125
4063,487187,127.53868063447369,6.147635009765625,1024.6058349609375
4064,487307,123.6116421861469,5.969986083984375,994.9976806640625
4065,487427,133.19578734656199,6.40578076171875,1067.630126953125
4066,487547,133.65595957375405,6.43149609375,1071.916015625
4067,487667,126.27040556317007,6.089128784179687,1014.8547973632812
4068,487787,127.31194165453545,6.1391220703125,1023.18701171875
4069,487907,129.30477321007865,6.228470947265625,1038.0784912109375
4070,488027,125.5284740184226,6.062489868164063,1010.4149780273438
4071,488147,127.37160236628456,6.146848388671875,1024.4747314453125
4072,488267,128.6449901114816,6.198601318359375,1033.1002197265625
4073,488387,119.91656067085705,5.80165576171875,966.942626953125
4074,488507,131.15478407836076,6.315927978515625,1052.6546630859375
4075,488627,125.83290140663047,6.071102416992187,1011.8504028320312
4076,488747,134.40811748578645,6.461504150390625,1076.9173583984375
4077,488867,126.09935965875903,6.083533813476563,1013.9223022460938
4078,488987,128.76173061935665,6.205792236328125,1034.2987060546875
4079,489107,126.50873212095851,6.1019439697265625,1016.9906616210938
4080,489227,121.7671938276217,5.884714599609375,980.7857666015625
4081,489347,129.83292157366057,6.258955078125,1043.1591796875
4082,489467,124.62931007243931,6.0194267578125,1003.23779296875
4083,489587,123.31582769852838,5.958031494140625,993.0052490234375
4084,489707,136.62644739758946,6.56196533203125,1093.660888671875
4085,489827,122.96710639707058,5.93998974609375,989.998291015625
4086,489947,129.82017711812202,6.2541884765625,1042.36474609375
4087,490067,127.70262723413398,6.155033203125,1025.8388671875
4088,490187,126.70070329156299,6.111310546875,1018.5517578125
4089,490307,130.355510268434,6.281945068359375,1046.9908447265625
4090,490427,127.15996977484686,6.130591918945313,1021.7653198242188
4091,490547,124.9388478893047,6.032838500976562,1005.4730834960938
4092,490667,125.65657181420991,6.065816528320313,1010.9694213867188
4093,490787,125.04811840910205,6.033727661132812,1005.6212768554688
4094,490907,126.16287386592683,6.087443481445312,1014.5739135742188
4095,491027,131.88280001970176,6.348503173828125,1058.0838623046875
4096,491147,123.37819514667792,5.956419067382813,992.7365112304688
4097,491267,130.22162005135496,6.27531005859375,1045.885009765625
4098,491387,124.34451351699916,6.0041964111328125,1000.6994018554688
4099,491507,137.6965239710866,6.61703173828125,1102.838623046875
4100,491627,125.6869505774116,6.06425244140625,1010.708740234375
4101,491747,122.82235511680616,5.93234326171875,988.723876953125
4102,491867,124.0802885919909,5.992463745117187,998.7439575195312
4103,491987,121.07537241350948,5.851569580078125,975.2615966796875
4104,492107,125.23369802346375,6.04410205078125,1007.350341796875
4105,492227,126.90643090760223,6.123270263671875,1020.5450439453125
4106,492347,127.6082872921027,6.1505830078125,1025.09716796875
4107,492467,128.92121884237253,6.21139306640625,1035.232177734375
4108,492587,128.96714648176447,6.212244873046875,1035.3741455078125
4109,492707,129.14232424716297,6.224782470703125,1037.4637451171875
4110,492827,125.56023910900448,6.059515869140625,1009.9193115234375
4111,492947,128.95269167808016,6.21226171875,1035.376953125
4112,493067,121.8414523504709,5.884677612304688,980.7796020507812
4113,493187,124.46272885990125,6.009995727539063,1001.6659545898438
4114,493307,126.83852087470228,6.117840087890625,1019.6400146484375
4115,493427,120.07414147037136,5.808052001953125,968.0086669921875
4116,493547,129.191995277184,6.229336669921875,1038.2227783203125
4117,493667,133.88045071350186,6.440168701171875,1073.3614501953125
4118,493787,120.25526870292244,5.816077880859375,969.3463134765625
4119,493907,125.90846382360391,6.075739379882813,1012.6232299804688
4120,494027,131.52632225070943,6.32853662109375,1054.756103515625
4121,494147,123.12919795963656,5.947646484375,991.2744140625
4122,494267,131.4637566143645,6.328943115234375,1054.8238525390625
4123,494387,127.7797272374558,6.16169970703125,1026.949951171875
4124,494507,129.23719612065105,6.228071044921875,1038.0118408203125
4125,494627,120.56529432216973,5.827555297851562,971.2592163085938
4126,494747,128.52470317295047,6.195637939453125,1032.6063232421875
4127,494867,127.40512789431926,6.1394091796875,1023.23486328125
4128,494987,129.4485459013484,6.23762548828125,1039.604248046875
4129,495107,124.52212243000965,6.007826293945312,1001.3043823242188
4130,495227,123.0976259096689,5.9511240234375,991.85400390625
4131,495347,128.14863555919908,6.1830322265625,1030.50537109375
4132,495467,126.21604599620214,6.090184204101562,1015.0307006835938
4133,495587,123.18623499594185,5.950596313476563,991.7660522460938
4134,495707,118.90425129458484,5.756839599609375,959.4732666015625
4135,495827,131.4826461992128,6.330276123046875,1055.0460205078125
4136,495947,129.15923105592663,6.22233251953125,1037.055419921875
4137,496067,134.6970665775379,6.480346435546875,1080.0577392578125
4138,496187,130.96541497653368,6.307163818359375,1051.1939697265625
4139,496307,133.2221404090656,6.411557373046875,1068.5928955078125
4140,496427,129.85782108235713,6.25587451171875,1042.645751953125
4141,496547,130.14673165715908,6.27231591796875,1045.385986328125
4142,496667,132.21506056246258,6.363098876953125,1060.5164794921875
4143,496787,126.50050179416814,6.105818115234375,1017.6363525390625
4144,496907,130.77440507905106,6.30024169921875,1050.040283203125
4145,497027,123.21238033874819,5.9488546142578125,991.4757690429688
4146,497147,131.52528237093782,6.337080322265625,1056.1800537109375
4147,497267,128.3803969189228,6.188975830078125,1031.4959716796875
4148,497387,130.71441544059243,6.295224609375,1049.2041015625
4149,497507,128.15406542101337,6.180037353515625,1030.0062255859375
4150,497627,125.20713957629715,6.042854736328125,1007.1424560546875
4151,497747,122.26958753825565,5.906761596679687,984.4602661132812
4152,497867,126.6398636353593,6.108020141601562,1018.0033569335938
4153,497987,128.28905080236416,6.185395751953125,1030.8992919921875
4154,498107,127.14795234622724,6.13491796875,1022.486328125
4155,498227,135.7755440931936,6.526494873046875,1087.7491455078125
4156,498347,129.53849655497672,6.238342529296875,1039.7237548828125
4157,498467,126.42102057560425,6.10084423828125,1016.807373046875
4158,498587,128.19814486580776,6.18109423828125,1030.182373046875
4159,498707,128.0361565416992,6.173300537109375,1028.8834228515625
4160,498827,124.12925122269746,5.995525268554688,999.2542114257812
4161,498947,121.68487187437385,5.880240966796875,980.0401611328125
4162,499067,138.40983886163104,6.64800732421875,1108.001220703125
4163,499187,123.2310271937308,5.951231323242188,991.8718872070312
4164,499307,125.2165261135715,6.042894653320312,1007.1491088867188
4165,499427,128.20137999534435,6.181401123046875,1030.2335205078125
4166,499547,122.55653822296394,5.920087280273438,986.6812133789062
4167,499667,127.97891735427247,6.17161083984375,1028.601806640625
